metric,value
mae_return,0.007917209916326063
rmse_return,0.01097606282134631
directional_accuracy,0.512853470437018
signal_hit_rate,0.5725490196078431
strategy_cagr,0.1245696552176041
benchmark_cagr,0.17262840964243198
strategy_max_drawdown,-0.19650094980346267
benchmark_max_drawdown,-0.25425096319028584
