metric,value
mae_return,0.007907492432121578
rmse_return,0.010983180995144436
directional_accuracy,0.5160668380462725
signal_hit_rate,0.5375494071146245
strategy_cagr,0.13044880327634623
benchmark_cagr,0.17132390086955174
strategy_max_drawdown,-0.15224624954173693
benchmark_max_drawdown,-0.25425096319028584
