metric,value
mae_return,0.007873859425117235
rmse_return,0.010932019584436454
directional_accuracy,0.5118818240205524
signal_hit_rate,0.5478927203065134
strategy_cagr,0.11660084906385171
benchmark_cagr,0.16587692312853863
strategy_max_drawdown,-0.1755277598496766
benchmark_max_drawdown,-0.25425096319028595
