metric,value
mae_return,0.00787368897571927
rmse_return,0.010935130084218874
directional_accuracy,0.5147814910025706
signal_hit_rate,0.5440613026819924
strategy_cagr,0.1179349992882397
benchmark_cagr,0.16462746102163228
strategy_max_drawdown,-0.16669338574912906
benchmark_max_drawdown,-0.25425096319028595
