metric,value
mae_return,0.007913041079835963
rmse_return,0.010972597048720473
directional_accuracy,0.5131663455362877
signal_hit_rate,0.5725490196078431
strategy_cagr,0.12448510716712735
benchmark_cagr,0.17250873461274163
strategy_max_drawdown,-0.19650094980346267
benchmark_max_drawdown,-0.25425096319028584
