metric,value
mae_return,0.007870564293641606
rmse_return,0.010930563917698415
directional_accuracy,0.5122107969151671
signal_hit_rate,0.5478927203065134
strategy_cagr,0.11888191244122082
benchmark_cagr,0.16829107450229097
strategy_max_drawdown,-0.1755277598496766
benchmark_max_drawdown,-0.25425096319028595
