metric,value
mae_return,0.007913833935625843
rmse_return,0.010986916283986526
directional_accuracy,0.5115681233933161
signal_hit_rate,0.545816733067729
strategy_cagr,0.12918632915252504
benchmark_cagr,0.16832480808243067
strategy_max_drawdown,-0.17312981408718597
benchmark_max_drawdown,-0.25425096319028606
