metric,value
mae_return,0.007918094968244034
rmse_return,0.010987444043751862
directional_accuracy,0.512853470437018
signal_hit_rate,0.5546558704453441
strategy_cagr,0.13595272475990194
benchmark_cagr,0.1678641722263161
strategy_max_drawdown,-0.16860824047787293
benchmark_max_drawdown,-0.25425096319028606
