metric,value
mae_return,0.0078808294118573
rmse_return,0.010930545116408476
directional_accuracy,0.5167095115681234
signal_hit_rate,0.5486381322957199
strategy_cagr,0.12945470656242675
benchmark_cagr,0.17123116364138546
strategy_max_drawdown,-0.1684011914885386
benchmark_max_drawdown,-0.25425096319028606
