metric,value
mae_return,0.007913365621886641
rmse_return,0.010984896622284966
directional_accuracy,0.5118818240205524
signal_hit_rate,0.545816733067729
strategy_cagr,0.13058121066603978
benchmark_cagr,0.16974243817613077
strategy_max_drawdown,-0.17312981408718597
benchmark_max_drawdown,-0.25425096319028606
