metric,value
mae_return,0.007875279655986497
rmse_return,0.01092540206735984
directional_accuracy,0.5150931278098908
signal_hit_rate,0.5490196078431373
strategy_cagr,0.12367382705111529
benchmark_cagr,0.16916111011621093
strategy_max_drawdown,-0.1729238911461144
benchmark_max_drawdown,-0.25425096319028595
