metric,value
mae_return,0.007877349077058343
rmse_return,0.010925514660980042
directional_accuracy,0.5147625160462131
signal_hit_rate,0.5490196078431373
strategy_cagr,0.12174665022675946
benchmark_cagr,0.16712619190036704
strategy_max_drawdown,-0.1729238911461144
benchmark_max_drawdown,-0.25425096319028595
