metric,value
mae_return,0.007910635109255399
rmse_return,0.010981762042981244
directional_accuracy,0.5121951219512195
signal_hit_rate,0.545816733067729
strategy_cagr,0.13126039532743605
benchmark_cagr,0.17041956749049803
strategy_max_drawdown,-0.17312981408718597
benchmark_max_drawdown,-0.25425096319028606
