metric,value
mae_return,0.00787656649852862
rmse_return,0.010927898053092381
directional_accuracy,0.5154241645244216
signal_hit_rate,0.5490196078431373
strategy_cagr,0.12468924025363859
benchmark_cagr,0.1702474727878398
strategy_max_drawdown,-0.1729238911461144
benchmark_max_drawdown,-0.25425096319028595
