date,origin_date,actual_close,predicted_close,actual_return,predicted_return,origin_return_1d,entry_threshold,exit_threshold,signal,position,velocity,acceleration,jerk,opposite_velocity,strategy_return,benchmark_equity,strategy_equity,residual
2020-07-23,2020-07-22,3235.66,3267.8313223606438,-0.012396345287241317,-0.002502710257356573,0.005730639622957057,0.0,0.0,HOLD,0.0,0.38474265239079897,0.27271096751348634,0.7170169499488194,-0.38474265239079897,-0.0,0.9876801728927176,1.0,-0.009893635029884744
2020-07-24,2020-07-23,3215.63,3241.2588198597036,-0.006209630744304917,0.0017288533050864778,-0.012396345287241317,0.0,0.0,ENTER,1.0,-0.8273485297112747,-1.2120911821020737,-1.4848021496155601,0.8273485297112747,-0.006409630744304917,0.9815660466053325,0.9936108671208698,-0.007938484049391395
2020-07-27,2020-07-24,3239.41,3212.3705878687706,0.007367919510066656,-0.0010141294687272288,-0.006209630744304917,0.0,0.0,EXIT,0.0,-0.4230739215994591,0.4042746081118156,1.6163657902138893,0.4230739215994591,-0.0002,0.9888248545491178,0.9934121648183382,0.008382048978793886
2020-07-28,2020-07-27,3218.44,3225.904725627531,-0.0064944443446854905,-0.004177768473379708,0.007367919510066656,0.0,0.0,HOLD,0.0,0.5036917828620556,0.9267657044615147,0.5224910963496991,-0.5036917828620556,-0.0,0.9824237947265291,0.9934121648183382,-0.0023166758713057825
2020-07-29,2020-07-28,3258.44,3217.4609570395264,0.012351783128252691,-0.0003042442618556521,-0.0064944443446854905,0.0,0.0,HOLD,0.0,-0.4597981316528492,-0.9634899145149048,-1.8902556189764197,0.4597981316528492,0.0,0.9946337323947964,0.9934121648183382,0.012656027390108343
2020-07-30,2020-07-29,3246.22,3245.974299282018,-0.0037573107206831935,-0.003833001837360392,0.012351783128252691,0.0,0.0,HOLD,0.0,0.8708436224513946,1.330641754104244,2.2941316686191486,-0.8708436224513946,-0.0,0.9909035964371403,0.9934121648183382,7.569111667719841e-05
2020-07-31,2020-07-30,3271.12,3246.5155777591967,0.007641191392371738,9.10487592976337e-05,-0.0037573107206831935,0.0,0.0,ENTER,1.0,-0.2650325196169637,-1.1358761420683583,-2.4665178961726024,0.2650325196169637,0.007441191392371738,0.9985042826356375,1.000831906490479,0.0075501426330741046
2020-08-03,2020-07-31,3294.61,3266.301202686755,0.007155365883905418,-0.00147421989086418,0.007641191392371738,0.0,0.0,EXIT,0.0,0.5402390995589782,0.8052716191759419,1.9411477612443002,-0.5402390995589782,-0.0002,1.0056745685313278,1.0006317601244845,0.008629585774769598
2020-08-04,2020-08-03,3306.51,3290.8423907662877,0.0036054526780180396,-0.0011442219672121346,0.007155365883905418,0.0,0.0,HOLD,0.0,0.5071858288760374,-0.03305327068294084,-0.8383248898588828,-0.5071858288760374,0.0,1.0093070249876377,1.0006317601244845,0.004749674645230174
2020-08-05,2020-08-04,3327.77,3304.0449392070127,0.006409157519801312,-0.0007457954528521898,0.0036054526780180396,0.0,0.0,HOLD,0.0,0.25789008517314504,-0.24929574370289231,-0.21624247301995148,-0.25789008517314504,0.0,1.0157966068583224,1.0006317601244845,0.007154952972653502
2020-08-06,2020-08-05,3349.16,3321.2179231395503,0.0064071581324238736,-0.001970850017180108,0.006409157519801312,0.0,0.0,HOLD,0.0,0.458129647202866,0.20023956202972093,0.44953530573261324,-0.458129647202866,0.0,1.0223258710264291,1.0006317601244845,0.008378008149603981
2020-08-07,2020-08-06,3351.28,3344.5763470629845,0.0006327942853729951,-0.0013695351641574225,0.0064071581324238736,0.0,0.0,HOLD,0.0,0.4686034950045785,0.01047384780171251,-0.18976571422800842,-0.4686034950045785,0.0,1.0229729977228472,1.0006317601244845,0.002002329449530418
2020-08-10,2020-08-07,3360.47,3347.491497952038,0.0027384827334753226,-0.0011311036517773919,0.0006327942853729951,0.0,0.0,HOLD,0.0,0.04716458888196216,-0.4214389061226163,-0.4319127539243288,-0.04716458888196216,0.0,1.0257782309021313,1.0006317601244845,0.0038695863852527147
2020-08-11,2020-08-10,3333.69,3356.57806512776,-0.00800104654322098,-0.001158823122905866,0.0027384827334753226,0.0,0.0,HOLD,0.0,0.20483321551688763,0.15766862663492548,0.5791075327575418,-0.20483321551688763,-0.0,1.017603677633226,1.0006317601244845,-0.006842223420315114
2020-08-12,2020-08-11,3380.35,3338.210628143842,0.013899455827980134,0.0013551247500796122,-0.00800104654322098,0.0,0.0,ENTER,1.0,-0.5953264389422022,-0.8001596544590898,-0.9578282810940153,0.5953264389422022,0.013699455827980133,1.0318465699232617,1.0144341978012168,0.012544331077900522
2020-08-13,2020-08-12,3373.43,3365.399982393647,-0.0020492235227109745,-0.004432432901192464,0.013899455827980134,0.0,0.0,EXIT,0.0,1.0692384624838611,1.6645649014260633,2.464724555885153,-1.0692384624838611,-0.0002,1.029734250706651,1.014231331248988,0.002383209378481489
2020-08-14,2020-08-13,3372.85,3365.954321409928,-0.00017194661396580102,-0.002218505815865798,-0.0020492235227109745,0.0,0.0,HOLD,0.0,-0.15880899155025216,-1.2280474540341133,-2.8926123554601766,0.15880899155025216,-0.0,1.02955720661046,1.014231331248988,0.002046559201899997
2020-08-17,2020-08-14,3381.99,3367.1378439823416,0.0027062093485916705,-0.0016950052485225134,-0.00017194661396580102,0.0,0.0,HOLD,0.0,-0.013461442168492424,0.14534754938175973,1.373395003415873,0.013461442168492424,0.0,1.03234717736766,1.014231331248988,0.004401214597114184
2020-08-18,2020-08-17,3389.78,3371.6394090747667,0.0023007288895726674,-0.0030651960308458793,0.0027062093485916705,0.0,0.0,HOLD,0.0,0.21297183214579457,0.226433274314287,0.08108572493252728,-0.21297183214579457,0.0,1.034725062728556,1.014231331248988,0.005365924920418546
2020-08-19,2020-08-18,3374.85,3383.693980131269,-0.004414143638946655,-0.0017970162797893892,0.0023007288895726674,0.0,0.0,HOLD,0.0,0.18106158379607434,-0.03191024834972023,-0.25834352266400723,-0.18106158379607434,-0.0,1.0301677034938743,1.014231331248988,-0.002617127359157266
2020-08-20,2020-08-19,3385.51,3372.212463643054,0.003153680820281224,-0.000781832539867698,-0.004414143638946655,0.0,0.0,HOLD,0.0,-0.3484501023171451,-0.5295116861132194,-0.4976014377634992,0.3484501023171451,0.0,1.033421651882468,1.014231331248988,0.003935513360148922
2020-08-21,2020-08-20,3397.16,3380.2513704051303,0.003435228739302687,-0.0015544830406796664,0.003153680820281224,0.0,0.0,HOLD,0.0,0.25111370364411345,0.5995638059612586,1.1290754920744779,-0.25111370364411345,0.0,1.0369777962283506,1.014231331248988,0.004989711779982354
2020-08-24,2020-08-21,3431.28,3389.391805628787,0.009993580954931858,-0.0022892915242863753,0.003435228739302687,0.0,0.0,HOLD,0.0,0.2737277784178381,0.022614074773724624,-0.576949731187534,-0.2737277784178381,0.0,1.0473928730593831,1.014231331248988,0.012282872479218233
2020-08-25,2020-08-24,3443.62,3420.690969082646,0.0035898742533948536,-0.003090800995780245,0.009993580954931858,0.0,0.0,HOLD,0.0,0.7939014650034457,0.5201736865856077,0.4975596118118831,-0.7939014650034457,0.0,1.0511596388300442,1.014231331248988,0.006680675249175099
2020-08-26,2020-08-25,3478.73,3433.355393002727,0.010144040989640501,-0.0029852119670114897,0.0035898742533948536,0.0,0.0,HOLD,0.0,0.28519158676807693,-0.5087098782353687,-1.0288835648209764,-0.28519158676807693,0.0,1.0618769116183662,1.014231331248988,0.013129252956651991
2020-08-27,2020-08-26,3484.55,3473.0825963117304,0.001671626404583293,-0.0016247287602585746,0.010144040989640501,0.0,0.0,HOLD,0.0,0.8046665178051129,0.5194749310370359,1.0281848092724046,-0.8046665178051129,0.0,1.0636534575490995,1.014231331248988,0.0032963551648418675
2020-08-28,2020-08-27,3508.01,3477.451925406734,0.006710014078512572,-0.002039090804264597,0.001671626404583293,0.0,0.0,HOLD,0.0,0.13356677988411983,-0.6710997379209931,-1.190574668958029,-0.13356677988411983,0.0,1.0708145859915397,1.014231331248988,0.008749104882777168
2020-08-31,2020-08-28,3500.31,3486.0681932688613,-0.00219738913128964,-0.006274416187256357,0.006710014078512572,0.0,0.0,HOLD,0.0,0.5362875272164477,0.4027207473323279,1.073820485253321,-0.5362875272164477,-0.0,1.0684641729903979,1.014231331248988,0.004077027055966717
2020-09-01,2020-08-31,3526.65,3500.972331800019,0.0074968758512330425,0.00018920299756713049,-0.00219738913128964,0.0,0.0,ENTER,1.0,-0.18126245678565087,-0.7175499840020986,-1.1202707313344265,0.18126245678565087,0.007296875851233043,1.0765044169449516,1.0216591182199235,0.007307672853665912
2020-09-02,2020-09-01,3580.84,3506.6683540405656,0.01524899790823575,-0.005682012021342254,0.0074968758512330425,0.0,0.0,EXIT,0.0,0.6210635116457708,0.8023259684314217,1.5198759524335204,-0.6210635116457708,-0.0002,1.093045830001038,1.0214548068280997,0.020931009929578005
2020-09-03,2020-09-02,3455.06,3559.4441353509624,-0.035757586556313115,-0.005993018843993242,0.01524899790823575,0.0,0.0,HOLD,0.0,1.2563263765401826,0.6352628648944119,-0.16706310353700982,-1.2563263765401826,-0.0,1.054651681003169,1.0214548068280997,-0.029764567712319872
2020-09-04,2020-09-03,3426.96,3473.563946281758,-0.008166252396865303,0.005341317530819503,-0.035757586556313115,0.0,0.0,ENTER,1.0,-2.741282494214913,-3.9976088707550956,-4.632871735649507,2.741282494214913,-0.008366252396865304,1.046074199791211,1.0129447065636177,-0.013507569927684806
2020-09-08,2020-09-04,3331.84,3394.2947849794623,-0.028148866864059485,-0.009577553030018053,-0.008166252396865303,0.0,0.0,EXIT,0.0,-0.7947894989342414,1.9464929952806715,5.944101866035767,0.7947894989342414,-0.0002,1.017038968016068,1.0127421378798487,-0.018571313834041432
2020-09-09,2020-09-08,3398.96,3313.7831150196803,0.019944798533671815,-0.005434232156739423,-0.028148866864059485,0.0,0.0,HOLD,0.0,-2.5831863736322482,-1.7883968746980068,-3.7348898699786783,2.5831863736322482,0.0,1.0375272434234226,1.0127421378798487,0.02537903069041124
2020-09-10,2020-09-09,3339.19,3368.1915955605173,-0.01774123987058651,-0.009093520672642753,0.019944798533671815,0.0,0.0,HOLD,0.0,1.793377374750275,4.376563748382523,6.16496062308053,-1.793377374750275,-0.0,1.0192825440626132,1.0127421378798487,-0.008647719197943758
2020-09-11,2020-09-10,3340.97,3320.436747483713,0.0005329213797651278,-0.0056319378837410995,-0.01774123987058651,0.0,0.0,HOLD,0.0,-1.5881896659838775,-3.3815670407341525,-7.7581307891166755,1.5881896659838775,0.0,1.0198258862888507,1.0127421378798487,0.006164859263506227
2020-09-14,2020-09-11,3383.54,3316.2332357685773,0.01266131471119003,-0.0074316127069791104,0.0005329213797651278,0.0,0.0,HOLD,0.0,0.047778929928487035,1.6359685959123644,5.017535636646517,-0.047778929928487035,0.0,1.0328203124523063,1.0127421378798487,0.02009292741816914
2020-09-15,2020-09-14,3401.2,3364.5670024115852,0.0052058118315070345,-0.0056232207273604895,0.01266131471119003,0.0,0.0,HOLD,0.0,1.1252893023455204,1.0775103724170334,-0.558458223495331,-1.1252893023455204,0.0,1.0382109999328464,1.0127421378798487,0.010829032558867524
2020-09-16,2020-09-15,3385.49,3392.1742465521934,-0.004629658363745293,-0.002657224063040442,0.0052058118315070345,0.0,0.0,HOLD,0.0,0.46381957592603734,-0.6614697264194831,-1.7389800988365165,-0.46381957592603734,-0.0,1.0334155469136341,1.0127421378798487,-0.0019724343007048507
2020-09-17,2020-09-16,3357.01,3381.437021676631,-0.008447955322131051,-0.0011978786811280928,-0.004629658363745293,0.0,0.0,HOLD,0.0,-0.41215219801482833,-0.8759717739408657,-0.21450204752138258,0.41215219801482833,-0.0,1.0247220712938263,1.0127421378798487,-0.0072500766410029584
2020-09-18,2020-09-17,3319.47,3357.0798839531853,-0.011245565213034325,2.081710385046817e-05,-0.008447955322131051,0.0,0.0,ENTER,1.0,-0.7478077120777332,-0.3356555140629049,0.5403162598779607,0.7478077120777332,-0.011445565213034326,1.0132630447921571,1.0012168144360603,-0.011266382316884793
2020-09-21,2020-09-18,3281.06,3313.981547767391,-0.011638590711243069,-0.0016547806056937033,-0.011245565213034325,0.0,0.0,EXIT,0.0,-1.0375119137910807,-0.28970420171334743,0.04595131234955746,1.0375119137910807,-0.0002,1.001538452146203,1.0010165910961744,-0.009983810105549365
2020-09-22,2020-09-21,3315.57,3287.909731534163,0.010463013638869256,0.0020854819847538728,-0.011638590711243069,0.0,0.0,ENTER,1.0,-1.0682607934854589,-0.03074887969437823,0.2589553220189692,1.0682607934854589,0.010263013638869256,1.0120725758695017,1.0113429370993954,0.008377531654115384
2020-09-23,2020-09-22,3236.92,3308.552807465826,-0.02400729416109293,-0.0021186790652986467,0.010463013638869256,0.0,0.0,EXIT,0.0,1.0031515874219992,2.071412380907458,2.1021612606018363,-1.0031515874219992,-0.0002,0.9880647859292682,1.0111406887374859,-0.021888615095794282
2020-09-24,2020-09-23,3246.59,3240.849860746937,0.002982954347357847,0.0012133377114474809,-0.02400729416109293,0.0,0.0,ENTER,1.0,-2.2228195382981144,-3.225971125720114,-5.297383506627572,2.2228195382981144,0.0027829543473578467,0.9910165383605726,1.013958566306648,0.001769616635910366
2020-09-25,2020-09-24,3298.46,3245.913489980523,0.015850478138508706,-0.0002083972763262499,0.002982954347357847,0.0,0.0,EXIT,0.0,0.28036619557008735,2.503185733868202,5.729156859588316,-0.28036619557008735,-0.0002,1.0068497750318985,1.013755794871206,0.016058875414834955
2020-09-28,2020-09-25,3351.6,3286.765574310984,0.01598215087400412,-0.0035517197856119983,0.015850478138508706,0.0,0.0,HOLD,0.0,1.4671581428055482,1.1867919472354609,-1.316393786632741,-1.4671581428055482,0.0,1.023070677224193,1.013755794871206,0.019533870659616117
2020-09-29,2020-09-28,3335.47,3349.2638464388165,-0.004824244783808496,-0.000697269399698422,0.01598215087400412,0.0,0.0,HOLD,0.0,1.4571923483317928,-0.009965794473755452,-1.1967577417092163,-1.4571923483317928,-0.0,1.0181470198594644,1.013755794871206,-0.004126975384110073
2020-09-30,2020-09-29,3363.0,3333.403754527624,0.008219833784947284,-0.00061966851212046,-0.004824244783808496,0.0,0.0,HOLD,0.0,-0.4457083672706627,-1.9029007156024556,-1.8929349211287,0.4457083672706627,0.0,1.02655050945965,1.013755794871206,0.008839502297067743
2020-10-01,2020-09-30,3380.8,3360.8845540631996,0.00527893512152211,-0.000629233292032125,0.008219833784947284,0.0,0.0,HOLD,0.0,0.7642645611803368,1.2099729284509995,3.112873644053455,-0.7642645611803368,0.0,1.031983931722029,1.013755794871206,0.005908168413554235
2020-10-02,2020-10-01,3348.44,3381.7722263824935,-0.00961780214318253,0.00028753153582544645,0.00527893512152211,0.0,0.0,ENTER,1.0,0.4918141834534134,-0.27245037772692343,-1.4824233061779228,-0.4918141834534134,-0.00981780214318253,1.0221060921483998,1.0038516391307584,-0.009905333679007977
2020-10-05,2020-10-02,3408.63,3350.7084628171865,0.017815885301178724,0.0006772391794212271,-0.00961780214318253,0.0,0.0,HOLD,1.0,-0.8915520608445118,-1.383366244297925,-1.1109158665710017,0.8915520608445118,0.017815885301178724,1.0404789958547274,1.021896409280226,0.017138646121757497
2020-10-06,2020-10-05,3360.95,3408.2797986991623,-0.014086778930183286,-0.00010274488338178861,0.017815885301178724,0.0,0.0,EXIT,0.0,1.6287464125144215,2.5202984733589333,3.9036647176568584,-1.6287464125144215,-0.0002,1.0259247501541509,1.0216920504349356,-0.013984034046801498
2020-10-07,2020-10-06,3419.45,3366.4135709179923,0.017256047320879375,0.001624283290655198,-0.014086778930183286,0.0,0.0,ENTER,1.0,-1.277004170343392,-2.905750582857814,-5.426049056216748,1.277004170343392,0.017056047320879376,1.043781783993993,1.0392675364855795,0.015631764030224177
2020-10-08,2020-10-07,3446.83,3411.9894238643847,0.007975248642445365,-0.0021841894917656256,0.017256047320879375,0.0,0.0,EXIT,0.0,1.5522599866483882,2.8292641569917802,5.7350147398495945,-1.5522599866483882,-0.0002,1.0521394863279236,1.0390597037622475,0.010159438134210991
2020-10-09,2020-10-08,3477.13,3435.86383547708,0.008752272809347872,-0.0031865935241637477,0.007975248642445365,0.0,0.0,HOLD,0.0,0.7181870368598259,-0.8340729497885623,-3.6633371067803426,-0.7181870368598259,0.0,1.0613885141116361,1.0390597037622475,0.01193886633351162
2020-10-12,2020-10-09,3534.22,3468.603778035717,0.016285383484969884,-0.0024550973358343935,0.008752272809347872,0.0,0.0,HOLD,0.0,0.7862320312821741,0.06804499442234824,0.9021179442109105,-0.7862320312821741,0.0,1.0788151476486716,1.0390597037622475,0.01874048082080428
2020-10-13,2020-10-12,3511.93,3523.4782321059843,-0.006326880453748629,-0.003043988517237598,0.016285383484969884,0.0,0.0,HOLD,0.0,1.4415073576348296,0.6552753263526555,0.5872303319303073,-1.4415073576348296,-0.0,1.0720111598830293,1.0390597037622475,-0.003282891936511031
2020-10-14,2020-10-13,3488.67,3507.9953831532334,-0.006645169155040875,-0.0011209854931596326,-0.006326880453748629,0.0,0.0,HOLD,0.0,-0.5596087924079255,-2.0011161500427552,-2.656391476395411,0.5596087924079255,-0.0,1.0649110811289315,1.0390597037622475,-0.005524183661881243
2020-10-15,2020-10-14,3483.34,3483.3418007636233,-0.001528971139844515,-0.00152845417533354,-0.006645169155040875,0.0,0.0,HOLD,0.0,-0.5853778803422642,-0.02576908793433874,1.9753470621084164,0.5853778803422642,-0.0,1.0632841069346342,1.0390597037622475,-5.169645109748787e-07
2020-10-16,2020-10-15,3483.81,3476.297757482764,0.00013491886947036846,-0.002023738926105558,-0.001528971139844515,-0.001127562296261176,-0.002347323558328182,HOLD,0.0,-0.13481926358642135,0.45055861675584286,0.4763277046901816,0.13481926358642135,0.0,1.063427573702237,1.0390597037622475,0.0021586577955759263
2020-10-19,2020-10-16,3426.92,3476.2909331471587,-0.016464623898633235,-0.002160620901954492,0.00013491886947036846,-0.0011311036517773919,-0.0022892915242863753,HOLD,0.0,0.012041871614535531,0.1468611352009569,-0.30369748155488596,-0.012041871614535531,-0.0,1.046061989853542,1.0390597037622475,-0.014304002996678743
2020-10-20,2020-10-19,3443.12,3426.175100366313,0.004716138487298238,-0.00021739071929145813,-0.016464623898633235,-0.0011356950621795518,-0.0022645165263391735,ENTER,1.0,-1.4447524805447773,-1.456794352159313,-1.6036554873602697,1.4447524805447773,0.0045161384872982385,1.051007014609191,1.0437628533247938,0.004933529206589697
2020-10-21,2020-10-20,3435.56,3434.39652094401,-0.0021980970313855153,-0.002536812149470452,0.004716138487298238,-0.0011280682041920642,-0.002239741528391971,EXIT,0.0,0.4145543747066561,1.8593068552514334,3.316101207410746,-0.4145543747066561,-0.0002,1.0486993363898887,1.0435541216279942,0.00033871511808493664
2020-10-22,2020-10-21,3453.49,3419.237262995268,0.00520537388632647,-0.004762436357935112,-0.0021980970313855153,-0.001131759567549129,-0.0022857522388653466,HOLD,0.0,-0.1938050068261876,-0.6083593815328437,-2.467666236784277,0.1938050068261876,0.0,1.0541724409496902,1.0435541216279942,0.009967810244261582
2020-10-23,2020-10-22,3465.39,3440.3194791408637,0.003439866491129706,-0.0038209750132934387,0.00520537388632647,-0.001136350977951289,-0.0023887750112151864,HOLD,0.0,0.4623413235743498,0.6561463304005374,1.2645057119333811,-0.4623413235743498,0.0,1.057804897406,1.0435541216279942,0.007260841504423144
2020-10-26,2020-10-23,3400.97,3452.4746566123085,-0.018764495369547163,-0.003733914736521345,0.003439866491129706,-0.0011409423883534488,-0.0024670005662149382,HOLD,0.0,0.3058787485441806,-0.1564625750301692,-0.8126089054307066,-0.3058787485441806,-0.0,1.038140792791254,1.0435541216279942,-0.015030580633025818
2020-10-27,2020-10-26,3390.68,3416.1576191040995,-0.003030193803752468,0.004455731234622928,-0.018764495369547163,-0.0011456820827815076,-0.002497948965204355,ENTER,1.0,-1.6318486620331414,-1.9377274105773221,-1.781264835547153,1.6318486620331414,-0.003230193803752468,1.034999786326092,1.0401886780142804,-0.007485925038375396
2020-10-28,2020-10-27,3271.03,3385.6617960489016,-0.03592557122600937,-0.001481095558482656,-0.003030193803752468,-0.001137006893723026,-0.0024812844426715924,HOLD,1.0,-0.26403703280194585,1.3678116292311955,3.305539039808518,0.26403703280194585,-0.03592557122600937,0.9984768102758844,1.0034825968375225,-0.03444447566752671
2020-10-29,2020-10-28,3310.11,3295.376946034072,0.011876501443804699,0.0074156407933445925,-0.03592557122600937,-0.001141598304125186,-0.0024646199201388296,HOLD,1.0,-2.8990791500491686,-2.635042117247223,-4.002853746478419,2.8990791500491686,0.011876501443804699,1.0104059193777815,1.0154715116088353,0.0044608606504601064
2020-10-30,2020-10-29,3269.96,3284.7830223158917,-0.012203669046733978,-0.007680822755462101,0.011876501443804699,-0.0011330713990926032,-0.002430226464102191,EXIT,0.0,0.9530751805853203,3.8521543306344888,6.487196447881711,-0.9530751805853203,-0.0002,0.9981501944432588,1.01526843761459,-0.004522846291271877
2020-11-02,2020-10-30,3310.24,3260.0734718613726,0.012242941894852422,-0.0030280199130007656,-0.012203669046733978,-0.0011376628094947631,-0.0024789037965954833,HOLD,0.0,-0.9740915254551878,-1.927166706040508,-5.779321036674997,0.9740915254551878,0.0,1.0104456016752046,1.01526843761459,0.015270961807853187
2020-11-03,2020-11-02,3369.16,3297.2430633205313,0.017642760820757886,-0.003934010368880932,0.012242941894852422,-0.0011422542198969233,-0.002507825541173655,HOLD,0.0,0.9690717994504906,1.9431633249056786,3.8703300309461866,-0.9690717994504906,0.0,1.0284308398605628,1.01526843761459,0.021576771189638817
2020-11-04,2020-11-03,3443.44,3347.66115514932,0.021807516584335218,-0.006401515768105583,0.017642760820757886,-0.0011471421983508807,-0.0025299917710476763,HOLD,0.0,1.374322532102448,0.4052507326519573,-1.5379125922537211,-1.374322532102448,0.0,1.0511046941105362,1.01526843761459,0.0282090323524408
2020-11-05,2020-11-04,3510.45,3408.339469128308,0.019273262670013835,-0.010245758226010768,0.021807516584335218,-0.0011522526028436867,-0.0025909975105769477,HOLD,0.0,1.6653248922539872,0.29100236015153924,-0.11424837250041808,-1.6653248922539872,0.0,1.0715593921893025,1.01526843761459,0.0295190208960246
2020-11-06,2020-11-05,3509.44,3492.001766389426,-0.00028775379869649953,-0.005269090572280217,0.019273262670013835,-0.001157363007336493,-0.002690022853437547,HOLD,0.0,1.4594453317680292,-0.205879560485958,-0.49688192063749725,-1.4594453317680292,-0.0,1.0712510912631799,1.01526843761459,0.004981336773583717
2020-11-09,2020-11-06,3550.5,3492.916564112121,0.011631958050303481,-0.004719401648606411,-0.00028775379869649953,-0.0011685870124614227,-0.002903214991018728,HOLD,0.0,-0.02179658532003392,-1.481241917088063,-1.275362356602105,0.02179658532003392,0.0,1.0837845922796563,1.01526843761459,0.01635135969890989
2020-11-10,2020-11-09,3545.53,3547.8957220082602,-0.0014007834839127042,-0.0007337652648789203,0.011631958050303481,-0.0011822564578392021,-0.0030023351454072002,ENTER,1.0,0.8761029393838656,0.8978995247038996,2.3791414417919627,-0.8761029393838656,-0.0016007834839127043,1.0822675075243742,1.0136445127907139,-0.000667018219033784
2020-11-11,2020-11-10,3572.66,3536.576514756625,0.007622761226929953,-0.002528482166952445,-0.0014007834839127042,-0.0011580930651211795,-0.0029873523643109538,HOLD,1.0,-0.10549804588765764,-0.9816009852715233,-1.879500509975423,0.10549804588765764,0.007622761226929953,1.0905488977478774,1.0214008075144965,0.010151243393882398
2020-11-12,2020-11-11,3537.01,3556.9157978766475,-0.01002867890894521,-0.0044165959272508114,0.007622761226929953,-0.0011705397903725339,-0.0028868155958201762,EXIT,0.0,0.5728881847295815,0.6783862306172391,1.6599872158887625,-0.5728881847295815,-0.0002,1.0796667908010336,1.0211965477796479,-0.0056120829816943985
2020-11-13,2020-11-12,3585.15,3540.812363351292,0.013518576706374574,0.0010744445175052035,-0.01002867890894521,-0.0011842092357503135,-0.003000194748107736,ENTER,1.0,-0.7504644785830898,-1.3233526633126713,-2.0017388939299106,0.7504644785830898,0.013318576706374574,1.094361450784794,1.0348884079857066,0.012444132188869372
2020-11-16,2020-11-13,3626.91,3565.4988971799594,0.011580731916657427,-0.005496326997338389,0.013518576706374574,-0.001158823122905866,-0.0029852119670114897,EXIT,0.0,1.0042692422087616,1.7547337207918514,3.0780863841045227,-1.0042692422087616,-0.0002,1.1071086257104672,1.0346814510004978,0.017077058913995816
2020-11-17,2020-11-16,3609.53,3606.3542946115494,-0.00480347613410359,-0.005683674724830422,0.011580731916657427,-0.0011724925682836454,-0.003013037131904519,HOLD,0.0,0.8560908023738907,-0.1481784398348709,-1.9029121606267223,-0.8560908023738907,-0.0,1.1018034077936047,1.0346814510004978,0.0008801985907268316
2020-11-18,2020-11-17,3567.79,3598.6368937263974,-0.011631213479601499,-0.003022436834966326,-0.00480347613410359,-0.0011861620136614246,-0.0030328104942718152,HOLD,0.0,-0.3558856254336089,-1.2119764278074996,-1.0637979879726287,0.3558856254336089,-0.0,1.0890623378367665,1.0346814510004978,-0.008608776644635174
2020-11-19,2020-11-18,3581.87,3565.4652144964534,0.003938653922539004,-0.0006518161809581455,-0.011631213479601499,-0.001206461505279559,-0.0030277407590990437,ENTER,1.0,-0.8560227824882556,-0.5001371570546467,0.7118392707528529,0.8560227824882556,0.0037386539225390037,1.0933602358959973,1.0385570070330157,0.004590470103497149
2020-11-20,2020-11-19,3557.54,3567.349623173743,-0.006815715636271591,-0.0040620928039268025,0.003938653922539004,-0.0011744453461947568,-0.0030257866817869896,EXIT,0.0,0.2909530750949799,1.1469758575832354,1.647113014637882,-0.2909530750949799,-0.0002,1.0859335413092712,1.0383493164013644,-0.0027536228323447884
2020-11-23,2020-11-20,3577.59,3552.53374786971,0.0056200945950592995,-0.0014082140734758618,-0.006815715636271591,-0.0011881147915725361,-0.0030320120640599736,HOLD,0.0,-0.5023081284298289,-0.7932612035248088,-1.9402370611080442,0.5023081284298289,0.0,1.0920537725654924,1.0383493164013644,0.007028308668535162
2020-11-24,2020-11-23,3635.41,3562.658316956393,0.016032507557284248,-0.004182404909978757,0.0056200945950592995,-0.001215044329431026,-0.0030274616051973215,HOLD,0.0,0.41443507507891075,0.9167432035087396,1.7100044070335483,-0.41443507507891075,0.0,1.1097032374649725,1.0383493164013644,0.020214912467263004
2020-11-25,2020-11-24,3629.65,3617.715633096669,-0.0015856720266285151,-0.004879110855282011,0.016032507557284248,-0.0012751240984912905,-0.0030368026453310233,HOLD,0.0,1.1696782784698108,0.7552432033909,-0.1615000001178396,-1.1696782784698108,-0.0,1.1079450064407423,1.0383493164013644,0.0032934388286534957
2020-11-27,2020-11-25,3638.35,3621.3007443236866,0.002394057279952122,-0.002302941961894182,-0.0015856720266285151,-0.001335203867551556,-0.003048230019959254,HOLD,0.0,-0.1159135235950591,-1.2855918020648698,-2.0408350054557696,0.1159135235950591,0.0,1.1106006678835911,1.0383493164013644,0.004696999241846304
2020-11-30,2020-11-27,3621.63,3628.490895591603,-0.004606081438497611,-0.0027134515807579625,0.002394057279952122,-0.0013753370005551884,-0.003041593226602073,HOLD,0.0,0.17675429149738683,0.29266781509244594,1.5782596171573158,-0.17675429149738683,-0.0,1.1054969139382547,1.0383493164013644,-0.0018926298577396487
2020-12-01,2020-11-30,3662.45,3614.4060087933744,0.011208121636018475,-0.001996671547193944,-0.004606081438497611,-0.001388874618816642,-0.0030360042151191817,HOLD,0.0,-0.3623483158213847,-0.5391026073187716,-0.8317704224112175,0.3623483158213847,0.0,1.1179571553287226,1.0383493164013644,0.01320479318321242
2020-12-02,2020-12-01,3669.01,3649.543233517912,0.001789548534858909,-0.0035303041112575316,0.011208121636018475,-0.0014024122370780959,-0.0030304152036362904,HOLD,0.0,0.8806854305852939,1.2430337464066787,1.7821363537254502,-0.8806854305852939,0.0,1.1199595851063178,1.0383493164013644,0.005319852646116441
2020-12-03,2020-12-02,3666.72,3658.122278305464,-0.0006243414287023796,-0.0029718938581944345,0.001789548534858909,-0.001421415236953525,-0.0030407947963902314,HOLD,0.0,0.14749253690097278,-0.7331928936843212,-1.9762266400909998,-0.14749253690097278,-0.0,1.1192605661748094,1.0383493164013644,0.002347552429492055
2020-12-04,2020-12-03,3699.12,3656.490573908254,0.00879742404541517,-0.002793701653584405,-0.0006243414287023796,-0.0014445172730394367,-0.00303520578490734,HOLD,0.0,-0.05249008551720081,-0.19998262241817358,0.5332102712661476,0.05249008551720081,0.0,1.129150615686107,1.0383493164013644,0.011591125698999574
2020-12-07,2020-12-04,3691.96,3682.8817661659905,-0.0019374711787083498,-0.004399419165461031,0.00879742404541517,-0.0014676193091253482,-0.003029616773424449,HOLD,0.0,0.7540420039506329,0.8065320894678337,1.0065147118860074,-0.7540420039506329,-0.0,1.1269650368434871,1.0383493164013644,0.0024619479867526812
2020-12-08,2020-12-07,3702.25,3683.0363786809357,0.0027832605897479823,-0.002419967472734484,-0.0019374711787083498,-0.001475938807768799,-0.00303999636617839,HOLD,0.0,-0.16594207198675395,-0.9199840759373868,-1.7265161654052206,0.16594207198675395,0.0,1.1301060433086503,1.0383493164013644,0.005203228062482466
2020-12-09,2020-12-08,3672.82,3689.2067184857087,-0.007980983560702981,-0.003529289435049543,0.0027832605897479823,-0.0014783452914352655,-0.0030344073546954985,HOLD,0.0,0.24020106031874372,0.4061431323054977,1.3261272082428845,-0.24020106031874372,-0.0,1.1211225816692216,1.0383493164013644,-0.004451694125653438
2020-12-10,2020-12-09,3668.1,3670.484806744345,-0.001285942538656215,-0.0006360061023822985,-0.007980983560702981,-0.0014807517751017321,-0.003045048892918012,ENTER,1.0,-0.6856118527732727,-0.9258129130920165,-1.331956045397514,0.6856118527732727,-0.0014859425386562152,1.1196818090243656,1.0368075347652894,-0.0006499364362739166
2020-12-11,2020-12-10,3663.46,3661.886636975739,-0.001265760798382587,-0.0016953276506914007,-0.001285942538656215,-0.001476282591149723,-0.003039197935966548,HOLD,1.0,-0.11066741084621413,0.5749444419270586,1.5007573550190751,0.11066741084621413,-0.001265760798382587,1.1182654562548475,1.0354960146427987,0.00042956685230881374
2020-12-14,2020-12-11,3647.49,3659.0014562438146,-0.004368796230528105,-0.001217772011178994,-0.001265760798382587,-0.0014786890748161893,-0.003033608924483657,HOLD,1.0,-0.1095499224216025,0.0011174884246116373,-0.573826953502447,0.1095499224216025,-0.004368796230528105,1.1133906386407895,1.0309820111177563,-0.0031510242193491106
2020-12-15,2020-12-14,3694.62,3647.8245005286676,0.012838447626448257,9.1702839919602e-05,-0.004368796230528105,-0.00147421989086418,-0.0030280199130007656,HOLD,1.0,-0.38122849821805205,-0.27167857579644955,-0.2727960642210612,0.38122849821805205,0.012838447626448257,1.127776997698428,1.0443035506378058,0.012746744786528656
2020-12-16,2020-12-15,3701.17,3678.500920512946,0.0017712784469292586,-0.004372396802115191,0.012838447626448257,-0.0014313161095617728,-0.003026065835688712,EXIT,0.0,1.1244848452082816,1.5057133434263337,1.7773919192227832,-1.1244848452082816,-0.0002,1.1297763749916054,1.044094710812357,0.0061436752490444495
2020-12-17,2020-12-16,3722.48,3693.5228476283983,0.005741126947631514,-0.00206828201123474,0.0017712784469292586,-0.0014544181456476847,-0.0030328104942718152,HOLD,0.0,0.15588513225514863,-0.968599712953133,-2.474313056379467,-0.15588513225514863,0.0,1.1362812192843759,1.044094710812357,0.007809408958866254
2020-12-18,2020-12-17,3709.41,3711.8048319451887,-0.003517278505022148,-0.0028718768874849785,0.005741126947631514,-0.001474563674245104,-0.0030277407590990437,HOLD,0.0,0.5289570406264102,0.3730719083712616,1.3416716213243944,-0.5289570406264102,-0.0,1.1322916221512704,1.044094710812357,-0.0006454016175371693
2020-12-21,2020-12-18,3694.92,3706.0870389321753,-0.003913931036978013,-0.0008962207854170002,-0.003517278505022148,-0.0014769701579115703,-0.0030257866817869896,ENTER,1.0,-0.32329559556763166,-0.8522526361940419,-1.2253245445653036,0.32329559556763166,-0.004113931036978013,1.1278685722309403,1.0398082004256215,-0.003017710251561013
2020-12-22,2020-12-21,3687.26,3706.9541392098126,-0.002075268484142967,0.0032516494030522896,-0.003913931036978013,-0.0014577184365171005,-0.003023832604474936,HOLD,1.0,-0.3638048230982455,-0.04050922753061387,0.8117434086634281,0.3638048230982455,-0.002075268484142967,1.1255303691674667,1.0376525567810335,-0.005326917887195257
2020-12-23,2020-12-22,3690.01,3679.1182508651427,0.0007455332737915654,-0.0022105170744420297,-0.002075268484142967,-0.0014148146552146932,-0.0030187143481708425,HOLD,1.0,-0.1956137533319987,0.16819106976624681,0.20870029729686068,0.1956137533319987,0.0007455332737915654,1.1263698023821593,1.038426449734377,0.002956050348233595
2020-12-24,2020-12-23,3703.06,3682.924848647787,0.0035303368029282467,-0.0019219357497678243,0.0007455332737915654,-0.001437916691300605,-0.0030056856443866496,HOLD,1.0,0.07049129922094319,0.2661050525529419,0.09791398278669511,-0.07049129922094319,0.0035303368029282467,1.1303532945464319,1.0420989235675193,0.0054522725526960705
2020-12-28,2020-12-24,3735.36,3693.5831197155467,0.00868469460336918,-0.002562482822748836,0.0035303368029282467,-0.0014610187273865162,-0.0029926569406024573,HOLD,1.0,0.3348066826331825,0.26431538341223926,-0.0017896691407026655,-0.3348066826331825,0.00868469460336918,1.1402128192135583,1.0511886480740709,0.011247177426118016
2020-12-29,2020-12-28,3727.04,3731.557488594663,-0.0022298465500121267,-0.0010184957152268336,0.00868469460336918,-0.0014752512410069515,-0.0029832142506889315,HOLD,1.0,0.8213533141156808,0.4865466314824983,0.22223124807025907,-0.8213533141156808,-0.0022298465500121267,1.1376731521785577,1.0488472701206797,-0.0012113508347852931
2020-12-30,2020-12-29,3732.04,3729.96066859729,0.0013406481091209344,0.0007833360559928685,-0.0022298465500121267,-0.001441216982170021,-0.002978552912602962,HOLD,1.0,-0.2127171851456808,-1.0340704992613616,-1.5206171307438598,0.2127171851456808,0.0013406481091209344,1.1391993943870915,1.0502543482176692,0.0005573120531280659
2020-12-31,2020-12-30,3756.07,3728.122689668351,0.006418196978792423,-0.0010501944406949965,0.0013406481091209344,-0.0014024122370780957,-0.0029738915745169928,HOLD,1.0,0.1305496195544277,0.3432668047001085,1.37733730396147,-0.1305496195544277,0.006418196978792423,1.146534514441304,1.0570167655518006,0.00746839141948742
2021-01-04,2020-12-31,3700.65,3751.927429330948,-0.014864718123371645,-0.0011035089258946008,0.006418196978792423,-0.0013772709460211105,-0.0029518904640525438,HOLD,1.0,0.6366716881908308,0.5061220686364031,0.16285526393629457,-0.6366716881908308,-0.014864718123371645,1.1296176458019198,1.0414207119247714,-0.013761209197477045
2021-01-05,2021-01-04,3726.86,3713.729842980848,0.007057576170721447,0.0035282402106514782,-0.014864718123371645,-0.0013012417453171293,-0.002916884524304234,HOLD,1.0,-1.4714843478564699,-2.1081560360473004,-2.6142781046837036,1.4714843478564699,0.007057576170721447,1.1376182074590517,1.0487966153091892,0.0035293359600699686
2021-01-06,2021-01-05,3748.14,3715.9927746133585,0.005693660866217698,-0.0029201795166988675,0.007057576170721447,-0.0012157826781739036,-0.002881878584555924,EXIT,0.0,0.6993036447170448,2.1707879925735147,4.278944028620815,-0.6993036447170448,-0.0002,1.1441138942985707,1.0485868769606614,0.008613840382916566
2021-01-07,2021-01-06,3803.79,3744.523831183179,0.014738221178340893,-0.0009652559300851724,0.005693660866217698,-0.001255712799423601,-0.002908103859395395,ENTER,1.0,0.5658746826250274,-0.13342896209201738,-2.3042169546655322,-0.5658746826250274,0.014538221178340893,1.1611009700795487,1.06394281847146,0.015703477108426067
2021-01-08,2021-01-07,3824.68,3791.034779208593,0.005476865536104825,-0.003358927468287328,0.014738221178340893,-0.0012098146791586334,-0.002891197939170534,EXIT,0.0,1.4702304367201775,0.9043557540951501,1.0377847161871676,-1.4702304367201775,-0.0002,1.1674776100268007,1.0637300511852037,0.008835793004392153
2021-01-11,2021-01-08,3799.61,3821.6099691169034,-0.0065763737616642,-0.0008030119340141787,0.005476865536104825,-0.0012167773446764489,-0.002922765233773646,ENTER,1.0,0.5482636909566979,-0.9219667457634796,-1.8263224998586298,-0.5482636909566979,-0.0067763737616642,1.159825031593214,1.0565461865425747,-0.005773361827650022
2021-01-12,2021-01-11,3801.19,3815.1466024178876,0.00041574571696578744,0.004080662006272917,-0.0065763737616642,-0.001203846680143363,-0.002905688727934701,HOLD,1.0,-0.6583921803271541,-1.206655871283852,-0.2846891255203724,0.6583921803271541,0.00041574571696578744,1.1603073241311102,1.0569855324161606,-0.0036649162893071293
2021-01-13,2021-01-12,3809.84,3799.6195002912104,0.002273017902771457,-0.0004132453868444508,0.00041574571696578744,-0.001184209235750313,-0.00288878280770984,HOLD,1.0,0.04164975966858166,0.7000419399957357,1.9066978112795878,-0.04164975966858166,0.002273017902771457,1.1629477231518734,1.0593908120405415,0.002686263289615908
2021-01-14,2021-01-13,3795.54,3805.7152418337964,-0.003760500291052793,-0.0010832456567016152,0.002273017902771457,-0.001158823122905866,-0.0028718768874849785,HOLD,1.0,0.22773516791932635,0.1860854082507447,-0.513956531744991,-0.22773516791932635,-0.003760500291052793,1.1585826704354683,1.0554144538175776,-0.002677254634351178
2021-01-15,2021-01-14,3768.25,3799.488509662607,-0.007215990506594494,0.0010397617371187937,-0.003760500291052793,-0.0011493323717049406,-0.002844515555619778,HOLD,1.0,-0.38668079087449964,-0.614415958793826,-0.8005013670445708,0.38668079087449964,-0.007215990506594494,1.150252440461292,1.0478260051529125,-0.008255752243713287
2021-01-19,2021-01-15,3798.91,3770.5117697858286,0.008103480771509908,0.0006000374922987533,-0.007215990506594494,-0.0011402864725817117,-0.0028171542237545775,HOLD,1.0,-0.7375122316317001,-0.35083144075720046,0.2635845180366256,0.7375122316317001,0.008103480771509908,1.1596113576840195,1.0563515396365555,0.0075034432792111545
2021-01-20,2021-01-19,3851.85,3791.2421656553056,0.013839368887685666,-0.002020469889371354,0.008103480771509908,-0.001131759567549129,-0.002789689149943083,HOLD,1.0,0.8261671871228464,1.5636794187545466,1.914510859511747,-0.8261671871228464,0.013839368887685666,1.1757712101879725,1.0710724070717828,0.01585983877705702
2021-01-21,2021-01-20,3853.07,3841.505800365083,0.00031668077285651464,-0.0026891271213575277,0.013839368887685666,-0.001136350977951289,-0.002761601624453828,HOLD,1.0,1.394557338660048,0.5683901515372016,-0.995289267217345,-1.394557338660048,0.00031668077285651464,1.1761436132868555,1.0714116488222742,0.0030058078942140423
2021-01-22,2021-01-21,3841.47,3852.977192574497,-0.0030151272949279218,-2.4086908161479272e-05,0.00031668077285651464,-0.0011409423883534488,-0.002733514098964573,HOLD,1.0,0.031912555954945965,-1.362644782705102,-1.9310349342423037,-0.031912555954945965,-0.0030151272949279218,1.172602731363058,1.0681860715225269,-0.0029910403867664426
2021-01-25,2021-01-22,3855.36,3845.599252211709,0.0036092820235467116,0.0010743372990132637,-0.0030151272949279218,-0.001132415483320866,-0.0027110191348179193,HOLD,1.0,-0.3149549032830622,-0.34686745923800816,1.015777323467094,0.3149549032830622,0.0036092820235467116,1.1768426322183625,1.0720484222719646,0.002534944724533448
2021-01-26,2021-01-25,3849.62,3863.7195998727743,-0.001489945739473697,0.0021659585272525723,0.0036092820235467116,-0.0011255386645376243,-0.0027025055740277667,HOLD,1.0,0.3778533318495343,0.6928082351325965,1.0396756943706047,-0.3778533318495343,-0.001489945739473697,1.1750905061629677,1.0704523176426082,-0.0036559042667262693
2021-01-27,2021-01-26,3750.77,3849.4172171332584,-0.026013289892048874,-5.267746110830258e-05,-0.001489945739473697,-0.0011174901797066262,-0.0026939920132376147,HOLD,1.0,-0.1826118895209008,-0.5604652213704351,-1.2532734565030315,0.1826118895209008,-0.026013289892048874,1.1449166977002596,1.042965393842604,-0.025960612430940572
2021-01-28,2021-01-27,3787.38,3806.6568352766667,0.009713334927598183,0.01479018064188762,-0.026013289892048874,-0.0011061304109843554,-0.002684341662609965,HOLD,1.0,-2.9317335160771116,-2.749121626556211,-2.188656405185776,2.9317335160771116,0.009713334927598183,1.1560918431511407,1.0531454270274094,-0.005076845714289437
2021-01-29,2021-01-28,3714.24,3755.700329305143,-0.01950040596712732,-0.008399713532234112,0.009713334927598183,-0.001093377291298108,-0.002673175592198985,EXIT,0.0,1.1133035148111856,4.045037030888297,6.794158657444508,-1.1133035148111856,-0.0002,1.1337659721247129,1.0529348190035084,-0.011100692434893209
2021-02-01,2021-01-29,3773.86,3720.5117846267417,0.01592426914071865,0.001687154136718994,-0.01950040596712732,-0.0011004694355156528,-0.0026927757902675932,ENTER,1.0,-2.1485342419583002,-3.261837756769486,-7.306874787657783,2.1485342419583002,0.01572426914071865,1.1519648842192671,1.0696223049110039,0.014237115003999656
2021-02-02,2021-02-01,3826.31,3764.076895540855,0.01380254196564934,-0.0025956996158630744,0.01592426914071865,-0.0010872983105402125,-0.002682746509694111,HOLD,1.0,1.7638229718628635,3.9123572138211635,7.17419497059065,-1.7638229718628635,0.01380254196564934,1.1679751649867838,1.0844881690110453,0.016398241581512416
2021-02-03,2021-02-02,3830.17,3809.6104290550343,0.0010082963259936406,-0.004373957985579057,0.01380254196564934,-0.0010943904547577573,-0.0026715804392831305,EXIT,0.0,1.571180760935575,-0.1926422109272885,-4.104999424748452,-1.571180760935575,-0.0002,1.1691534239717705,1.0842712930655607,0.005382254311572698
2021-02-04,2021-02-03,3871.74,3826.752607039866,0.01079482976893864,-0.000892628373676663,0.0010082963259936406,-0.001101482598975302,-0.0026915595672975714,ENTER,1.0,0.11892129589116499,-1.45225946504441,-1.2596172541171216,-0.11892129589116499,0.01059482976893864,1.1818426016935188,1.0958200332781958,0.011687458142615305
2021-02-05,2021-02-04,3886.83,3878.547112145401,0.0038898969855534204,0.0017566094771153352,0.01079482976893864,-0.0010883114739998617,-0.0026811513567782564,HOLD,1.0,1.2610119576313124,1.1420906617401474,2.5943501267845575,-1.2610119576313124,0.0038898969855534204,1.186448800678873,1.1000909616727077,0.0021332875084380852
2021-02-08,2021-02-05,3915.59,3893.8615830538633,0.007372105129887174,0.0018074447221226625,0.0038898969855534204,-0.0010700251702989675,-0.0026699852863672764,HOLD,1.0,0.4595236257256247,-0.8014883319056876,-1.943578993645835,-0.4595236257256247,0.007372105129887174,1.1952277458623586,1.1082309153258674,0.005564660407764512
2021-02-09,2021-02-08,3911.23,3925.4429365251817,-0.0011141179817588664,0.0025131744225305205,0.007372105129887174,-0.0010486095044215885,-0.0026588192159562964,HOLD,1.0,0.868359492171973,0.40883586644634823,1.2103241983520359,-0.868359492171973,-0.0011141179817588664,1.193896862656516,1.1069969028805333,-0.003627292404289387
2021-02-10,2021-02-09,3909.88,3916.06801696616,-0.0003452195438775618,0.0012361909746585998,-0.0011141179817588664,-0.0010280053328672824,-0.0026387667288872317,HOLD,1.0,-0.13168512268666557,-1.0000446148586386,-1.4088804813049869,0.13168512268666557,-0.0003452195438775618,1.1934847772602117,1.1066148118710837,-0.0015814105185361616
2021-02-11,2021-02-10,3916.38,3913.7782854321435,0.001661074764843562,0.000996537837551945,-0.0003452195438775618,-0.001016967528951972,-0.0026172331723751533,HOLD,1.0,-0.04145302414224401,0.09023209854442156,1.0902767134030602,0.04145302414224401,0.001661074764843562,1.1954688921313061,1.1084545093239888,0.000664536927291617
2021-02-12,2021-02-11,3934.83,3912.442188648744,0.004699921149025954,-0.0010059780611832293,0.001661074764843562,-0.0010141294687272288,-0.0025956996158630744,HOLD,1.0,0.20302947429113158,0.2444824984333756,0.15425039988895406,-0.20302947429113158,0.004699921149025954,1.2011007258807946,1.1136764197864635,0.005705899210209184
2021-02-16,2021-02-12,3932.59,3930.836609481194,-0.0005694370099789126,-0.0010153979465903377,0.004699921149025954,-0.0010088310538236291,-0.002584073738273091,HOLD,1.0,0.5813124504659508,0.3782829761748192,0.1338004777414436,-0.5813124504659508,-0.0005694370099789126,1.2004169693713729,1.113042431741156,0.00044596093661142516
2021-02-17,2021-02-16,3931.33,3939.9614832572993,-0.0003204508720298094,0.0018727055459231822,-0.0005694370099789126,-0.001011684046464029,-0.002572447860683108,HOLD,1.0,-0.070748743631496,-0.6520611940974468,-1.030344170272266,0.070748743631496,-0.0003204508720298094,1.2000323563348212,1.1126858134656687,-0.0021931564179529916
2021-02-18,2021-02-17,3913.97,3934.8683027852703,-0.00442558686962613,0.0008996221269053506,-0.0003204508720298094,-0.0010063856315604292,-0.002561199289084917,HOLD,1.0,-0.04072792773258658,0.03002081589890942,0.6820820099963562,0.04072792773258658,-0.00442558686962613,1.1947332433867939,1.107772406114528,-0.005325208996531481
2021-02-19,2021-02-18,3906.71,3920.1858065895512,-0.0018566165820494973,0.001586848167776233,-0.00442558686962613,-0.0009815447825243949,-0.0025522145534374826,HOLD,1.0,-0.5601802868179737,-0.5194523590853871,-0.5494731749842965,0.5601802868179737,-0.0018566165820494973,1.1925171397000027,1.1057176055748221,-0.0034434647498257304
2021-02-22,2021-02-19,3876.5,3905.793740656037,-0.007762902892533674,-0.00023456228082064572,-0.0018566165820494973,-0.0009479971439181294,-0.002543229817790048,HOLD,1.0,-0.2368814003596473,0.3232988864583264,0.8427512455437135,0.2368814003596473,-0.007762902892533674,1.1832955842760429,1.0971672578744767,-0.007528340611713028
2021-02-23,2021-02-22,3881.37,3882.3475759398875,0.0012554994192246482,0.0015073313375003658,-0.007762902892533674,-0.000903124299883817,-0.002535979151218651,HOLD,1.0,-0.9813600973795633,-0.744478697019916,-1.0677775834782424,0.9813600973795633,0.0012554994192246482,1.1847821441871556,1.098545615812269,-0.0002518319182757175
2021-02-24,2021-02-23,3925.43,3881.8731937847892,0.011287715277781274,0.00012963494068997546,0.0012554994192246482,-0.0008942449589598148,-0.002533063657337349,HOLD,1.0,0.16365753341762443,1.1450176307971878,1.8894963278171037,-0.16365753341762443,0.011287715277781274,1.1982313905287518,1.1110159342391865,0.011158080337091298
2021-02-25,2021-02-24,3829.34,3923.197981589016,-0.024783434790563774,-0.0005687665350913184,0.011287715277781274,-0.0008747050857441658,-0.0025301481634560463,HOLD,1.0,1.4518525137984015,1.288194980380777,0.1431773495835893,-1.4518525137984015,-0.024783434790563774,1.168900067765155,1.0838195452777117,-0.024214668255472457
2021-02-26,2021-02-25,3811.15,3858.7559766969043,-0.004761483718072057,0.007652381118364317,-0.024783434790563774,-0.0008164543999635505,-0.002524616380513064,HOLD,1.0,-2.925768562578639,-4.37762107637704,-5.6658160567578175,2.925768562578639,-0.004761483718072057,1.1633475986105102,1.0786712227133533,-0.012413864836436375
2021-03-01,2021-02-26,3901.82,3810.801720141357,0.02351213008199693,-9.138862896890167e-05,-0.004761483718072057,-0.0007924222369409383,-0.002515596212154509,HOLD,1.0,-0.561995129502872,2.363773433075767,6.741394509452807,0.561995129502872,0.02351213008199693,1.1910244748200571,1.1043335870294835,0.023603518710965832
2021-03-02,2021-03-01,3870.29,3885.5746530363717,-0.008113671312553805,-0.004172222226623809,0.02351213008199693,-0.0007764269768153715,-0.0025065760437959542,EXIT,0.0,2.6516058986679165,3.2136010281707885,0.8498275950950216,-2.6516058986679165,-0.0002,1.1813999914530435,1.1041127423972767,-0.003941449085929996
2021-03-03,2021-03-02,3819.72,3876.556411715122,-0.013152318131986362,0.0016177971651497574,-0.008113671312553805,-0.0007860684186969942,-0.0025233277850332707,ENTER,1.0,-0.9070566648884392,-3.558662563556356,-6.772263591727144,0.9070566648884392,-0.013352318131986363,1.1659635777559363,1.0894682642456401,-0.01477011529713612
2021-03-04,2021-03-03,3768.47,3835.1046245447874,-0.01350803796008293,0.0040195944423718506,-0.013152318131986362,-0.0007656158507107192,-0.0025143076166747155,HOLD,1.0,-1.4412861334708431,-0.5342294685824039,3.024433094973952,1.4412861334708431,-0.01350803796008293,1.1503195951184668,1.0748506355863165,-0.01752763240245478
2021-03-05,2021-03-04,3841.94,3780.2462460747015,0.01930836381558443,0.0031200684312736953,-0.01350803796008293,-0.0007445924340548628,-0.0025052874483161604,HOLD,1.0,-1.4614732729767361,-0.020187139505893015,0.5140423290765109,1.4614732729767361,0.01930836381558443,1.1727461981306593,1.0958058975882774,0.016188295384310734
2021-03-08,2021-03-05,3821.35,3836.7074790990932,-0.00537368403054117,-0.0013628758775734427,0.01930836381558443,-0.0007367728118722376,-0.0024908070269760284,HOLD,1.0,2.0203701600068764,3.4818434329836125,3.5020305724895056,-2.0203701600068764,-0.00537368403054117,1.1664611327159182,1.0899331761425124,-0.004010808152967728
2021-03-09,2021-03-08,3875.44,3837.384880089654,0.014055441418612702,0.004187350461976955,-0.00537368403054117,-0.0007409833776628819,-0.0024741425044432657,HOLD,1.0,-0.5606838676612285,-2.581054027668105,-6.062897460651717,0.5606838676612285,0.014055441418612702,1.1829720209278332,1.105360835346078,0.009868090956635746
2021-03-10,2021-03-09,3898.81,3884.6981727225716,0.006012173623114236,0.0023860856363763744,0.014055441418612702,-0.0007319404716198954,-0.0024574779819105026,HOLD,1.0,1.4528525123322358,2.0135363799934645,4.59459040766157,-1.4528525123322358,0.006012173623114236,1.1901056770105203,1.1120264740147305,0.003626087986737862
2021-03-11,2021-03-10,3939.34,3905.1626623070097,0.010341818218279286,0.001628058934874849,0.006012173623114236,-0.0007082181592525713,-0.0024445583769044208,HOLD,1.0,0.6203007196818612,-0.8325517926503746,-2.846088172643839,-0.6203007196818612,0.010341818218279286,1.202477396352893,1.1235865225915571,0.008713759283404437
2021-03-12,2021-03-11,3943.34,3949.607342880968,0.001014883350162421,0.0026029705185935535,0.010341818218279286,-0.0006813607731393248,-0.002432262924819452,HOLD,1.0,1.059436589392655,0.43913586971079377,1.2716876623611684,-1.059436589392655,0.001014883350162421,1.2036983901197198,1.1247274106820409,-0.0015880871684311325
2021-03-15,2021-03-12,3968.94,3944.5736400978235,0.006470976590856381,0.0003127924985410976,0.001014883350162421,-0.0006518161809581455,-0.002419967472734484,HOLD,1.0,0.10425981550453857,-0.9551767738881164,-1.3943126435989102,-0.10425981550453857,0.006470976590856381,1.211512750227411,1.1320290944611362,0.006158184092315284
2021-03-16,2021-03-15,3962.71,3972.452218715388,-0.0015709218841468697,0.0008845348139606135,0.006470976590856381,-0.000641539629883845,-0.002379008543940379,HOLD,1.0,0.6712279368125313,0.5669681213079928,1.5221448951961092,-0.6712279368125313,-0.0015709218841468697,1.2096110524355783,1.1302521612602079,-0.0024554566981074832
2021-03-17,2021-03-16,3974.12,3967.0905927757176,0.002875205304977868,0.0011048432227454847,-0.0015709218841468697,-0.0006339742592772465,-0.002338049615146273,HOLD,1.0,-0.16284441957978166,-0.834072356392313,-1.4010404777003058,0.16284441957978166,0.002875205304977868,1.2130939371554519,1.133506544538313,0.0017703620822323834
2021-03-18,2021-03-17,3915.46,3978.044211496607,-0.01487052060181071,0.0009869544216592838,0.002875205304977868,-0.0006295719325496336,-0.002302259440013792,HOLD,1.0,0.2985468032421484,0.46139122282193,1.295463579214243,-0.2985468032421484,-0.01487052060181071,1.195188063564936,1.1167754206913683,-0.015857475023469993
2021-03-19,2021-03-18,3913.1,3925.6662902856506,-0.0006029206064699366,0.0026032729666202147,-0.01487052060181071,-0.0006234944240851259,-0.0022974817868510592,HOLD,1.0,-1.5124376073220658,-1.810984410564214,-2.2723756333861442,1.5124376073220658,-0.0006029206064699366,1.1944676772425076,1.1161022967179823,-0.0032061935730901513
2021-03-22,2021-03-19,3940.59,3912.557538288088,0.007000559550654373,-0.00013863671138857655,-0.0006029206064699366,-0.0006069430178631746,-0.002292704133688327,HOLD,1.0,-0.06143507617831084,1.4510025311437549,3.2619869417079688,0.06143507617831084,0.007000559550654373,1.2028589569050252,1.1239430501198322,0.007139196262042949
2021-03-23,2021-03-22,3910.52,3933.102005047538,-0.007660100809948389,-0.0019020294939438827,0.007000559550654373,-0.0005738567327942323,-0.002282212953444318,HOLD,1.0,0.7117030303490092,0.77313810652732,-0.6778644246164349,-0.7117030303490092,-0.007660100809948389,1.1936801362629057,1.1153664238996217,-0.0057580713160045064
2021-03-24,2021-03-23,3889.14,3916.3713524424234,-0.005482303984823744,0.0014951922210353075,-0.007660100809948389,-0.0005916724247544323,-0.002257437955497116,HOLD,1.0,-0.7736509976015361,-1.4853540279505453,-2.2584921344778652,0.7736509976015361,-0.005482303984823744,1.1871539245792164,1.1092683770559861,-0.006977496205859052
2021-03-25,2021-03-24,3909.52,3897.689223050375,0.0052265508159266005,0.00219581712673363,-0.005482303984823744,-0.0005376623054419445,-0.0022326629575499138,HOLD,1.0,-0.5520941229547921,0.221556874646744,1.7069109025972893,0.5520941229547921,0.0052265508159266005,1.193374887821199,1.1150812018770007,0.0030307336891929704
2021-03-26,2021-03-25,3974.54,3911.5481697484897,0.016494413826352528,0.0005186426585048787,0.0052265508159266005,-0.0004365735590814796,-0.0022173075046522327,HOLD,1.0,0.5282787647383985,1.0803728876931906,0.8588160130464466,-0.5282787647383985,0.016494413826352528,1.213222141500968,1.133626337787813,0.01597577116784765
2021-03-29,2021-03-26,3971.09,3978.1994492797053,-0.0008684019308251578,0.0009202991148710901,0.016494413826352528,-0.00035874482435005147,-0.002214511445153914,HOLD,1.0,1.6345677341025642,1.1062889693641655,0.025916081670974922,-1.6345677341025642,-0.0008684019308251578,1.2121690343770797,1.1326423218097705,-0.001788701045696248
2021-03-30,2021-03-29,3958.55,3989.4585097130434,-0.003162819611880252,0.0046148936321421365,-0.0008684019308251578,-0.00029379196470040073,-0.002211715385655595,HOLD,1.0,-0.08603127977066527,-1.7205990138732294,-2.8268879832373948,0.08603127977066527,-0.003162819611880252,1.208341218918079,1.1290656376461057,-0.007777713244022389
2021-03-31,2021-03-30,3972.89,3968.2694291585713,0.0036159929659937973,0.0024522910143895205,-0.003162819611880252,-0.0002484986770276472,-0.002205251557906749,HOLD,1.0,-0.313672322784724,-0.22764104301405874,1.4929579708591707,0.313672322784724,0.0036159929659937973,1.212718481572152,1.1331557214504884,0.0011637019516042768
2021-04-01,2021-03-31,4019.87,3978.4108842685864,0.011755774236888783,0.0013886746926465353,0.0036159929659937973,-0.00022683507813251125,-0.0021960369039700075,HOLD,1.0,0.3662007741614414,0.6798730969461655,0.9075141399602242,-0.3662007741614414,0.011755774236888783,1.2270590533635333,1.1465554520732204,0.010367099544242248
2021-04-05,2021-04-01,4077.91,4018.79554056932,0.014335038467166328,-0.0002673228365219825,0.011755774236888783,-0.00021649137499493723,-0.002186822250033266,HOLD,1.0,1.182658143584253,0.8164573694228114,0.13658427247664595,-1.182658143584253,0.014335038467166328,1.2447756729201904,1.1631097382661395,0.01460236130368831
2021-04-06,2021-04-05,4073.94,4079.463523479214,-0.0009740121110812794,0.0003808881605149632,0.014335038467166328,-0.00022168360967375503,-0.002178297344312842,HOLD,1.0,1.4239312322441737,0.2412730886599208,-0.5751842807628906,-1.4239312322441737,-0.0009740121110812794,1.2435638366066155,1.161977406836335,-0.0013549002715962425
2021-04-07,2021-04-06,4079.95,4074.479846911086,0.001474143283354934,0.00013250346006176555,-0.0009740121110812794,-0.00021379334210537478,-0.0021700483378789457,HOLD,1.0,-0.09820869783868873,-1.5221399300828624,-1.7634130187427832,0.09820869783868873,0.001474143283354934,1.2453983797412722,1.1636915911922863,0.0013416398232931684
2021-04-08,2021-04-07,4097.17,4077.3486008952573,0.004211758040806757,-0.0006378089905019676,0.001474143283354934,-0.00020490924807936643,-0.0021617993314450488,HOLD,1.0,0.14887952195985926,0.247088219798548,1.7692281498814104,-0.14887952195985926,0.004211758040806757,1.2506547579074612,1.1686031144218183,0.004849567031308725
2021-04-09,2021-04-08,4128.8,4097.848154275476,0.007690316372556794,0.0001655040328787155,0.004211758040806757,-0.00021109530921581234,-0.0021480383509577382,HOLD,1.0,0.4272378484867536,0.27835832652689435,0.03127010672834635,-0.4272378484867536,0.007690316372556794,1.2603097661186458,1.17762468699732,0.007524812339678078
2021-04-12,2021-04-09,4127.99,4125.050094740478,-0.00019620215667437435,-0.0009086439599661295,0.007690316372556794,-0.00018398107859806363,-0.0021333587081281925,HOLD,1.0,0.7774067476979191,0.35016889921116545,0.0718105726842711,-0.7774067476979191,-0.00019620215667437435,1.2600625148808617,1.1773936571589954,0.0007124418032917551
2021-04-13,2021-04-12,4141.59,4129.893205938276,0.003289166381145847,0.0004609428165815576,-0.00019620215667437435,-0.0002083972763262499,-0.002118679065298647,HOLD,1.0,-0.01983118444410819,-0.7972379321420272,-1.1474068313531927,0.01983118444410819,0.003289166381145847,1.2642138936880738,1.1812726766666408,0.00282822356456429
2021-04-14,2021-04-13,4124.66,4141.74792897232,-0.004096179929696575,3.81317226684025e-05,0.003289166381145847,-0.00016305290911676184,-0.0021010400963762796,HOLD,1.0,0.33311729204604107,0.35294847649014927,1.1501864086321765,-0.33311729204604107,-0.004096179929696575,1.2590460375699797,1.1764438678236688,-0.004134311652364978
2021-04-15,2021-04-14,4170.42,4128.6766243346065,0.011033158016154232,0.0009733335339478145,-0.004096179929696575,-0.00012786916298654027,-0.0020834011274539124,HOLD,1.0,-0.41646437415173543,-0.7495816661977766,-1.1025301426879257,0.41646437415173543,0.011033158016154232,1.2730142062624783,1.189495627578803,0.010059824482206417
2021-04-16,2021-04-15,4185.47,4169.88840903455,0.0036022533265391843,-0.00012747513403570413,0.011033158016154232,-0.0001045394747821279,-0.0020668224508862327,HOLD,1.0,1.1171571155950275,1.5336214897467628,2.2832031559445394,-1.1171571155950275,0.0036022533265391843,1.2776081953101635,1.193788219019247,0.0037297284605748884
2021-04-19,2021-04-16,4163.26,4182.660102717071,-0.005320582266875817,-0.0006715711524667411,0.0036022533265391843,-0.0001126369836433546,-0.002056605528446683,HOLD,1.0,0.36954231321852815,-0.7476148023764994,-2.2812362921232623,-0.36954231321852815,-0.005320582266875817,1.2708286274198577,1.1874534378968364,-0.004649011114409077
2021-04-20,2021-04-19,4134.94,4167.1169811951595,-0.006825603130707236,0.0009260040642756619,-0.005320582266875817,-0.00012129257137222525,-0.002046388606007133,HOLD,1.0,-0.5437244592662137,-0.9132667724847419,-0.1656519701082425,0.5437244592662137,-0.006825603130707236,1.2621839915507245,1.179375950216212,-0.0077516071949828985
2021-04-21,2021-04-20,4173.42,4138.918086868975,0.009263025469113728,0.0009616039177242735,-0.006825603130707236,-0.00010521790844718002,-0.0020375556164486932,HOLD,1.0,-0.6946375523610342,-0.15091309309482048,0.7623536793899214,0.6946375523610342,0.009263025469113728,1.273929951587599,1.190351293646666,0.008301421551389455
2021-04-22,2021-04-21,4134.98,4161.297682654914,-0.009253351856793657,-0.0029088749863994973,0.009263025469113728,-9.649894345470082e-05,-0.002032182459093029,EXIT,0.0,0.9378997462987503,1.6325372986597846,1.783450391754605,-0.9378997462987503,-0.0002,1.2621962014883925,1.1901132471933755,-0.0063444768703941595
2021-04-23,2021-04-22,4180.17,4135.705751469118,0.010869423861540994,0.00017549970892128883,-0.009253351856793657,-0.0001004736324992112,-0.0020449290456586258,ENTER,1.0,-0.9286537196555498,-1.8665534659543002,-3.4990907646140847,0.9286537196555498,0.010669423861540994,1.2759903785691173,1.2028790506538618,0.010693924152619706
2021-04-26,2021-04-23,4187.62,4173.236090451714,0.0017806378908797882,-0.001660139843730734,0.010869423861540994,-9.309206713083462e-05,-0.0020367880225407413,HOLD,1.0,1.1590444622555347,2.0876981819110845,3.9542516478653846,-1.1590444622555347,0.0017806378908797882,1.2782644794598337,1.2050228507690188,0.0034407777346105225
2021-04-27,2021-04-26,4186.72,4186.394788465094,-0.00021494231270047237,-0.0002926222545810753,0.0017806378908797882,-9.706675617534514e-05,-0.0020314148651850777,HOLD,1.0,0.19104945795432107,-0.9679950043012137,-3.0556931862122982,-0.19104945795432107,-0.00021494231270047237,1.2779897558622961,1.2047638682047705,7.76799418806029e-05
2021-04-28,2021-04-27,4183.18,4188.4533463335665,-0.0008458882928294997,0.00041392489125564007,-0.00021494231270047237,-0.0001010414452198555,-0.0020260417078294137,HOLD,1.0,-0.024148699043381412,-0.21519815699770248,0.7527968473035112,0.024148699043381412,-0.0008458882928294997,1.2769091763786553,1.2037452034520666,-0.0012598131840851397
2021-04-29,2021-04-28,4211.47,4184.667902824528,0.006740032543708807,0.0003556237774605608,-0.0008458882928294997,-9.365987985147893e-05,-0.0020230851187587173,HOLD,1.0,-0.09703442686584735,-0.07288572782246594,0.14231242917523654,0.09703442686584735,0.006740032543708807,1.2855446547945388,1.2118858887215653,0.0063844087662482465
2021-04-30,2021-04-29,4181.17,4218.728572072281,-0.007220643718202524,0.001722041018121995,0.006740032543708807,-7.396860343163197e-05,-0.0020219409559017456,HOLD,1.0,0.7838789522307552,0.8809133790966026,0.9537991069190686,-0.7838789522307552,-0.007220643718202524,1.2762956270108257,1.203166809058582,-0.008942684736324518
2021-05-03,2021-04-30,4192.66,4188.063594651636,0.002744265697041115,0.0016473661853663663,-0.007220643718202524,-4.981840581362e-05,-0.0020207967930447744,HOLD,1.0,-0.8325250972150791,-1.6164040494458343,-2.497317428542437,0.8325250972150791,0.002744265697041115,1.279802931606036,1.2064731531288027,0.0010968995116747487
2021-05-04,2021-05-03,4164.66,4198.5468677428025,-0.006700737740406026,0.0014031041783091815,0.002744265697041115,-3.12345463981851e-05,-0.0020145203038270014,HOLD,1.0,0.31953902352303204,1.152064120738111,2.7684681701839455,-0.31953902352303204,-0.006700737740406026,1.2712559752382475,1.1984159177966724,-0.008103841918715209
2021-05-05,2021-05-04,4167.59,4174.921058678679,0.0007032914568743109,0.002460810389524902,-0.006700737740406026,-6.12530335670004e-06,-0.0020061908840649082,HOLD,1.0,-0.7752526879616459,-1.094791711484678,-2.246855832222789,0.7752526879616459,0.0007032914568743109,1.2721503531724485,1.1992590499224993,-0.0017575189326505909
2021-05-06,2021-05-05,4201.62,4173.437586581523,0.00813223411591224,0.0014021264116040608,0.0007032914568743109,2.1682834791365083e-05,-0.0019978614643028146,HOLD,1.0,0.08173314277635062,0.8569858307379965,1.9517775422226744,-0.08173314277635062,0.00813223411591224,1.282537957643728,1.2090514684350842,0.006730107704308179
2021-05-07,2021-05-06,4232.6,4203.238849594407,0.007346296237811245,0.00038521756126894753,0.00813223411591224,3.29373370230225e-05,-0.0019889250881897935,HOLD,1.0,0.9403391917524709,0.8586060489761204,0.0016202182381238606,-0.9403391917524709,0.007346296237811245,1.291994554367801,1.2179662238132756,0.006961078676542298
2021-05-10,2021-05-07,4188.43,4229.439619470264,-0.010490499399026021,-0.0007469548285751742,0.007346296237811245,5.665268548863312e-05,-0.001979887552684951,HOLD,1.0,0.84615886769636,-0.09418032405611099,-0.9527863730322313,-0.84615886769636,-0.010490499399026021,1.2785117306976164,1.2052559350768415,-0.009743544570450846
2021-05-11,2021-05-10,4152.1,4202.391083398299,-0.008711731693216151,0.0033277068222191857,-0.010490499399026021,3.81317226684025e-05,-0.001970850017180108,HOLD,1.0,-1.1901269651001622,-2.0362858327965223,-1.9421055087404113,1.1901269651001622,-0.008711731693216151,1.2674220548104114,1.1948016722334032,-0.012039438515435336
2021-05-12,2021-05-11,4063.04,4161.715879554106,-0.021682768452684797,0.0023132299250603556,-0.008711731693216151,7.252779647740309e-05,-0.001953730023585809,HOLD,1.0,-0.9797293201130962,0.21039764498706603,2.2466834777835882,0.9797293201130962,-0.021682768452684797,1.2402366285920117,1.1691739087091362,-0.023995998377745152
2021-05-13,2021-05-12,4112.5,4087.520874172921,0.012099654192200049,0.006007181142338033,-0.021682768452684797,9.12449834842242e-05,-0.00193661002999151,HOLD,1.0,-2.317383232289478,-1.3376539121763815,-1.5480515571634474,2.317383232289478,0.012099654192200049,1.2553342165188244,1.1834064394065327,0.006092473049862016
2021-05-14,2021-05-13,4173.85,4093.9974553670177,0.014807755166462044,-0.0045092504043644085,0.012099654192200049,9.16701358885036e-05,-0.0019209404369766273,EXIT,0.0,1.2771724143507206,3.5945556466401984,4.93220955881658,-1.2771724143507206,-0.0002,1.2740612084175327,1.1831697817852025,0.019317005570826454
2021-05-17,2021-05-14,4163.29,4157.828793391465,-0.002533244169402593,-0.0038458579003806982,0.014807755166462044,9.144120767081469e-05,-0.001951284310215195,HOLD,0.0,1.5392795530334125,0.26210713868269186,-3.3324485079575066,-1.5392795530334125,-0.0,1.2708377848731098,1.1831697817852025,0.001312613730978105
2021-05-18,2021-05-17,4127.83,4176.982542010245,-0.008553781927838955,0.00328347886550416,-0.002533244169402593,9.121227945312578e-05,-0.001977305399683567,ENTER,1.0,-0.2632266806343466,-1.802506233667759,-2.064613372350451,0.2632266806343466,-0.008753781927838955,1.2600136751301891,1.1728577719242,-0.011837260793343116
2021-05-19,2021-05-18,4115.68,4143.317295426351,-0.002947775595103508,0.003744900912298203,-0.008553781927838955,9.163743185740517e-05,-0.00196595859043888,HOLD,1.0,-0.8876316390906851,-0.6244049584563385,1.1781012752114206,0.8876316390906851,-0.002947775595103508,1.256304906563453,1.1694055411082802,-0.006692676507401711
2021-05-20,2021-05-19,4159.12,4124.084288799101,0.01049944386861057,0.002039934983321407,-0.002947775595103508,0.00011256549534330784,-0.001948838596844581,HOLD,1.0,-0.30545752794648223,0.5821741111442029,1.2065790696005414,0.30545752794648223,0.01049944386861057,1.2695648988711918,1.181748331778532,0.008459508885289162
2021-05-21,2021-05-20,4155.86,4156.301304391062,-0.0007841270013955182,-0.0006779441747364117,0.01049944386861057,0.00013020864456433353,-0.0019317186032502811,HOLD,1.0,1.0895366780430296,1.3949942059895117,0.8128200948453088,-1.0895366780430296,-0.0007841270013955182,1.268569788951229,1.1808220542098171,-0.00010618282665910642
2021-05-24,2021-05-21,4197.05,4158.283108871524,0.009862511119054673,0.0005828884368239007,-0.0007841270013955182,0.00012394512557441922,-0.0019189498113942331,HOLD,1.0,-0.08684824680990437,-1.1763849248529339,-2.5713791308424456,0.08684824680990437,0.009862511119054673,1.281142972265128,1.1925255428771209,0.009279622682230773
2021-05-25,2021-05-24,4188.13,4199.11932228725,-0.0021275639556268544,0.0004929205807357648,0.009862511119054673,0.0001310692003758705,-0.0019119826218558535,HOLD,1.0,1.0888310623540178,1.1756793091639222,2.352064234016856,-1.0888310623540178,-0.0021275639556268544,1.2784201561651036,1.1899910656032102,-0.0026204845363626194
2021-05-26,2021-05-25,4195.99,4199.817527509445,0.0018749737128445076,0.00278674491819133,-0.0021275639556268544,0.00013745354598430825,-0.001905015432317474,HOLD,1.0,-0.2473849740032474,-1.3362160363572653,-2.5118953455211877,0.2473849740032474,0.0018749737128445076,1.2808194089169174,1.192224360600175,-0.0009117712053468225
2021-05-27,2021-05-26,4200.88,4204.693324854394,0.0011647198427056082,0.0020720523871072963,0.0018749737128445076,0.0001589039183153259,-0.0018810268511129853,HOLD,1.0,0.22023533295709888,0.4676203069603463,1.8038363433176117,-0.22023533295709888,0.0011647198427056082,1.2823120737968652,1.1936137769532509,-0.0009073325444016881
2021-05-28,2021-05-27,4204.11,4214.127731363758,0.000768591077205727,0.003148598962982951,0.0011647198427056082,0.00017000208709787366,-0.0018442722261589116,HOLD,1.0,0.14035897337591527,-0.07987635958118361,-0.54749666654153,-0.14035897337591527,0.000768591077205727,1.2832980262635767,1.1945315304952597,-0.002380007885777224
2021-06-01,2021-05-28,4202.04,4217.287413219389,-0.0004924965749690813,0.0031295100628988912,0.000768591077205727,0.0001768700377858729,-0.0018075176012048394,HOLD,1.0,0.09536730691238994,-0.04499166646352533,0.03488469311765828,-0.09536730691238994,-0.0004924965749690813,1.2826661619892445,1.1939433726525481,-0.0036220066378679725
2021-06-02,2021-06-01,4208.12,4217.200092727189,0.0014458704850337512,0.003601301054478413,-0.0004924965749690813,0.00018577717540567006,-0.001771594122514892,HOLD,1.0,-0.06371383714182771,-0.15908114405421764,-0.11408947759069231,0.06371383714182771,0.0014458704850337512,1.2845220725148208,1.1956709087316253,-0.002155430569444662
2021-06-03,2021-06-02,4192.85,4218.84197348415,-0.0036352984992422677,0.002544684384161011,0.0014458704850337512,0.00022853441287045743,-0.0017360031023305965,HOLD,1.0,0.1883355841092625,0.2520494212510902,0.41113056530530784,-0.1883355841092625,-0.0036352984992422677,1.2798609288099583,1.191332179138283,-0.006179982883403278
2021-06-04,2021-06-03,4229.89,4207.306048436526,0.008795294352097471,0.0034418557522366694,-0.0036352984992422677,0.0002887945839612293,-0.0017004120821463012,HOLD,1.0,-0.4828276680255843,-0.6711632521348467,-0.9232126733859369,0.4828276680255843,0.008795294352097471,1.2911673310907752,1.2018565107779275,0.005353438599860802
2021-06-07,2021-06-04,4226.52,4240.046561540629,-0.000797028568481295,0.002398262687076257,0.008795294352097471,0.0003052142097264027,-0.0016952309300407346,HOLD,1.0,1.1623057550103497,1.645133423035934,2.316296675170781,-1.1623057550103497,-0.000797028568481295,1.290138643842225,1.2008989784446245,-0.003195291255557552
2021-06-08,2021-06-07,4227.26,4239.331994518553,0.00017506961427571355,0.0030267489457552585,-0.000797028568481295,0.00032778344616290946,-0.001695118089281624,HOLD,1.0,-0.10656737409571782,-1.2688731291060675,-2.9140065521420015,0.10656737409571782,0.00017506961427571355,1.290364527689087,1.2011092377700374,-0.002851679331479545
2021-06-09,2021-06-08,4219.55,4245.764422178984,-0.001825541746812931,0.0043678504099823115,0.00017506961427571355,0.0003556237774605608,-0.0016950052485225134,HOLD,1.0,0.02340443063037536,0.12997180472609318,1.3988449338321607,-0.02340443063037536,-0.001825541746812931,1.2880110622035277,1.1989185629066013,-0.006193392156795242
2021-06-10,2021-06-09,4239.18,4234.609550455284,0.004641367023083376,0.003562640684482189,-0.001825541746812931,0.0003720456264459225,-0.0016828023568453909,HOLD,1.0,-0.2448099777259267,-0.26821440835630206,-0.3981862130823952,0.2448099777259267,0.004641367023083376,1.2940030891142313,1.2044961177145452,0.001078726338601187
2021-06-11,2021-06-10,4247.44,4244.795011150028,0.0019465941937433229,0.0013236748016097017,0.004641367023083376,0.00038218698074115855,-0.0016705994651682683,HOLD,1.0,0.6218746759485068,0.8666846536744335,1.1348990620307355,-0.6218746759485068,0.0019465941937433229,1.2965244412427288,1.206843066400924,0.0006229193921336211
2021-06-14,2021-06-11,4255.15,4260.249334443013,0.0018135655401927409,0.003011239272753767,0.0019465941937433229,0.0003850010912312484,-0.0016598718818288825,HOLD,1.0,0.26091034729401763,-0.36096432865448913,-1.2276489823289225,-0.26091034729401763,0.0018135655401927409,1.2988779067282872,1.2090337412643593,-0.001197673732561026
2021-06-15,2021-06-14,4246.59,4274.963372265547,-0.0020137061101781484,0.004645520412993088,0.0018135655401927409,0.0004024419592609629,-0.001657996148515922,HOLD,1.0,0.25329186610101945,-0.007618481192998183,0.35334584746149095,-0.25329186610101945,-0.0020137061101781484,1.2962649800672783,1.2066015523109217,-0.006659226523171236
2021-06-16,2021-06-15,4223.7,4264.383778111628,-0.005404786783293147,0.00418137912322457,-0.0020137061101781484,0.00042567937258711946,-0.001656120415202961,HOLD,1.0,-0.28089320385886546,-0.5341850699598849,-0.5265665887668867,0.28089320385886546,-0.005404786783293147,1.2892778432366117,1.2000977199342622,-0.009586165906517717
2021-06-17,2021-06-16,4221.86,4241.284325451538,-0.00043573191810075684,0.004154609168482766,-0.005404786783293147,0.0004562410240489661,-0.0016517754211501905,HOLD,1.0,-0.7524968179872359,-0.47160361412837043,0.06258145583151448,0.7524968179872359,-0.00043573191810075684,1.2887161861038696,1.199574912962961,-0.004590341086583523
2021-06-18,2021-06-17,4166.45,4238.775246168687,-0.013211434948255274,0.003998581244595524,-0.00043573191810075684,0.0004785305868663719,-0.0016412572752478958,HOLD,1.0,-0.061438581266853386,0.6910582367203825,1.162661850848753,0.061438581266853386,-0.013211434948255274,1.271802369948902,1.1838310356370252,-0.0172100161928508
2021-06-21,2021-06-18,4224.79,4189.796381301807,0.013905201143733947,0.005587782117089263,-0.013211434948255274,0.000498064996289588,-0.0016307391293456004,HOLD,1.0,-1.8136146293773083,-1.752176048110455,-2.4432342848308375,1.8136146293773083,0.013905201143733947,1.2896105640380702,1.200407426237911,0.008317419026644684
2021-06-22,2021-06-21,4246.44,4238.335765122004,0.005111429423335423,0.0032011285345737786,0.013905201143733947,0.0005147843468395114,-0.0016141919023217389,HOLD,1.0,1.8661685713054708,3.6797832006827793,5.431959248793234,-1.8661685713054708,0.005111429423335423,1.2962191928010207,1.20655893217739,0.0019103008887616443
2021-06-23,2021-06-22,4241.84,4256.618824426839,-0.0010838474815404453,0.0023941570907808013,0.005111429423335423,0.0005507655476643897,-0.0015896059004691205,HOLD,1.0,0.7100979590842846,-1.1560706122211861,-4.835853812903966,-0.7100979590842846,-0.0010838474815404453,1.2948150499691717,1.2052519147491423,-0.0034780045723212466
2021-06-24,2021-06-23,4266.49,4254.910937041419,0.0057943377765710125,0.003076693067527632,-0.0010838474815404453,0.0005854607951451287,-0.001565019898616503,HOLD,1.0,-0.15054991030225703,-0.8606478693865417,0.2954227428346444,0.15054991030225703,0.0057943377765710125,1.3023394240572401,1.2122558233592169,0.0027176447090433804
2021-06-25,2021-06-24,4280.7,4278.37353682723,0.003325072472303958,0.002781447459606211,0.0057943377765710125,0.0005966076812037829,-0.0015492772676104413,HOLD,1.0,0.8045180154183604,0.9550679257206175,1.8157157951071592,-0.8045180154183604,0.003325072472303958,1.3066770044138938,1.2162933706756152,0.0005436250126977472
2021-06-28,2021-06-25,4290.61,4289.836339711451,0.002312366351411299,0.0021320353383121613,0.003325072472303958,0.0006347782515038678,-0.001540167164739297,HOLD,1.0,0.46176916547689373,-0.3427488499414667,-1.2978167756620842,-0.46176916547689373,0.002312366351411299,1.3097020164712059,1.2191091408308212,0.00018033101309913781
2021-06-29,2021-06-28,4291.8,4298.659755078828,0.00027731138634301544,0.0018743752763905421,0.002312366351411299,0.0006878488670783906,-0.001531057061868153,HOLD,1.0,0.32711071415368664,-0.13465845132320708,0.20809039861825962,-0.32711071415368664,0.00027731138634301544,1.3100652621168387,1.2194472605568265,-0.0015970638900475267
2021-06-30,2021-06-29,4297.5,4299.729126373966,0.0013272329146101214,0.0018458014885441246,0.00027731138634301544,0.0007568118368499581,-0.0015166145211208191,HOLD,1.0,0.04047075202356556,-0.2866399621301211,-0.15198151080691402,-0.04047075202356556,0.0013272329146101214,1.3118051782345657,1.2210668256309607,-0.0005185685739340033
2021-07-01,2021-06-30,4319.94,4306.967968070076,0.005208054995812006,0.002200710590456898,0.0013272329146101214,0.0008238155591799671,-0.0015000390052230098,HOLD,1.0,0.193807891187764,0.15333713916419844,0.43997710129431955,-0.193807891187764,0.005208054995812006,1.318654953266465,1.227442797607031,0.003007344405355108
2021-07-02,2021-07-01,4352.34,4331.532964670923,0.007472118231364178,0.0026799994999782252,0.005208054995812006,0.0008852891796078506,-0.0014834634893252008,HOLD,1.0,0.7580300858667482,0.5642221946789843,0.4108850555147858,-0.7580300858667482,0.007472118231364178,1.3285450027777623,1.2366487464494844,0.004792118731385952
2021-07-06,2021-07-02,4343.54,4363.3569778585825,-0.0020239476634920095,0.002528078650323786,0.007472118231364178,0.0008950959330219297,-0.0014790328581971131,HOLD,1.0,1.0814254377586672,0.3233953518919189,-0.24082684278706534,-1.0814254377586672,-0.0020239476634920095,1.3258588164907423,1.2341483652823975,-0.004552026313815795
2021-07-07,2021-07-06,4358.13,4358.290525269397,0.0033533824363036757,0.0033902152781679464,-0.0020239476634920095,0.0009068590726933593,-0.0014766263745306467,HOLD,1.0,-0.29486798403107806,-1.3762934217897453,-1.6996887736816642,0.29486798403107806,0.0033533824363036757,1.3303123912552435,1.238293883603737,-3.683284186427067e-05
2021-07-08,2021-07-07,4320.82,4366.7840325529005,-0.008597867216574073,0.0019837525868131424,0.0033533824363036757,0.0009202991148710901,-0.00147421989086418,HOLD,1.0,0.4881141221783535,0.7829821062094315,2.159275527999177,-0.4881141221783535,-0.008597867216574073,1.3189235718951657,1.2276928357237387,-0.010581619803387215
2021-07-09,2021-07-08,4369.55,4335.763455468899,0.011214829918571922,0.0034525099629393987,-0.008597867216574073,0.0009240073319840618,-0.001451117854778269,HOLD,1.0,-1.2334126583400613,-1.7215267805184147,-2.504508886727846,1.2334126583400613,0.011214829918571922,1.3337983284595352,1.2415386964364794,0.007762319955632524
2021-07-12,2021-07-09,4384.63,4366.887043772898,0.003445214723939216,-0.0006096206717293297,0.011214829918571922,0.0009366840203102458,-0.001428015818692358,HOLD,1.0,1.5859111012967932,2.8193237596368546,4.540850540155269,-1.5859111012967932,0.003445214723939216,1.3384014749604722,1.2458234405273494,0.004054835395668546
2021-07-13,2021-07-12,4369.21,4389.552224407516,-0.0035230289676473348,0.0011219791880274514,0.003445214723939216,0.0009257188168054334,-0.0014062801280099399,HOLD,1.0,0.495339753474854,-1.0905713478219392,-3.9098951074587935,-0.495339753474854,-0.0035230289676473348,1.3336945439893544,1.2414420908004777,-0.004645008155674786
2021-07-14,2021-07-13,4374.3,4378.305457430238,0.0011642922750674245,0.0020795529318709924,-0.0035230289676473348,0.0009473639763448287,-0.0013927425097484865,HOLD,1.0,-0.5055996827136607,-1.0009394361885147,0.08963191163342454,0.5055996827136607,0.0011642922750674245,1.3352482585576406,1.2428883339982573,-0.0009152606568035679
2021-07-15,2021-07-14,4360.03,4376.185613053294,-0.0032675689369963123,0.0004309733575625256,0.0011642922750674245,0.0009645363217801587,-0.0013792048914870324,HOLD,1.0,0.16817871198582296,0.6737783946994838,1.6747178308879984,-0.16817871198582296,-0.0032675689369963123,1.3308923632944862,1.2388337386284487,-0.003698542294558838
2021-07-16,2021-07-15,4327.16,4365.176943991819,-0.007567500391697735,0.0011797873957283484,-0.0032675689369963123,0.0009580439323794126,-0.0013688692354990246,HOLD,1.0,-0.4755347677089451,-0.6437134796947681,-1.3174918743942519,0.4755347677089451,-0.007567500391697735,1.3208588470155873,1.2294942467009355,-0.008747287787426082
2021-07-19,2021-07-16,4258.49,4332.023312031575,-0.015996800327963356,0.0011232728001430092,-0.007567500391697735,0.0009680552066472213,-0.0013665384851946317,HOLD,1.0,-1.1020075044460145,-0.6264727367370694,0.01724074295769873,1.1020075044460145,-0.015996800327963356,1.2998974365235878,1.209982749570958,-0.017120073128106365
2021-07-20,2021-07-19,4323.06,4268.050495711624,0.015048847488143835,0.0022425272531150023,-0.015996800327963356,0.0009760577114901086,-0.0013642077348902386,HOLD,1.0,-2.2585242814713724,-1.156516777025358,-0.5300440402882886,2.2585242814713724,0.015048847488143835,1.3196073284045882,1.2283292963844508,0.012806320235028833
2021-07-21,2021-07-20,4358.69,4316.4483345597155,0.00820806865888457,-0.0015305655078914633,0.015048847488143835,0.0009849112885025634,-0.0013411102976142765,EXIT,0.0,2.088337974425224,4.346862255896596,5.503379032921954,-2.088337974425224,-0.0002,1.3304833303825987,1.2280836550901222,0.009738634166776033
2021-07-22,2021-07-21,4367.48,4357.3034371179965,0.002014630238242887,-0.00031816519911426373,0.00820806865888457,0.0009801439778035492,-0.0013662055208654325,HOLD,0.0,1.1287132125520123,-0.9596247618732119,-5.306487017769808,-1.1287132125520123,0.0,1.333166464185201,1.2280836550901222,0.002332795437357151
2021-07-23,2021-07-22,4411.79,4376.3898181471,0.010094319060165446,0.002037958344794285,0.002014630238242887,0.0009753766671045349,-0.0013638747705610396,ENTER,1.0,0.2769947832346632,-0.8517184293173491,0.1079063325558628,-0.2769947832346632,0.009894319060165446,1.346692022637224,1.240295018547544,0.008056360715371162
2021-07-26,2021-07-23,4422.3,4422.042836669334,0.0023794199422138007,0.0023212667621548126,0.010094319060165446,0.00098423024411699,-0.0013338551042945547,HOLD,1.0,1.3696252291117181,1.092630445877055,1.9443488751944042,-1.3696252291117181,0.0023794199422138007,1.3499001837595628,1.2432497150868036,5.815318005898814e-05
2021-07-27,2021-07-26,4401.46,4436.966638031332,-0.004723618672649366,0.0033110305919612556,0.0023794199422138007,0.0009912669588109815,-0.0012830687510564963,HOLD,1.0,0.3244881398727759,-1.0451370892389422,-2.137767535115997,-0.3244881398727759,-0.004723618672649366,1.343538806234395,1.2373909257549154,-0.008034649264610621
2021-07-28,2021-07-27,4400.64,4416.8131697527,-0.0001863191743716186,0.0034821296574817345,-0.004723618672649366,0.0010008602275086295,-0.00123228239781844,HOLD,1.0,-0.6476524062784329,-0.9721405461512088,0.0729965430877334,0.6476524062784329,-0.0001863191743716186,1.3432885025121966,1.2371603975758307,-0.003668448831853353
2021-07-29,2021-07-28,4419.15,4403.098891791596,0.004197385011620369,0.0005586017226900549,-0.0001863191743716186,0.0010289557622270816,-0.0012127986786662688,HOLD,1.0,-0.025556790385028033,0.6220956158934049,1.5942361620446137,0.025556790385028033,0.004197385011620369,1.3489386511681876,1.2423641495208042,0.003638783288930314
2021-07-30,2021-07-29,4395.26,4422.386414856149,-0.005420682382194286,0.000732093348676262,0.004197385011620369,0.0010138273973786848,-0.0012058360131484533,HOLD,1.0,0.5800910766166756,0.6056478670017036,-0.016447748891701308,-0.5800910766166756,-0.005420682382194286,1.3416462658958133,1.235647907815486,-0.006152775730870548
2021-08-02,2021-07-30,4387.16,4400.095428489652,-0.0018445946098477606,0.0010995414605202123,-0.005420682382194286,0.000998699032530288,-0.001198873347630638,HOLD,1.0,-0.744306321518336,-1.3243973981350114,-1.930045265136715,0.744306321518336,-0.0018445946098477606,1.3391737535179882,1.2333707392171986,-0.0029441360703679727
2021-08-03,2021-08-02,4423.15,4395.25310181925,0.008170019032652576,0.0018430251495281172,-0.0018445946098477606,0.0010267945672487399,-0.001186162013661425,HOLD,1.0,-0.2551900312889732,0.48911629022936276,1.8135136883643743,0.2551900312889732,0.008170019032652576,1.3501596449350122,1.2434886772236597,0.0063269938831244585
2021-08-04,2021-08-03,4402.66,4423.898726219621,-0.00464320822964126,0.00016926011025350724,0.008170019032652576,0.0010518631837818579,-0.0011724925682836459,HOLD,1.0,1.1281618785793273,1.3833519098683005,0.8942356196389377,-1.1281618785793273,-0.00464320822964126,1.343905104364444,1.2377282840657737,-0.004812468339894767
2021-08-05,2021-08-04,4429.1,4402.100803482467,0.005987499431546084,-0.00012702139916473116,-0.00464320822964126,0.0010397617371187937,-0.001158823122905866,HOLD,1.0,-0.651522461769512,-1.7796843403488394,-3.16303625021714,0.651522461769512,0.005987499431546084,1.3519758731631675,1.2451614121816608,0.006114520830710815
2021-08-06,2021-08-05,4436.52,4432.209908206497,0.0016738821949289218,0.0007019071370693554,0.005987499431546084,0.0010246333722703969,-0.00115371271841306,HOLD,1.0,0.8498601956027236,1.5013826573722358,3.281066997721075,-0.8498601956027236,0.0016738821949289218,1.354240816600633,1.2472474110704632,0.0009719750578595663
2021-08-09,2021-08-06,4432.35,4435.953481236592,-0.0009403678951880323,-0.00012770255450786578,0.0016738821949289218,0.001009505007422,-0.0011486023139202542,HOLD,1.0,0.2623505681594423,-0.5875096274432814,-2.0888922848155174,-0.2623505681594423,-0.0009403678951880323,1.3529679305987141,1.2460750909402323,-0.0008126653406801665
2021-08-10,2021-08-09,4436.75,4439.925699447703,0.0009922089864762285,0.001707724499425314,-0.0009403678951880323,0.000996058666757312,-0.0011435660514403975,HOLD,1.0,-0.15088532722183295,-0.41323589538127525,0.17427373206200614,0.15088532722183295,0.0009922089864762285,1.3543110237422245,1.2473120714133765,-0.0007155155129490855
2021-08-11,2021-08-10,4447.7,4444.584050193266,0.0024649821979920716,0.0017641611453402812,0.0009922089864762285,0.0010224721772920538,-0.0011389746410382375,HOLD,1.0,0.16612448963177284,0.3170098168536058,0.7302457122348811,-0.16612448963177284,0.0024649821979920716,1.357653494178913,1.2503904659999494,0.0007008210526517904
2021-08-12,2021-08-11,4460.83,4455.7591344398315,0.002947738741944761,0.0018103383233805891,0.0024649821979920716,0.0010484056275924113,-0.0011343832306360776,HOLD,1.0,0.4137855958611401,0.24766110622936727,-0.06934871062423853,-0.4137855958611401,0.002947738741944761,1.361661406218521,1.2540817281845786,0.0011374004185641718
2021-08-13,2021-08-12,4468.0,4469.27772751146,0.001606033834480769,0.0018919659849894596,0.002947738741944761,0.0010708797428238168,-0.001130091835915616,HOLD,1.0,0.5060691395517816,0.09228354369064146,-0.1553775625387258,-0.5060691395517816,0.001606033834480769,1.3638500375455596,1.2560974440919523,-0.0002859321505086906
2021-08-16,2021-08-13,4479.71,4474.446476358854,0.0026174309818660646,0.0014417704355489287,0.001606033834480769,0.0010743962691838306,-0.0011265504803994004,HOLD,1.0,0.27698893972914235,-0.22908019982263922,-0.3213637435132807,-0.27698893972914235,0.0026174309818660646,1.367424496797944,1.2593894989420669,0.0011756605463171359
2021-08-17,2021-08-16,4448.08,4492.13552855462,-0.007085769790768026,0.0027698953263200323,0.0026174309818660646,0.0010794639061082057,-0.0011230091248831844,HOLD,1.0,0.4611551627832106,0.18416622305406827,0.4132464228767075,-0.4611551627832106,-0.007085769790768026,1.3577694885867613,1.2504972961317207,-0.009855665117088058
2021-08-18,2021-08-17,4400.27,4455.551669557183,-0.010806639720144062,0.0016783424086600951,-0.007085769790768026,0.001095776919067961,-0.001118364008069878,HOLD,1.0,-1.2277473157073275,-1.6889024784905382,-1.8730687015446064,1.2277473157073275,-0.010806639720144062,1.3431755605887645,1.2370563787633158,-0.012484982128804157
2021-08-19,2021-08-18,4405.8,4411.9089354269,0.0012559520255734924,0.0026415582979107907,-0.010806639720144062,0.0011021923416328484,-0.0011122472095271168,HOLD,1.0,-1.8448734613627644,-0.6171261456554369,1.0717763328351013,1.8448734613627644,0.0012559520255734924,1.3448635844714012,1.238611038312515,-0.0013856062723372983
2021-08-20,2021-08-19,4441.67,4410.509446600891,0.008108577149078755,0.0010683488544385607,0.0012559520255734924,0.0011074136175377798,-0.0011061304109843556,HOLD,1.0,0.21486203961970438,2.0597355009824687,2.6768616466379056,-0.21486203961970438,0.008108577149078755,1.3558128460754226,1.2486952404878926,0.007040228294640194
2021-08-23,2021-08-20,4479.53,4438.760846891528,0.008487698356534068,-0.0006551828988246483,0.008108577149078755,0.0011037828703004302,-0.001099456272056004,HOLD,1.0,1.3699354419776124,1.1550734023579081,-0.9046620986245606,-1.3699354419776124,0.008487698356534068,1.3673695520784386,1.2593388951954398,0.009142881255358717
2021-08-24,2021-08-23,4486.23,4488.0094089323375,0.0014945751943340468,0.0018911344735281434,0.008487698356534068,0.001101927253521585,-0.0010923641278384588,HOLD,1.0,1.4149814444714963,0.04504600249388391,-1.1100273998640242,-1.4149814444714963,0.0014945751943340468,1.3694147166378723,1.2612224790977253,-0.00039655927919409655
2021-08-25,2021-08-24,4496.19,4497.5105283732855,0.0022176660815187432,0.00251132237541168,0.0014945751943340468,0.0011065568192736813,-0.001085271983620914,HOLD,1.0,0.24915544920209068,-1.1658259952694057,-1.2108719977632896,-0.24915544920209068,0.0022176660815187432,1.3724549911172719,1.2640225530778415,-0.0002936562938929367
2021-08-26,2021-08-25,4470.0,4508.947460933627,-0.005841962859470584,0.002833375842119299,0.0022176660815187432,0.0011176951967069597,-0.0010749828526999605,HOLD,1.0,0.3698139262318199,0.12065847702972923,1.2864844722991349,-0.3698139262318199,-0.005841962859470584,1.3644605344289722,1.25665970794338,-0.008675338701589883
2021-08-27,2021-08-26,4509.37,4486.559312475976,0.008769045552897481,0.003697699253961253,-0.005841962859470584,0.0011224966328736744,-0.0010634149270976443,HOLD,1.0,-0.9634497734190302,-1.33326369965085,-1.4539221766805792,0.9634497734190302,0.008769045552897481,1.3764781655789649,1.267727871858756,0.005071346298936227
2021-08-30,2021-08-27,4528.79,4516.799502630855,0.0042973414690568035,0.0016462142233273774,0.008769045552897481,0.0011260985299222767,-0.0010518470014953278,HOLD,1.0,1.4342781725550047,2.397727945974035,3.7309916456248846,-1.4342781725550047,0.0042973414690568035,1.382406090316909,1.2731874538561299,0.002651127245729426
2021-08-31,2021-08-30,4522.68,4539.836022772189,-0.0013500571571327669,0.002436097421424994,0.0042973414690568035,0.0011628330170527475,-0.0010406848230545477,HOLD,1.0,0.7107077082922534,-0.7235704642627513,-3.1212984102367862,-0.7107077082922534,-0.0013500571571327669,1.3805410223380807,1.2714697377900144,-0.003786154578557761
2021-09-01,2021-08-31,4524.09,4530.647761816157,0.0003117134648977782,0.0017601845604084854,-0.0013500571571327669,0.0011915300062300446,-0.001029590269140691,HOLD,1.0,-0.22315043196345977,-0.9338581402557131,-0.21028767599296183,0.22315043196345977,0.0003117134648977782,1.3809714226408871,1.2718661338052715,-0.0014484710955107072
2021-09-02,2021-09-01,4536.95,4528.8642398518905,0.00283852816777852,0.0010547364248176317,0.0003117134648977782,0.0012133377114474809,-0.0010184957152268336,HOLD,1.0,0.051525889931878406,0.2746763218953382,1.2085344621510514,-0.051525889931878406,0.00283852816777852,1.3848969176012376,1.2754814903699607,0.0017837917429608884
2021-09-03,2021-09-02,4535.43,4548.517939498241,-0.0003350829692383428,0.002546472196328849,0.00283852816777852,0.0012015951009457847,-0.00101741149620406,HOLD,1.0,0.4698793643434821,0.4183534744116037,0.1436771525162655,-0.4698793643434821,-0.0003350829692383428,1.3844329399698412,1.275054169842873,-0.002881555165567192
2021-09-07,2021-09-03,4520.03,4541.051631838496,-0.0034012661634807984,0.0012387250446503646,-0.0003350829692383428,0.001220193690410817,-0.0010163272771812864,HOLD,1.0,-0.05559520609717232,-0.5254745704406544,-0.943828044852258,0.05559520609717232,-0.0034012661634807984,1.3797321139675593,1.2707247381868725,-0.004639991208131163
2021-09-08,2021-09-07,4514.07,4531.348387841572,-0.0013194454045599713,0.002500921573694569,-0.0034012661634807984,0.0012350483114980442,-0.0010153345226971823,HOLD,1.0,-0.5617906870143079,-0.5061954809171356,0.019279089523518755,0.5617906870143079,-0.0013194454045599713,1.3779128332549866,1.2690491919096138,-0.0038203669782545403
2021-09-09,2021-09-08,4493.28,4521.206670526166,-0.004616238276287987,0.0015797351360836865,-0.0013194454045599713,0.0012377114166536587,-0.001014890555445094,HOLD,1.0,-0.21769351203680062,0.34409717497750725,0.8502926558946429,0.21769351203680062,-0.004616238276287987,1.3715667181519056,1.2632044591740128,-0.006195973412371674
2021-09-10,2021-09-09,4458.58,4501.1372391120485,-0.007752617623131286,0.0017471373412740214,-0.004616238276287987,0.0012599624838901988,-0.001014446588193006,HOLD,1.0,-0.7577446751896625,-0.5400511631528618,-0.8841483381303691,0.7577446751896625,-0.007752617623131286,1.3609745972246818,1.2534491813517221,-0.009499754964405308
2021-09-13,2021-09-10,4468.73,4470.121492220742,0.0022739222394125846,0.002585258037573241,-0.007752617623131286,0.0013151798259137685,-0.001013314327972829,HOLD,1.0,-1.2624618625354982,-0.5047171873458357,0.03533397580702613,1.2624618625354982,0.0022739222394125846,1.364072868908004,1.2563026703977223,-0.0003113357981606563
2021-09-14,2021-09-13,4443.05,4473.751173007199,-0.00576317437780105,0.0011229933701276085,0.0022739222394125846,0.0013409722732681529,-0.0010104613353324292,HOLD,1.0,0.3702954735532392,1.6327573360887375,2.137474523434573,-0.3702954735532392,-0.00576317437780105,1.3562340889249767,1.2490832025453773,-0.006886167747928659
2021-09-15,2021-09-14,4480.7,4448.727721520362,0.008438206673245574,0.0012770724752323914,-0.00576317437780105,0.0013299647913036844,-0.0010076083426920292,HOLD,1.0,-0.9733256254686392,-1.3436210990218784,-2.976378435110616,0.9733256254686392,0.008438206673245574,1.3677266927552338,1.2596678195485242,0.007161134198013183
2021-09-16,2021-09-15,4473.75,4494.284025706044,-0.0015523011230360595,0.003027088636586265,0.008438206673245574,0.001316684452653105,-0.000999869741518521,HOLD,1.0,1.464927852946115,2.438253478414754,3.7818745774366325,-1.464927852946115,-0.0015523011230360595,1.3656052160853716,1.2577139526648085,-0.004579389759622325
2021-09-17,2021-09-16,4432.99,4488.515141086876,-0.009152683146432139,0.003294960417462832,-0.0015523011230360595,0.001339399775844657,-0.0009856169956342009,HOLD,1.0,-0.27027734637988465,-1.7352051993259996,-4.173458677740753,0.27027734637988465,-0.009152683146432139,1.3531632896014085,1.2462550153726915,-0.01244764356389497
2021-09-20,2021-09-17,4357.73,4450.226566642778,-0.017123020373770004,0.0038807087827277525,-0.009152683146432139,0.0013601572414646509,-0.0009713642497498812,HOLD,1.0,-1.555879175849412,-1.2856018294695273,0.4496033698564723,1.555879175849412,-0.017123020373770004,1.3301902918785609,1.2250970266434247,-0.021003729156497758
2021-09-21,2021-09-20,4354.19,4378.7506042762425,-0.0008126796836602779,0.004812153953651219,-0.017123020373770004,0.0013819647041331512,-0.0009539335360613645,HOLD,1.0,-2.7269472156151293,-1.1710680397657174,0.1145337897038099,2.7269472156151293,-0.0008126796836602779,1.3291097123949178,1.2241018196263944,-0.005624833637311497
2021-09-22,2021-09-21,4395.64,4357.230641520518,0.009474540664092146,0.00069808169508098,-0.0008126796836602779,0.001394727966177422,-0.000934119346519699,HOLD,1.0,-0.12964076158820695,2.5973064540269224,3.76837449379264,0.12964076158820695,0.009474540664092146,1.3417622603036623,1.2357547379472578,0.008776458969011166
2021-09-23,2021-09-22,4448.98,4395.096813059361,0.012061715863250555,-0.00012358166394517097,0.009474540664092146,0.0013900198645422877,-0.0009143051569780342,HOLD,1.0,1.4861382250732373,1.6157789866614443,-0.9815274673654781,-1.4861382250732373,0.012061715863250555,1.3580442121842982,1.2507503148648644,0.012185297527195726
2021-09-24,2021-09-23,4455.48,4456.638439036344,0.0014599428049599794,0.0017199122052304473,0.012061715863250555,0.0013802872070048046,-0.0009055381663288472,HOLD,1.0,1.8413559258277765,0.3552177007545392,-1.260561285906905,-1.8413559258277765,0.0014599428049599794,1.3600283270553921,1.2525776723820083,-0.0002599694002704679
2021-09-27,2021-09-24,4443.11,4465.129406272629,-0.0027802175328766054,0.0021633970498346608,0.0014599428049599794,0.0013940553802295455,-0.000901190055236652,HOLD,1.0,0.22286734491547627,-1.6184885809123002,-1.9737062816668394,-0.22286734491547627,-0.0027802175328766054,1.3562524038314794,1.2491000704609205,-0.004943614582711266
2021-09-28,2021-09-27,4352.63,4461.966276587079,-0.020574321587474742,0.004234956373972172,-0.0027802175328766054,0.001402175299939317,-0.0008968419441444568,HOLD,1.0,-0.4253255875505613,-0.6481929324660376,0.9702956484462626,0.4253255875505613,-0.020574321587474742,1.3286335248258565,1.2236632538222811,-0.024809277961446913
2021-09-29,2021-09-28,4359.46,4378.57699063319,0.0015679363733056562,0.005943523511343639,-0.020574321587474742,0.0014028108482976452,-0.0008951430618948991,HOLD,1.0,-2.9338122313007475,-2.508486643750186,-1.8602937112841484,2.9338122313007475,0.0015679363733056562,1.3307183716827142,1.2255833848749114,-0.004375587138037983
2021-09-30,2021-09-29,4307.54,4373.119628394727,-0.01198122097381571,0.0031284317158635864,0.0015679363733056562,0.001416637368343093,-0.0008938857177857811,HOLD,1.0,0.22365290221737913,3.1574651335181265,5.665951777268313,-0.22365290221737913,-0.01198122097381571,1.3148698725893007,1.2109870152918183,-0.015109652689679296
2021-10-01,2021-09-30,4357.04,4317.034949182705,0.011425952216360002,0.0022018367455038995,-0.01198122097381571,0.0014417704355489287,-0.000892628373676663,HOLD,1.0,-1.6718824695383756,-1.8955353717557548,-5.053000505273881,1.6718824695383756,0.011425952216360002,1.3299796704537832,1.2249030456146817,0.009224115470856102
2021-10-04,2021-10-01,4300.46,4366.719237154342,-0.01307093399993775,0.002219052787470409,0.011425952216360002,0.0014764945961150751,-0.000861262619794794,HOLD,1.0,1.579421456287489,3.251303925825865,5.14683929758162,-1.579421456287489,-0.01307093399993775,1.3127087136220175,1.2089966012577604,-0.01528998678740816
2021-10-05,2021-10-04,4345.72,4315.593450296674,0.010469458977262036,0.0035128532909820126,-0.01307093399993775,0.001498833955974825,-0.000829896865912925,HOLD,1.0,-1.7946433842474965,-3.3740648405349853,-6.62536876636085,1.7946433842474965,0.010469458977262036,1.3265242580936631,1.2217206322155945,0.0069566056862800235
2021-10-06,2021-10-05,4363.55,4359.839937503421,0.004094493547635025,0.003243892405911323,0.010469458977262036,0.001506724381677113,-0.0008019529643068547,HOLD,1.0,1.4148893465239272,3.2095327307714236,6.583597571306409,-1.4148893465239272,0.004094493547635025,1.3319668378092933,1.226733214451082,0.0008506011417237021
2021-10-07,2021-10-06,4399.76,4379.17231305577,0.008264047735016433,0.0035737906623797334,0.004094493547635025,0.0015507736166503578,-0.0007945401763555865,HOLD,1.0,0.552864885088073,-0.8620244614358542,-4.071557192207278,-0.552864885088073,0.008264047735016433,1.343019883883493,1.2369130014812004,0.0046902570726367
2021-10-08,2021-10-07,4391.34,4415.333495595969,-0.0019155742909777729,0.0035333741624689746,0.008264047735016433,0.0015815133940068231,-0.0007871273884043181,HOLD,1.0,1.1045890765544184,0.5517241914663454,1.4137486529021996,-1.1045890765544184,-0.0019155742909777729,1.3404496920043243,1.2345458706666868,-0.0054489484534467475
2021-10-11,2021-10-08,4361.19,4406.200619191251,-0.0068894637904683975,0.0033783608325526782,-0.0019155742909777729,0.0015861368646069784,-0.0007783447687384458,HOLD,1.0,-0.25632291342846614,-1.3609119899828845,-1.9126361814492299,0.25632291342846614,-0.0068894637904683975,1.3312464514868667,1.2260697431063972,-0.010267824623021076
2021-10-12,2021-10-11,4350.65,4384.2395134930275,-0.0024196966754637117,0.0052712258050325745,-0.0068894637904683975,0.0016038701163316718,-0.0007661375697860627,HOLD,1.0,-0.9232769155883479,-0.6669540021598818,0.6939579878230028,0.9232769155883479,-0.0024196966754637117,1.3280291329112768,1.2231066126093662,-0.007690922480496286
2021-10-13,2021-10-12,4363.8,4366.663650916064,0.0030179781813099993,0.0036739916837461102,-0.0024196966754637117,0.0016190943902508457,-0.0007539303708336791,HOLD,1.0,-0.3377317348616348,0.5855451807267131,1.252499182886595,0.3377317348616348,0.0030179781813099993,1.3320431499197196,1.2268034974325102,-0.0006560135024361109
2021-10-14,2021-10-13,4438.26,4377.229588790235,0.016919170336134215,0.0030727728857545744,0.0030179781813099993,0.001623310371829382,-0.0007467809222167265,HOLD,1.0,0.4367401135505206,0.7744718484121554,0.1889266676854423,-0.4367401135505206,0.016919170336134215,1.3547719488892025,1.2477365806212062,0.01384639745037964
2021-10-15,2021-10-14,4471.37,4456.527841195417,0.007432441620920827,0.004107544149679373,0.016919170336134215,0.0016261711127650235,-0.000746375140713682,HOLD,1.0,2.360065312267167,1.9233251987166462,1.1488533503044907,-2.360065312267167,0.007432441620920827,1.3648787247941105,1.2570448586816092,0.0033248974712414532
2021-10-18,2021-10-15,4486.46,4489.109020916824,0.003369122716966544,0.003959396378183555,0.007432441620920827,0.0016307822281427283,-0.0007459693592106374,HOLD,1.0,1.0287418815119358,-1.331323430755231,-3.2546486294718773,-1.0287418815119358,0.003369122716966544,1.369484923779464,1.2612871394406389,-0.0005902736612170114
2021-10-19,2021-10-18,4519.63,4504.328525429855,0.0073661600060432875,0.003974856911701893,0.003369122716966544,0.001642583165636872,-0.000743389415257536,HOLD,1.0,0.4729812649918934,-0.5557606165200424,0.7755628142351887,-0.4729812649918934,0.0073661600060432875,1.3796100145908754,1.2706122854165856,0.003391303094341394
2021-10-20,2021-10-19,4536.19,4533.923964647544,0.0036573205869530057,0.003157649820204477,0.0073661600060432875,0.0016467326062449225,-0.0007391788494668916,HOLD,1.0,1.026361192883839,0.5533799278919456,1.109140544411988,-1.026361192883839,0.0036573205869530057,1.3846649287855393,1.2752678301064169,0.0004996707667485286
2021-10-21,2021-10-20,4549.78,4550.144766849464,0.0029914274720983514,0.0030715966732744356,0.0036573205869530057,0.001650463807695739,-0.0007349682836762473,HOLD,1.0,0.5109541786268167,-0.5154070142570223,-1.068786942148968,-0.5109541786268167,0.0029914274720983514,1.3888132551083332,1.2790884129768754,-8.01692011760842e-05
2021-10-22,2021-10-21,4544.9,4559.6345342531185,-0.0010731549583589128,0.0021635941717808088,0.0029914274720983514,0.0016705983528366628,-0.0007246412985837958,HOLD,1.0,0.41754082611106014,-0.09341335251575655,0.42199366174126574,-0.41754082611106014,-0.0010731549583589128,1.387323642712804,1.2777164891793886,-0.0032367491301397216
2021-10-25,2021-10-22,4566.48,4557.27492932991,0.004736942230948671,0.002719116486024532,-0.0010731549583589128,0.0016818670998836546,-0.0007118677457706215,HOLD,1.0,-0.15006465311997338,-0.5676054792310335,-0.474192126715277,0.15006465311997338,0.004736942230948671,1.393910904084836,1.2837833161363068,0.002017825744924139
2021-10-26,2021-10-25,4574.79,4578.0580569716885,0.00181812861650954,0.002532235764410791,0.004736942230948671,0.0016881826548543102,-0.0006990941929574473,HOLD,1.0,0.6643933777610506,0.814458030881024,1.3820635101120575,-0.6643933777610506,0.00181812861650954,1.3964475186354182,1.2861195224389927,-0.000714107147901251
2021-10-27,2021-10-26,4551.68,4589.104529195534,-0.005064400451443518,0.003124117326435907,0.00181812861650954,0.0017015533906134183,-0.000691471832209819,HOLD,1.0,0.25521907853681003,-0.40917429922424053,-1.2236323301052645,-0.25521907853681003,-0.005064400451443518,1.3893932271475768,1.2796225636357335,-0.008188517777879425
2021-10-28,2021-10-27,4596.42,4560.0823967467095,0.009781344040089124,0.0018442972418576864,-0.005064400451443518,0.0017119901964571106,-0.0006847080034731155,HOLD,1.0,-0.7139654173776767,-0.9691844959144867,-0.5600101966902462,0.7139654173776767,0.009781344040089124,1.4030500424295342,1.2922004059921954,0.007937046798231437
2021-10-29,2021-10-28,4605.38,4604.7006939036955,0.0019474456805763651,0.0017999320767088291,0.009781344040089124,0.0017199122052304473,-0.0006779441747364117,HOLD,1.0,1.3659247107924866,2.079890128170163,3.04907462408465,-1.3659247107924866,0.0019474456805763651,1.4057850684672255,1.2947193480465957,0.000147513603867536
2021-11-01,2021-10-29,4613.67,4611.939772244277,0.0017984504334940254,0.0014233580940762529,0.0019474456805763651,0.0017212959336099533,-0.0006757136169420271,HOLD,1.0,0.27315306498314673,-1.0927716458093397,-3.172661773979503,-0.27315306498314673,0.0017984504334940254,1.4083155780489751,1.297049931710769,0.0003750923394177726
2021-11-02,2021-11-01,4630.65,4622.348414744757,0.0036736112761168727,0.00187925508787632,0.0017984504334940254,0.0017205508490979117,-0.0006734830591476424,HOLD,1.0,0.2522432959391386,-0.020909769044008153,1.0718618767653316,-0.2522432959391386,0.0036736112761168727,1.4134986965891556,1.3018235518094001,0.0017943561882405527
2021-11-03,2021-11-02,4660.57,4636.696390727102,0.006440511240473512,0.0013048808860952885,0.0036736112761168727,0.0017219345774774175,-0.0006707517397846365,HOLD,1.0,0.5147109877128816,0.262467691773743,0.28337746081775117,-0.5147109877128816,0.006440511240473512,1.42263172996502,1.3102350190267749,0.005135630354378223
2021-11-04,2021-11-03,4680.06,4665.144806162413,0.0041731721062596705,0.0009811165416215167,0.006440511240473512,0.001721189492965376,-0.0006650158510099041,HOLD,1.0,0.8976086579780354,0.38289767026515376,0.12042997849141074,-0.8976086579780354,0.0041731721062596705,1.4285810220938833,1.315714280258948,0.003192055564638154
2021-11-05,2021-11-04,4697.53,4687.367975159491,0.0037259083006286886,0.0015602952403771437,0.0041731721062596705,0.0017204444084533343,-0.0006592799622351718,HOLD,1.0,0.5808005504009409,-0.31680810757709443,-0.6997057778422482,-0.5808005504009409,0.0037259083006286886,1.4339137123704997,1.320625655001179,0.002165613060251545
2021-11-08,2021-11-05,4701.7,4705.244277665007,0.000887306784404629,0.0016408517673669753,0.0037259083006286886,0.001718693434649934,-0.000654846227037998,HOLD,1.0,0.5182242421025864,-0.06257630829835448,0.25423179927873996,-0.5182242421025864,0.000887306784404629,1.4351865983724161,1.3217979751314077,-0.0007535449829623464
2021-11-09,2021-11-08,4685.25,4704.450983260573,-0.003504869385574594,0.0005849328474324804,0.000887306784404629,0.0017144277376181375,-0.0006536678757847221,HOLD,1.0,0.12342393305745188,-0.3948003090451346,-0.3322240007467801,-0.12342393305745188,-0.003504869385574594,1.4301652615063418,1.3171733549534068,-0.004089802233007075
2021-11-10,2021-11-09,4646.71,4686.450328663248,-0.008259833757376711,0.00025616027566307783,-0.003504869385574594,0.0017101620405863408,-0.0006524895245314461,HOLD,1.0,-0.48631399251660123,-0.6097379255740532,-0.21493761652891857,0.48631399251660123,-0.008259833757376711,1.4184009865629639,1.3063385305363722,-0.008515994033039789
2021-11-11,2021-11-10,4649.27,4648.304875611893,0.0005507757255749368,0.0003431679559179484,-0.008259833757376711,0.0017046389450193658,-0.0006497151023897189,HOLD,1.0,-1.1424081968092195,-0.6560942042926182,-0.04635627871856507,1.1424081968092195,0.0005507757255749368,1.4191824225737328,1.3070582282662009,0.00020760776965698843
2021-11-12,2021-11-11,4682.85,4647.958202331665,0.0071966809110382,-0.0002821911323443795,0.0005507757255749368,0.001697439318072154,-0.0006448125857300567,HOLD,1.0,0.07790335709536643,1.220311553904586,1.8764057581972042,-0.07790335709536643,0.0071966809110382,1.4294326652462437,1.3164986383316903,0.00747887204338258
2021-11-15,2021-11-12,4682.8,4683.365317377779,-1.0677315508189622e-05,0.00011003748276917967,0.0071966809110382,0.001690239691124942,-0.0006399100690703943,HOLD,1.0,1.0113015916081838,0.9333982345128173,-0.28691331939176856,-1.0113015916081838,-1.0677315508189622e-05,1.4294174028241602,1.3164845817354063,-0.0001207147982773693
2021-11-16,2021-11-15,4700.9,4688.151502781001,0.0038577581225869295,0.0011421472752613914,-1.0677315508189622e-05,0.0016853917911072143,-0.0006374484128780338,HOLD,1.0,-0.0015132143638924432,-1.0128148059720763,-1.9462130404848936,0.0015132143638924432,0.0038577581225869295,1.4349423996190513,1.3215730695908368,0.002715610847325538
2021-11-17,2021-11-16,4688.67,4707.499901139439,-0.0026050195943359,0.0014029808025526865,0.0038577581225869295,0.0016823076862865997,-0.0006368174020361496,HOLD,1.0,0.5513825257096998,0.5528957400735922,1.5657105460456684,-0.5513825257096998,-0.0026050195943359,1.4312092111769783,1.3181348261393495,-0.0040080003968885865
2021-11-18,2021-11-17,4704.54,4695.412497732434,0.0033790397745132594,0.0014370075911693085,-0.0026050195943359,0.001679223581465985,-0.0006361863911942654,HOLD,1.0,-0.3716325278556748,-0.9230150535653746,-1.4759107936389668,0.3716325278556748,0.0033790397745132594,1.436053503946862,1.3225963898004356,0.001942032183343951
2021-11-19,2021-11-18,4697.96,4713.721198020575,-0.001399627987058949,0.0019496594404880456,0.0033790397745132594,0.0016705983528366628,-0.0006343128997947552,HOLD,1.0,0.48165838006759903,0.8532909079232738,1.7763059614886485,-0.48165838006759903,-0.001399627987058949,1.4340449692004325,1.3207465417292352,-0.0033492874275469946
2021-11-22,2021-11-19,4682.94,4700.74241989185,-0.003202254119567982,0.0005920859814108066,-0.001399627987058949,0.0016818670998836546,-0.0006319424161721945,HOLD,1.0,-0.20086778639924935,-0.6825261664668484,-1.5358170743901223,0.20086778639924935,-0.003202254119567982,1.4294601376059977,1.3165239402050049,-0.003794340100978789
2021-11-23,2021-11-22,4690.7,4689.732748503239,0.001655707232783854,0.0014494797534923562,-0.003202254119567982,0.0016787829950630402,-0.0006295719325496338,HOLD,1.0,-0.46356866729279556,-0.2627008808935462,0.4198252855733022,0.46356866729279556,0.001655707232783854,1.4318288655136435,1.3187055239485503,0.00020622747929149778
2021-11-24,2021-11-23,4701.46,4696.114086398675,0.0022912737234968006,0.00115355155630229,0.001655707232783854,0.001669049541671977,-0.0006263638580586256,HOLD,1.0,0.24022010806803412,0.7037887753608296,0.9664896562543759,-0.24022010806803412,0.0022912737234968006,1.4351133387464068,1.3217305034692366,0.0011377221671945105
2021-11-26,2021-11-24,4594.62,4706.357816075013,-0.0229870449732843,0.0010412226540228117,0.0022912737234968006,0.0016582078635191712,-0.0006230161850895428,HOLD,1.0,0.33249469348672867,0.09227458541869454,-0.611514189942135,-0.33249469348672867,-0.0229870449732843,1.4025005952344618,1.291694368525909,-0.02402826762730711
2021-11-29,2021-11-26,4655.27,4638.012161296623,0.01311385739268367,0.009399807126702343,-0.0229870449732843,0.0016473661853663663,-0.0006196685121204601,HOLD,1.0,-3.050080359800752,-3.3825750532874808,-3.4748496387061754,3.050080359800752,0.01311385739268367,1.4210139132239734,1.3087450198204877,0.0037140502659813272
2021-11-30,2021-11-29,4567.0,4635.7631773297035,-0.019143376992335703,-0.004199070428512352,0.01311385739268367,0.0016675007305072902,-0.0006161517679835644,EXIT,0.0,1.7006905299647328,4.7507708897654854,8.133345943052966,-1.7006905299647328,-0.0002,1.394069633274524,1.3084832969896791,-0.01494430656382335
2021-12-01,2021-11-30,4513.04,4576.50582310406,-0.011885550113429844,0.002079252031478355,-0.019143376992335703,0.0016566590523544853,-0.0006225379460939596,ENTER,1.0,-2.3592289380480262,-4.059919468012759,-8.810690357778245,2.3592289380480262,-0.012085550113429844,1.37759842736003,1.2927647316074988,-0.013964802144908198
2021-12-02,2021-12-01,4577.1,4517.585029038632,0.014094625715696196,0.0010065813623689427,-0.011885550113429844,0.0016767935974954093,-0.0006191661201009035,HOLD,1.0,-1.440781134459172,0.9184478035888541,4.978367271601613,1.440781134459172,0.014094625715696196,1.3971526425357603,1.3111147813980553,0.013088044353327253
2021-12-03,2021-12-02,4538.43,4555.336638035346,-0.008484472537633181,-0.004766176657134212,0.014094625715696196,0.0016659519193426035,-0.0006156493759640079,EXIT,0.0,1.6687779199599673,3.1095590544191394,2.1911112508302852,-1.6687779199599673,-0.0002,1.3853486852949637,1.3108525846623231,-0.003718295880498969
2021-12-06,2021-12-03,4591.67,4540.876933826909,0.011662655055921789,0.0005390133639024848,-0.008484472537633181,0.0016551102411897986,-0.0006220597070983764,HOLD,0.0,-0.998372182621567,-2.6671501025815343,-5.776709157000674,0.998372182621567,0.0,1.4016001123314266,1.3108525846623231,0.011123641692019305
2021-12-07,2021-12-06,4686.75,4579.014046684004,0.020495586171746183,-0.0027600910218034637,0.011662655055921789,0.0016472509891624675,-0.0006186637280813469,HOLD,0.0,1.36229109058295,2.360663273204517,5.027813375786051,-1.36229109058295,0.0,1.4306231341689009,1.3108525846623231,0.023255677193549647
2021-12-08,2021-12-07,4701.21,4674.273584592917,0.0030805438956171827,-0.002665610802475573,0.020495586171746183,0.0016468478024488213,-0.0006249291410718758,HOLD,0.0,2.2925178449387804,0.9302267543558305,-1.4304365188486865,-2.2925178449387804,0.0,1.4350370266359802,1.3108525846623231,0.005746154698092755
2021-12-09,2021-12-08,4667.45,4705.664318601631,-0.007207038387209153,0.0009470348563574513,0.0030805438956171827,0.0016464446157351752,-0.0006305878541021597,HOLD,0.0,0.3460081853175359,-1.9465096596212446,-2.876736413977075,-0.3460081853175359,-0.0,1.424731839243961,1.3108525846623231,-0.008154073243566604
2021-12-10,2021-12-09,4712.02,4684.483364340219,0.009503806818878857,0.003642751185698213,-0.007207038387209153,0.001645409854933317,-0.0006277985750453753,ENTER,1.0,-0.8089695327567379,-1.1549777180742737,0.7915319415469708,0.8089695327567379,0.009303806818878857,1.4383367622908287,1.3231054144743706,0.005861055633180644
2021-12-13,2021-12-10,4668.97,4710.470338613571,-0.009178200213042942,-0.00032892820150762724,0.009503806818878857,0.0016467902043468719,-0.0006244509020762926,HOLD,1.0,1.058798129576966,1.8677676623337038,3.0227453804079776,-1.058798129576966,-0.009178200213042942,1.4251958168753551,1.3110172467473402,-0.008849272011535314
2021-12-14,2021-12-13,4634.09,4683.617410122383,-0.007498643121873982,0.0031322716283110207,-0.009178200213042942,0.0016463870176332258,-0.0006211032291072098,HOLD,1.0,-1.022467967449539,-2.081266097026505,-3.9490337593602085,1.022467967449539,-0.007498643121873982,1.4145487512286257,1.3012231633485296,-0.010630914750185003
2021-12-15,2021-12-14,4709.85,4646.123399550706,0.016216212899903937,0.0025933468933925174,-0.007498643121873982,0.0016471357929585685,-0.000617658944042234,HOLD,1.0,-0.8587237873245916,0.1637441801249473,2.245010277151452,0.8587237873245916,0.016216212899903937,1.4376743731723256,1.3224960921986995,0.013622866006511419
2021-12-16,2021-12-15,4668.67,4707.158043724153,-0.008781825842753221,-0.0005717222150973083,0.016216212899903937,0.0016613054858485448,-0.0006141421999053383,HOLD,1.0,1.8127375266924355,2.6714613140170274,2.50771713389208,-1.8127375266924355,-0.008781825842753221,1.4251042423428437,1.3109330086447133,-0.008210103627655913
2021-12-17,2021-12-16,4620.64,4682.289069578604,-0.010341010906644854,0.0029128732372561473,-0.008781825842753221,0.001650463807695739,-0.0006106254557684428,HOLD,1.0,-0.9786201033768165,-2.791357630069252,-5.46281894408628,0.9786201033768165,-0.010341010906644854,1.4104431596876712,1.2974464884140688,-0.013253884143901001
2021-12-20,2021-12-17,4568.02,4630.996296092354,-0.011453373010201773,0.0022388040529474486,-0.010341010906644854,0.0016705983528366628,-0.0006001460575713248,HOLD,1.0,-1.1526030083107126,-0.17398290493389612,2.617374725135356,1.1526030083107126,-0.011453373010201773,1.3943809866850645,1.2826711252132248,-0.013692177063149222
2021-12-21,2021-12-20,4649.23,4578.023738211239,0.017621763861807693,0.0021875561689628834,-0.011453373010201773,0.0016818670998836546,-0.0005868815977501171,HOLD,1.0,-1.2578462699224748,-0.10524326161176223,0.06873964332213389,1.2578462699224748,0.017621763861807693,1.4191702126360641,1.3054743795944574,0.01543420769284481
2021-12-22,2021-12-21,4696.56,4649.038744907534,0.01012871135227833,-4.1137785482376526e-05,0.017621763861807693,0.0016881826548543102,-0.0005736171379289098,HOLD,1.0,1.8823625585937518,3.1402088285162266,3.245452090127989,-1.8823625585937518,0.01012871135227833,1.433617621382045,1.3187643442523074,0.010169849137760707
2021-12-23,2021-12-22,4725.79,4693.594530944095,0.0062044168953239165,-0.0006316124286812663,0.01012871135227833,0.0016845106183013244,-0.0005708355110955114,EXIT,0.0,1.1243769282482672,-0.7579856303454846,-3.8981944588617115,-1.1243769282482672,-0.0002,1.4425400333331313,1.3185006177569856,0.0068360293240051825
2021-12-27,2021-12-23,4791.19,4732.835987832245,0.013744072068897495,0.0014898546881166826,0.0062044168953239165,0.0016814265134807097,-0.0005849866749185162,HOLD,0.0,0.687030983411619,-0.43734594483664824,0.32063968550883637,-0.687030983411619,0.0,1.4625032814207501,1.3185006177569856,0.012254217380780813
2021-12-28,2021-12-27,4786.35,4800.5259665921285,-0.00101069803143794,0.001946673478008728,0.013744072068897495,0.0016783424086600951,-0.0005717222150973089,ENTER,1.0,1.527460962747199,0.84042997933558,1.2777759241722282,-1.527460962747199,-0.00121069803143794,1.4610258789628898,1.3169052775870886,-0.002957371509446668
2021-12-29,2021-12-28,4793.06,4797.404837335344,0.0014009215802239794,0.00230699604195017,-0.00101069803143794,0.0016840700318983793,-0.0005706877270952119,HOLD,1.0,-0.1133740116234312,-1.64083497437063,-2.48126495370621,0.1133740116234312,0.0014009215802239794,1.4630740960067408,1.318751451480056,-0.0009060744617261905
2021-12-30,2021-12-29,4778.73,4799.040409916725,-0.0029942175300767815,0.0012469449726441725,0.0014009215802239794,0.0016933252455308902,-0.0005696532390931155,HOLD,1.0,0.16092738068570298,0.2743013923091342,1.9151363666797643,-0.16092738068570298,-0.0029942175300767815,1.4586998858370837,1.3148087283971595,-0.004241162502720954
2021-12-31,2021-12-30,4766.18,4787.066105468001,-0.0026296753415451235,0.0017428988630543052,-0.0029942175300767815,0.001686713550316049,-0.0005609904776789755,HOLD,1.0,-0.34608833008575796,-0.5070157107714609,-0.7813171030805951,0.34608833008575796,-0.0026296753415451235,1.4548690178936659,1.311355750400625,-0.004372574204599428
2022-01-03,2021-12-31,4796.56,4770.705060960146,0.006353848835551901,0.000948960015937976,-0.0026296753415451235,0.0016994963543427858,-0.0005065580757925727,HOLD,1.0,-0.3035854288802375,0.04250290120552047,0.5495186119769814,0.3035854288802375,0.006353848835551901,1.4641424655527144,1.3197144333914408,0.0054048888196139245
2022-01-04,2022-01-03,4793.54,4798.728045957956,-0.000629816185405474,0.0004518980533916683,0.006353848835551901,0.001692296727395574,-0.0004521256739061699,HOLD,1.0,0.735386176585044,1.0389716054652816,0.9964687042597611,-0.735386176585044,-0.000629816185405474,1.4632206152587601,1.3188835175707603,-0.0010817142387971423
2022-01-05,2022-01-04,4700.58,4799.496150606673,-0.01958327277580274,0.0012417656471882701,-0.000629816185405474,0.001686272963913104,-0.00040481366831076894,HOLD,1.0,-0.07295210705702469,-0.8083382836420687,-1.8473098891073503,0.07295210705702469,-0.01958327277580274,1.4348447201177041,1.2933067180043898,-0.02082503842299101
2022-01-06,2022-01-05,4696.05,4716.37990054346,-0.0009641755290861198,0.0033556297438304314,-0.01958327277580274,0.0016831888590924896,-0.0003753026534428812,HOLD,1.0,-2.178446940521925,-2.1054948334649004,-1.2971565498228317,2.178446940521925,-0.0009641755290861198,1.4334619446767725,1.292060344273369,-0.004319805272916552
2022-01-07,2022-01-06,4677.03,4701.884150939654,-0.004058436737205184,0.0012415817339022374,-0.0009641755290861198,0.0016912682092602583,-0.00034579163857499336,HOLD,1.0,-0.10735188818886791,2.071095052333057,4.1765898857979575,0.10735188818886791,-0.004058436737205184,1.4276561193155115,1.2868272254292175,-0.005300018471107422
2022-01-10,2022-01-07,4670.29,4678.750170197801,-0.0014421248375171558,0.0003677235219066362,-0.004058436737205184,0.0016858323775101592,-0.00032731375114862266,HOLD,1.0,-0.450707927523997,-0.3433560393351291,-2.414451091668186,0.450707927523997,-0.0014421248375171558,1.4255987448184086,1.2849727974055805,-0.0018098483594237921
2022-01-11,2022-01-10,4713.07,4678.486152995617,0.009118332112992178,0.0017534177653607428,-0.0014421248375171558,0.0016827482726895445,-0.0003235467003109455,HOLD,1.0,-0.164463125032184,0.28624480249181306,0.6296008418269421,0.164463125032184,0.009118332112992178,1.4386572731546226,1.2967431877395885,0.007364914347631435
2022-01-12,2022-01-11,4726.35,4716.077244918572,0.002813734056029915,0.0006378615037865777,0.009118332112992178,0.001690239691124942,-0.0003197796494732683,HOLD,1.0,1.0370223082601138,1.2014854332922977,0.9152406308004847,-1.0370223082601138,0.002813734056029915,1.4427109724604863,1.300397016249069,0.0021758725522433376
2022-01-13,2022-01-12,4659.03,4730.031784673418,-0.014345962458905959,0.0007786878625021443,0.002813734056029915,0.0016853917911072143,-0.0003153810116625416,HOLD,1.0,0.3200907241252747,-0.7169315841348392,-1.9184170174271369,-0.3200907241252747,-0.014345962458905959,1.4221616473647911,1.2818747470278122,-0.015124650321408103
2022-01-14,2022-01-13,4662.85,4674.8757302754275,0.0008195772127130851,0.0033953086641216614,-0.014345962458905959,0.0016823076862865997,-0.00031050868362202756,HOLD,1.0,-1.6004702738784706,-1.9205609980037452,-1.203629413868906,1.6004702738784706,0.0008195772127130851,1.4233276964121095,1.282925772999665,-0.0025757314514085763
2022-01-18,2022-01-14,4577.11,4665.222177846771,-0.018559054584436296,0.0005086105365998537,0.0008195772127130851,0.0016892111729896258,-0.00030563635558151315,HOLD,1.0,0.09153027237797519,1.6920005462564458,3.612561544260191,-0.09153027237797519,-0.018559054584436296,1.3971556950201771,1.259335467547637,-0.01906766512103615
2022-01-19,2022-01-18,4532.76,4600.927273196708,-0.009736769104655707,0.005190069717784535,-0.018559054584436296,0.0016849512047042692,-0.0003013387600370079,HOLD,1.0,-2.0004898625105896,-2.092020134888565,-3.7840206811450106,2.0004898625105896,-0.009736769104655707,1.3836179266304849,1.2471331110419517,-0.014926838822440242
2022-01-20,2022-01-19,4482.73,4544.0475614770685,-0.011098789654239383,0.002487122750845662,-0.009736769104655707,0.001695382281801522,-0.00029727105749090607,HOLD,1.0,-1.0399367559483574,0.9605531065622321,3.052573241450797,1.0399367559483574,-0.011098789654239383,1.3683463470918993,1.2333679724629347,-0.013585912405085044
2022-01-21,2022-01-20,4397.94,4492.85299489657,-0.01909598635863574,0.002255675022900339,-0.011098789654239383,0.0017083338847155708,-0.00029320335494480425,HOLD,1.0,-1.1746515272088016,-0.13471477126044418,-1.0952678778226763,1.1746515272088016,-0.01909598635863574,1.3424643317195875,1.2100390478154244,-0.02135166138153608
2022-01-24,2022-01-21,4410.13,4416.110542124352,0.0027679180076169985,0.004123091370744471,-0.01909598635863574,0.0017162558934889075,-0.0002894929179100667,HOLD,1.0,-1.9586091214341057,-0.7839575942253041,-0.6492428229648599,1.9586091214341057,0.0027679180076169985,1.3461853102239925,1.2133929762439322,-0.0013551733631274729
2022-01-25,2022-01-24,4356.45,4418.144314650265,-0.012246661962160843,0.0018156021360832956,0.0027679180076169985,0.001720657289742489,-0.00028584202512722297,HOLD,1.0,0.2841166208789883,2.242725742313094,3.0266833365383983,-0.2841166208789883,-0.012246661962160843,1.329799573873176,1.1986235851001845,-0.014062264098244138
2022-01-26,2022-01-25,4349.93,4364.671544976463,-0.00149775250307016,0.0018854335121003627,-0.012246661962160843,0.001722041018121995,-0.0002821911323443795,HOLD,1.0,-1.2544987625345172,-1.5386153834135055,-3.7813411257265996,1.2544987625345172,-0.00149775250307016,1.327809354033248,1.1968296873681195,-0.0033831860151705227
2022-01-27,2022-01-26,4326.51,4357.065864499125,-0.005398540617997938,0.0016391109420118952,-0.00149775250307016,0.0017264690046489089,-0.00027698722880654063,HOLD,1.0,-0.1535316995687793,1.100967062965738,2.6395824463792437,0.1535316995687793,-0.005398540617997938,1.3206604355284786,1.1903859626925142,-0.007037651560009833
2022-01-28,2022-01-27,4431.85,4326.021881204093,0.024055891707797983,-0.00011282681257390032,-0.005398540617997938,0.00172408470421134,-0.0002717833252687018,HOLD,1.0,-0.552835110907237,-0.3993034113384577,-1.5002704743041957,0.552835110907237,0.024055891707797983,1.3528153063778616,1.2193689668482945,0.024168718520371883
2022-01-31,2022-01-28,4515.55,4427.396647637651,0.01870989151139746,-0.0010053569822749213,0.024055891707797983,0.0017219345774774175,-0.0002656848087369162,EXIT,0.0,2.3413669123950673,2.8942020233023045,3.293505434640762,-2.3413669123950673,-0.0002,1.3783646009487136,1.2191251174406783,0.01971524849367238
2022-02-01,2022-01-31,4546.54,4509.444533944231,0.006839508503304614,-0.0013530128941833964,0.01870989151139746,0.001721189492965376,-0.000276243814015421,HOLD,0.0,1.775441076955545,-0.5659258354395222,-3.460127858741827,-1.775441076955545,0.0,1.387824250157205,1.2191251174406783,0.00819252139748801
2022-02-02,2022-02-01,4589.38,4541.571946159718,0.009378434574516703,-0.0010933083493212068,0.006839508503304614,0.0017204444084533343,-0.00028479891290355343,HOLD,0.0,0.6474409179247591,-1.128000159030786,-0.5620743235912637,-0.6474409179247591,0.0,1.4009010933999184,1.2191251174406783,0.01047174292383791
2022-02-03,2022-02-02,4477.44,4600.4731439452535,-0.02469348416817496,0.002414216888882867,0.009378434574516703,0.001718693434649934,-0.00029157914235740574,ENTER,1.0,0.8825023679805014,0.2350614500557423,1.3630616090865284,-0.8825023679805014,-0.02489348416817496,1.3667315828352709,1.1891514677547603,-0.02710770105705783
2022-02-04,2022-02-03,4500.53,4500.085681694721,0.0051437130908578155,0.005044982443676853,-0.02469348416817496,0.0017210830523207985,-0.0002879282495745623,HOLD,1.0,-2.2289358363059586,-3.11143820428646,-3.3464996543422023,2.2289358363059586,0.0051437130908578155,1.3737797693542788,1.195283879889922,9.873064718096247e-05
2022-02-07,2022-02-04,4483.87,4503.138431771689,-0.0037086548006097786,0.0005794153492949325,0.0051437130908578155,0.0017234034755148917,-0.0002842773567917188,HOLD,1.0,0.46342909887365985,2.6923649351796186,5.803803139466078,-0.46342909887365985,-0.0037086548006097786,1.368694330315445,1.1908591944775446,-0.004288070149904711
2022-02-08,2022-02-07,4521.54,4488.841420899239,0.00836613096277894,0.0011081202046401807,-0.0037086548006097786,0.001721721696188263,-0.0002799608879710203,HOLD,1.0,-0.3352611429355254,-0.7986902418091852,-3.491055176988804,0.3352611429355254,0.00836613096277894,1.3801930391145367,1.2008638703169354,0.007258010758138759
2022-02-09,2022-02-08,4587.18,4520.588469988996,0.014412812398356678,-0.00021046593568646696,0.00836613096277894,0.001720976611676221,-0.000274756984433181,HOLD,1.0,0.7522446506151111,1.0875057935506365,1.8861960353598217,-0.7522446506151111,0.014412812398356678,1.4002295468281656,1.2182970246067584,0.014623278334043146
2022-02-10,2022-02-09,4504.08,4584.769086391928,-0.018281803510330263,-0.0005257145762346738,0.014412812398356678,0.0017202315271641795,-0.00026955308089534214,EXIT,0.0,1.2818056241783067,0.5295609735631955,-0.5579448199874409,-1.2818056241783067,-0.0002,1.374863401322337,1.2180533895661532,-0.01775608893409559
2022-02-11,2022-02-10,4418.64,4534.209452775793,-0.019151696234066762,0.006667094374000544,-0.018281803510330263,0.0017174746640694208,-0.00027921747317990027,ENTER,1.0,-1.592504235362344,-2.8743098595406504,-3.403870833103846,1.592504235362344,-0.01935169623406676,1.3487829744629152,1.1947085995413804,-0.025818790608067306
2022-02-14,2022-02-11,4401.67,4446.804635390164,-0.003847942065318577,0.006353822352164897,-0.019151696234066762,0.0017208701710316437,-0.0002740135696420614,HOLD,1.0,-1.635658544016942,-0.04315430865459802,2.831155550886052,1.635658544016942,-0.003847942065318577,1.343602908407153,1.1901202635524304,-0.010201764417483473
2022-02-15,2022-02-14,4471.07,4420.805292353959,0.01564373921237383,0.004337857965164245,-0.003847942065318577,0.0017227222468184434,-0.0002688096661042225,HOLD,1.0,-0.32852484749283417,1.3071336965241078,1.3502880051787058,0.32852484749283417,0.01564373921237383,1.3647871502615996,1.2088845839786648,0.011305881247209586
2022-02-16,2022-02-15,4475.01,4467.377090378025,0.0008808327792149129,-0.0008262978557129797,0.01564373921237383,0.0017271502333453571,-0.00025913269759664833,EXIT,0.0,1.3149296589795978,1.643454506472432,0.33632080994832414,-1.3149296589795978,-0.0002,1.365989829121923,1.208642831237949,0.0017071306349278927
2022-02-17,2022-02-16,4380.26,4481.626850583953,-0.021400503004024074,0.0014775304387359594,0.0008808327792149129,0.0017247659329077882,-0.00027327015485094136,HOLD,0.0,0.0740266061202268,-1.240903052859371,-2.8843575593318027,-0.0740266061202268,-0.0,1.3370675392702118,1.208642831237949,-0.022878033442760033
2022-02-18,2022-02-17,4348.87,4415.915276738724,-0.007192042117619479,0.00810703991245757,-0.021400503004024074,0.001722381632470219,-0.0002680662513131025,ENTER,1.0,-1.7556843004459999,-1.8297109065662267,-0.5888078537068557,1.7556843004459999,-0.007392042117619479,1.3274857906850395,1.199741432813004,-0.015299082030077049
2022-02-22,2022-02-18,4304.76,4357.853895996707,-0.010194654042816609,0.002063669249732507,-0.007192042117619479,0.0017268096189971328,-0.000257494669811582,HOLD,1.0,-0.5890916168862299,1.16659268355977,2.9963035901259967,0.5890916168862299,-0.010194654042816609,1.3140212819213557,1.187572617787173,-0.012258323292549115
2022-02-23,2022-02-22,4225.5,4317.0559675166805,-0.01858379019433265,0.002852293739332915,-0.010194654042816609,0.0017337692503752178,-0.00024602847531611435,HOLD,1.0,-0.8319822071949552,-0.24289059030872528,-1.4094832738684953,0.8319822071949552,-0.01858379019433265,1.2898272904316839,1.1657068213929942,-0.021436083933665563
2022-02-24,2022-02-23,4288.7,4243.9564899633615,0.01484605971153563,0.004358371567509489,-0.01858379019433265,0.0017428988630543052,-0.00023456228082064572,HOLD,1.0,-1.5314197167535664,-0.6994375095586112,-0.4565469192498859,1.5314197167535664,0.01484605971153563,1.3091189919475479,1.1831420766555756,0.010487688144026142
2022-02-25,2022-02-24,4384.65,4291.35916334297,0.022126148364755238,0.0006198473407899467,0.01484605971153563,0.001745653873897121,-0.00022855223428543017,HOLD,1.0,1.2196777877625666,2.751097504516133,3.4505350140747444,-1.2196777877625666,0.022126148364755238,1.338407579929304,1.2096122149853945,0.02150630102396529
2022-02-28,2022-02-25,4373.94,4377.189531535739,-0.002445600339324727,-0.0017029461086045935,0.022126148364755238,0.00174417040652022,-0.0002225421877502146,EXIT,0.0,1.7965716367713502,0.5768938490087836,-2.174203655507349,-1.7965716367713502,-0.0002,1.3351383691186265,1.209370316733029,-0.0007426542307201337
2022-03-01,2022-02-28,4306.26,4399.919081709704,-0.015594426756136315,0.0059219454952194415,-0.002445600339324727,0.0017421965851559136,-0.00023370370274418664,ENTER,1.0,-0.19996447442754509,-1.9965361111988953,-2.5734299602076787,0.19996447442754509,-0.015794426756136314,1.3144791545839156,1.190419061916958,-0.021516372251355755
2022-03-02,2022-03-01,4386.54,4344.5466728994825,0.018470983448990452,0.008851642241451817,-0.015594426756136315,0.001745441949986135,-0.00022769365620897106,HOLD,1.0,-1.275160811031006,-1.075196336603461,0.9213397745954344,1.275160811031006,0.018470983448990452,1.3389844994841313,1.212611600753605,0.009619341207538636
2022-03-03,2022-03-02,4363.49,4395.803819994311,-0.005268565551901361,0.0021096471784733356,0.018470983448990452,0.0017487074472957017,-0.00022168360967375503,HOLD,1.0,1.484372434969264,2.75953324600027,3.834729582603731,-1.484372434969264,-0.005268565551901361,1.3319485229027914,1.206239677233616,-0.007378212730374697
2022-03-04,2022-03-03,4328.87,4382.807825679929,-0.007965657901415568,0.004417379210659738,-0.005268565551901361,0.0017527897229520709,-0.00021669824093095905,HOLD,1.0,-0.4264927268775074,-1.9108651618467714,-4.670398407847042,0.4264927268775074,-0.007965657901415568,1.3213808218509062,1.196669352189712,-0.012383037112075307
2022-03-07,2022-03-04,4201.09,4362.816597130862,-0.029962522550535553,0.007811319324613271,-0.007965657901415568,0.0017551732068257686,-0.00021427456666921218,HOLD,1.0,-0.6603523804781127,-0.23385965360060534,1.677005508246166,0.6603523804781127,-0.029962522550535553,1.2823761759696228,1.161345951435519,-0.037773841875148824
2022-03-08,2022-03-07,4170.7,4252.095236776289,-0.007260127998096166,0.012067842913455622,-0.029962522550535553,0.0017573244937739653,-0.0002118508924074653,HOLD,1.0,-2.3778758029339473,-1.7175234224558347,-1.4836637688552292,2.3778758029339473,-0.007260127998096166,1.2730996758261548,1.1529449642002705,-0.01932797091155179
2022-03-09,2022-03-08,4277.88,4188.494146897396,0.025373672345635256,0.004257389758344857,-0.007260127998096166,0.0017596482979145129,-0.00021015563678243444,HOLD,1.0,-0.5761583796072036,1.8017174233267437,3.519240845782578,0.5761583796072036,0.025373672345635256,1.3058162038082797,1.1825737174702218,0.0211162825872904
2022-03-10,2022-03-09,4259.52,4266.195475325905,-0.004301081899390269,-0.0027351190873827805,0.025373672345635256,0.0017621728528743833,-0.00020943160600635842,EXIT,0.0,1.9512295977171779,2.5273879773243815,0.7256705539976378,-1.9512295977171779,-0.0002,1.300211842418545,1.1823372263766254,-0.0015659628120074883
2022-03-11,2022-03-10,4204.31,4264.13251396514,-0.013046288284511931,0.001082285888078649,-0.004301081899390269,0.0017607810481482548,-0.00021150465322721567,HOLD,0.0,-0.3315911825186994,-2.2828207802358773,-4.810208757560259,0.3315911825186994,-0.0,1.283359075951918,1.1823372263766254,-0.01412857417259058
2022-03-14,2022-03-11,4173.11,4221.033862889268,-0.007448628397105139,0.0039698996564580214,-0.013046288284511931,0.0017594695437498553,-0.00021005220381442358,ENTER,1.0,-1.000948355062404,-0.6693571725437046,1.6134636076921727,1.000948355062404,-0.007648628397105139,1.2738353245706682,1.173328464546594,-0.011418528053563162
2022-03-15,2022-03-14,4262.45,4183.755651853254,0.02118255114065626,0.0025477632536523034,-0.007448628397105139,0.0017619740236277934,-0.0002093281730383476,HOLD,1.0,-0.5800382413313246,0.42091011373107945,1.0902672862747842,0.5800382413313246,0.02118255114065626,1.3011062203527446,1.1984476598284322,0.018634787887003956
2022-03-16,2022-03-15,4357.86,4246.802185618962,0.0221369988429565,-0.0036778395276217415,0.02118255114065626,0.001767738238477137,-0.00020860414226227163,EXIT,0.0,1.6104806832686038,2.1905189245999286,1.7696088108688492,-1.6104806832686038,-0.0002,1.3302299741759835,1.1982079942638217,0.02581483837057824
2022-03-17,2022-03-16,4411.67,4342.732694544064,0.012272191404502308,-0.003477308093800637,0.0221369988429565,0.0017631669991073323,-0.0002099487708464127,HOLD,0.0,1.6460418519102207,0.03556116864161685,-2.1549577559583115,-1.6460418519102207,0.0,1.34665539282422,1.1982079942638217,0.015749499498302944
2022-03-18,2022-03-17,4463.12,4416.879898906699,0.011594770446318847,0.001180239013455795,0.012272191404502308,0.0017617751943812038,-0.00021323584912846347,HOLD,0.0,0.9101239995811394,-0.7359178523290812,-0.7714790209706981,-0.9101239995811394,0.0,1.36236042515003,1.1982079942638217,0.010414531432863052
2022-03-21,2022-03-18,4461.18,4461.771151458142,-0.00043476799985597836,-0.0003022666672874337,0.011594770446318847,0.0017603833896550753,-0.0002108121748667166,HOLD,0.0,0.8673434542657196,-0.04278054531541986,0.6931373070136614,-0.8673434542657196,-0.0,1.3617682431731195,1.1982079942638217,-0.00013250133256854468
2022-03-22,2022-03-21,4511.61,4475.6255611023735,0.011240769260245642,0.003232827118077174,-0.00043476799985597836,0.0017591120354205404,-0.0002153132842099609,ENTER,1.0,-0.03270723976518786,-0.9000506940309074,-0.8572701487154876,0.03270723976518786,0.011040769260245642,1.377161922088388,1.2115104316966665,0.008007942142168469
2022-03-23,2022-03-22,4456.24,4518.778488392026,-0.012348713151043356,0.0015876371004363964,0.011240769260245642,0.001761576365134614,-0.00021288960994821402,HOLD,1.0,0.8417642274065122,0.8744714671717001,1.7745221612026074,-0.8417642274065122,-0.012348713151043356,1.360260315871088,1.1966418298886548,-0.013936350251479752
2022-03-24,2022-03-23,4520.16,4475.857965849969,0.014242030309045361,0.004392696423683948,-0.012348713151043356,0.0017601845604084854,-0.00021046593568646696,HOLD,1.0,-0.928628514120341,-1.7703927415268532,-2.644864208698553,0.928628514120341,0.014242030309045361,1.3797717962649807,1.213806377975491,0.009849333885361414
2022-03-25,2022-03-24,4543.06,4518.641868740129,0.005053402374178617,-0.0003359142718675237,0.014242030309045361,0.0017627693406141527,-0.000209741904910391,EXIT,0.0,1.0591555443508966,1.9877840584712376,3.7581767999980906,-1.0591555443508966,-0.0002,1.3867619855800646,1.213563640974405,0.005389316646046141
2022-03-28,2022-03-25,4575.52,4545.2322023282,0.007119559648820939,0.00047802212367386996,0.005053402374178617,0.0017613775358880242,-0.0002125433707679644,HOLD,0.0,0.37528002602655897,-0.6838755183243377,-2.6716595767955753,-0.37528002602655897,0.0,1.3966703499978637,1.213563640974405,0.006641537525147069
2022-03-29,2022-03-28,4631.6,4569.322815516041,0.01218202728525597,-0.001355339956658997,0.007119559648820939,0.0017600058062438278,-0.00021036250271845615,HOLD,0.0,0.5272894242500065,0.1520093982234475,0.8358849165477852,-0.5272894242500065,0.0,1.4137886826087764,1.213563640974405,0.013537367241914967
2022-03-30,2022-03-29,4602.45,4618.094422465583,-0.006313610350948906,-0.0029202234182450796,0.01218202728525597,0.0017587545270912254,-0.00021462080584946181,HOLD,0.0,0.895619267773102,0.3683298435230955,0.216320445299648,-0.895619267773102,-0.0,1.4048906905330258,1.213563640974405,-0.0033933869327038265
2022-03-31,2022-03-30,4530.41,4600.689978421929,-0.01577632727939715,-0.0003824828490393984,-0.006313610350948906,0.0017575032479386229,-0.00022168360967375503,HOLD,0.0,-0.4645000773886124,-1.3601193451617144,-1.72844918868481,0.4645000773886124,-0.0,1.382900592792475,1.213563640974405,-0.015393844430357753
2022-04-01,2022-03-31,4545.86,4530.70528446812,0.0034044855260564333,6.517618614373407e-05,-0.01577632727939715,0.001756290305939876,-0.00023284512466772707,HOLD,0.0,-1.1489480192761863,-0.684447941887574,0.6756714032741404,1.1489480192761863,0.0,1.3876166812168425,1.213563640974405,0.003339309339912699
2022-04-04,2022-04-01,4582.64,4528.310607082086,0.00805832262263273,-0.003867993133049464,0.0034044855260564333,0.0017551732068257686,-0.0002268350781325115,HOLD,0.0,0.25178819341016384,1.40073621268635,2.0851841545739243,-0.25178819341016384,0.0,1.398843718902815,1.213563640974405,0.011926315755682194
2022-04-05,2022-04-04,4525.12,4564.770896707439,-0.012631155137048822,-0.0039069254074036155,0.00805832262263273,0.0017540561077116614,-0.00024111439196091363,HOLD,0.0,0.593976922184228,0.3421887287740642,-1.058547483912286,-0.593976922184228,-0.0,1.3812858285358471,1.213563640974405,-0.008724229729645205
2022-04-06,2022-04-05,4481.15,4530.8472350864995,-0.009764386222700594,0.0012648534830984226,-0.012631155137048822,0.0017524757017477347,-0.00026240875316678274,HOLD,0.0,-0.9253111410717002,-1.5192880632559282,-1.8614767920299924,0.9253111410717002,-0.0,1.3678640545540033,1.213563640974405,-0.011029239705799016
2022-04-07,2022-04-06,4500.21,4479.102129549131,0.004244352439510379,-0.00045710108530810825,-0.009764386222700594,0.001750277553317382,-0.0002509425586713141,HOLD,0.0,-0.7126191321031411,0.2126920089685591,1.7319800722244874,0.7126191321031411,0.0,1.3736820898529314,1.213563640974405,0.004701453524818488
2022-04-08,2022-04-07,4488.28,4491.129524482782,-0.0026545074879766872,-0.0020198277641792417,0.004244352439510379,0.0017480794048870298,-0.00026955308089534214,HOLD,0.0,0.31077407398176227,1.0233932060849034,0.8107011971163443,-0.31077407398176227,-0.0,1.3700404759433715,1.213563640974405,-0.0006346797237974456
2022-04-11,2022-04-08,4412.53,4480.51740993156,-0.017021333762949453,-0.001731021819756077,-0.0026545074879766872,0.001746289645630078,-0.00027921747317990027,HOLD,0.0,-0.19445119486723858,-0.5052252688490009,-1.5286184749339042,0.19445119486723858,-0.0,1.346917906484089,1.213563640974405,-0.015290311943193377
2022-04-12,2022-04-11,4397.45,4422.755941665006,-0.0034233936348684324,0.002314796894780285,-0.017021333762949453,0.0017448061782531774,-0.0002868851373508928,ENTER,1.0,-1.2424012450772326,-1.047950050209994,-0.5427247813609932,1.2424012450772326,-0.0036233936348684325,1.3423147599831515,1.2091743790163214,-0.005738190529648718
2022-04-13,2022-04-12,4446.59,4393.840916146118,0.011112682823132047,-0.0008210589527882108,-0.0034233936348684324,0.0017477653836826936,-0.0002832342445680493,EXIT,0.0,-0.2498418236456189,0.9925594214316137,2.0405094716416077,0.2498418236456189,-0.0002,1.3573146684086177,1.2089325683223937,0.011933741775920258
2022-04-14,2022-04-13,4392.59,4433.504066420813,-0.012218479951524586,-0.002947253250623415,0.011112682823132047,0.0017460777217190924,-0.0002900144740219013,HOLD,0.0,0.8175947264650285,1.0674365501106475,0.07487712867903384,-0.8175947264650285,-0.0,1.3408312525564572,1.2089325683223937,-0.009271226700901171
2022-04-18,2022-04-14,4391.69,4401.973241370912,-0.00020491150171686456,0.0021338740023507793,-0.012218479951524586,0.0017445942543421918,-0.00029648001966361867,ENTER,1.0,-0.8968153402228262,-1.7144100666878548,-2.7818466167985023,0.8968153402228262,-0.00040491150171686455,1.3405565289589207,1.2084431567115617,-0.002338785504067644
2022-04-19,2022-04-18,4462.21,4391.927093614494,0.01593004016149635,5.398541671963915e-05,-0.00020491150171686456,0.0017474513624783576,-0.0002931044752163933,HOLD,1.0,-0.015118845750111949,0.8816964944727143,2.596106561160569,0.015118845750111949,0.01593004016149635,1.3620826490680762,1.227847853174949,0.015876054744776713
2022-04-20,2022-04-19,4459.45,4456.7111595523065,-0.000618718957692721,-0.0012330731589748076,0.01593004016149635,0.0017458657978081066,-0.0002894929179100667,EXIT,0.0,1.1812216124860613,1.1963404582361732,0.31464396376345893,-1.1812216124860613,-0.0002,1.3612401633689664,1.2276023081596341,0.0006143542012820866
2022-04-21,2022-04-20,4393.66,4455.251117235966,-0.01486284731647558,-0.0009420132025330907,-0.000618718957692721,0.0017443823304312059,-0.0002959977990283009,HOLD,0.0,-0.04589083776283777,-1.227112450248899,-2.423452908485072,0.04589083776283777,-0.0,1.341157868389083,1.2276023081596341,-0.013920834113942489
2022-04-22,2022-04-21,4271.78,4406.8705484251695,-0.02813199052103066,0.003002218621945116,-0.01486284731647558,0.0017428988630543052,-0.0003022666672874337,ENTER,1.0,-1.0987176059715693,-1.0528267682087316,0.17428568204016748,1.0987176059715693,-0.028331990521030657,1.3039541883138692,1.1933099701448262,-0.031134209142975773
2022-04-25,2022-04-22,4296.12,4300.552747190472,0.005681687572860028,0.006712958091976387,-0.02813199052103066,0.001745653873897121,-0.0002988911228402083,HOLD,1.0,-2.0079164886414045,-0.9091988826698352,0.14362788553889638,2.0079164886414045,0.005681687572860028,1.3113839353850094,1.200109282064757,-0.0010312705191163592
2022-04-26,2022-04-25,4175.2,4285.37887311733,-0.028550028430272434,-0.0025033231724907266,0.005681687572860028,0.001749021468500038,-0.0002955155783929829,EXIT,0.0,0.4053933110795755,2.41330979972098,3.322508682390815,-0.4053933110795755,-0.0002,1.2744732938138357,1.1998692842089296,-0.02604670525778171
2022-04-27,2022-04-26,4183.96,4207.271831771383,0.002095905140411247,0.007652155333974977,-0.028550028430272434,0.0017469254173630355,-0.00030178444665211594,ENTER,1.0,-2.021608909470386,-2.4270022205499617,-4.840312020270941,2.021608909470386,0.0018959051404112471,1.2771472701631872,1.202146280354985,-0.00555625019356373
2022-04-28,2022-04-27,4287.5,4175.551101924806,0.024445646004581434,-0.00201181643492109,0.002095905140411247,0.0017509055957260543,-0.00029840890220489056,EXIT,0.0,0.15088753932690063,2.1724964487972867,4.599498669347248,-0.15088753932690063,-0.0002,1.3087526938174996,1.2019058751402367,0.026457462439502526
2022-04-29,2022-04-28,4131.93,4274.997947213522,-0.03695920232685879,-0.0029201902874215675,0.024445646004581434,0.0017487074472957017,-0.0003027610659294883,HOLD,0.0,1.7159459206843863,1.5650583813574857,-0.607438067439801,-1.7159459206843863,-0.0,1.2612651937411874,1.2019058751402367,-0.03403901203943722
2022-05-02,2022-04-29,4155.38,4158.889925621782,0.005659270037375208,0.006503583696106726,-0.03695920232685879,0.0017467134934520498,-0.00030404650239883026,ENTER,1.0,-2.4779045083137725,-4.193850428998159,-5.758908810355645,2.4779045083137725,0.005459270037375208,1.2684232696992093,1.2084853470881647,-0.0008443136587315183
2022-05-03,2022-05-02,4175.48,4150.534791443172,0.004825441551572496,-0.0011666888544082897,0.005659270037375208,0.0017505915745217183,-0.0003033543442999538,EXIT,0.0,0.38666060539495456,2.864565113708727,7.058415542706886,-0.38666060539495456,-0.0002,1.2745587633775133,1.2082436741868428,0.0059921304059807855
2022-05-04,2022-05-03,4300.17,4163.208343843281,0.02942523504760608,-0.002943308230234041,0.004825441551572496,0.0017483934260913655,-0.00030702844930737466,HOLD,0.0,0.32974234900909466,-0.0569182563858599,-2.9214833700945873,-0.32974234900909466,0.0,1.3126201915739217,1.2082436741868428,0.03236854327784012
2022-05-05,2022-05-04,4146.87,4278.796837957825,-0.03630072399124984,-0.004982699354286576,0.02942523504760608,0.001746501569541064,-0.0003160770585254723,HOLD,0.0,1.941557053229745,1.6118147042206503,1.6687329606065102,-1.941557053229745,-0.0,1.2658256054602848,1.2082436741868428,-0.03131802463696326
2022-05-06,2022-05-05,4123.34,4187.46898274007,-0.005690318260649363,0.009742657206399004,-0.03630072399124984,0.0017450181021641633,-0.0003235467003109455,ENTER,1.0,-2.2994597725874675,-4.241016825817212,-5.852831530037863,2.2994597725874675,-0.005890318260649363,1.2586431096269264,1.201147653835452,-0.015432975467048367
2022-05-09,2022-05-06,3991.24,4129.631925672062,-0.032561554986877184,0.001524766338173147,-0.005690318260649363,0.0017480794048870298,-0.0003197796494732683,HOLD,1.0,-0.36343051500961365,1.9360292575778537,6.177046083395066,0.36343051500961365,-0.032561554986877184,1.2183197904774712,1.1626663243618551,-0.03408632132505033
2022-05-10,2022-05-09,4001.05,4026.7199731334376,0.002454867109817016,0.00885018254890921,-0.032561554986877184,0.001746289645630078,-0.0003153810116625416,HOLD,1.0,-2.0329657133565266,-1.6695351983469129,-3.6055644559247666,2.0329657133565266,0.002454867109817016,1.221314277690614,1.1655240218799172,-0.0063953154390921935
2022-05-11,2022-05-10,3935.18,3997.381448617928,-0.016600202520525187,-0.0009173177673366875,0.002454867109817016,0.001749963532113046,-0.00031050868362202756,EXIT,0.0,0.15471386864516065,2.1876795820016874,3.8572147803486003,-0.15471386864516065,-0.0002,1.2012075628353913,1.1652909403844678,-0.0156828847531885
2022-05-12,2022-05-11,3930.08,3940.4596869855136,-0.0012968422441890226,0.001340764175678692,-0.016600202520525187,0.0017477653836826936,-0.00031924149935360035,HOLD,0.0,-1.0386803818554262,-1.1933942505005868,-3.381073832502274,1.0386803818554262,-0.0,1.1996507957826872,1.1652909403844678,-0.0026376064198677146
2022-05-13,2022-05-12,4023.89,3933.5429425346633,0.023589314531626826,0.0008807499504556986,-0.0012968422441890226,0.0017460777217190924,-0.00031468496479961083,HOLD,0.0,-0.08199457713608525,0.956685804719341,2.1500800552199277,0.08199457713608525,0.0,1.2282861520991935,1.1652909403844678,0.022708564581171126
2022-05-16,2022-05-13,4008.01,4009.0219568680245,-0.003954237650276582,-0.0037017859003414394,0.023589314531626826,0.0017445942543421918,-0.0003098126367590968,HOLD,0.0,1.4599202021273179,1.5419147792634031,0.5852289745440622,-1.4599202021273179,-0.0,1.223438806844891,1.1652909403844678,-0.0002524517499351425
2022-05-17,2022-05-16,4088.85,4015.3792149123915,0.019968898134441915,0.0018369336915306737,-0.003954237650276582,0.001743110786965291,-0.000318703349233932,ENTER,1.0,-0.24784602021923074,-1.7077662223465486,-3.249681001609952,0.24784602021923074,0.019768898134441916,1.2481150908724623,1.188556669495925,0.018131964442911243
2022-05-18,2022-05-17,3923.68,4085.5065864096837,-0.04123376798544065,-0.0008180249396792261,0.019968898134441915,0.0017458657978081066,-0.00031398891793668046,EXIT,0.0,1.2346735479853332,1.482519568204564,3.190285790551113,-1.2346735479853332,-0.0002,1.1976972057557642,1.1883189819315745,-0.040415743045761426
2022-05-19,2022-05-18,3900.79,3972.945031352727,-0.005850892213604908,0.01247765224652426,-0.04123376798544065,0.0017443823304312059,-0.00032193224995194123,ENTER,1.0,-2.432756914284671,-3.667430462270004,-5.149950030474568,2.432756914284671,-0.006050892213604908,1.1907100689250985,1.1811503021831649,-0.018328544460129166
2022-05-20,2022-05-19,3901.36,3910.9962134274356,0.00014611357151927962,0.0026130308628180376,-0.005850892213604908,0.0017471373412740214,-0.00031816519911426373,HOLD,1.0,-0.3480271250965685,2.0847297891881027,5.752160251458107,0.3480271250965685,0.00014611357151927962,1.1908840605368716,1.1813228968812246,-0.002466917291298758
2022-05-23,2022-05-20,3973.75,3908.8737446170708,0.01838502294652855,0.001924077353071582,0.00014611357151927962,0.0017512196169303905,-0.00031329287107374976,HOLD,1.0,0.008760640752769406,0.3567877658493379,-1.7279420233387648,-0.008760640752769406,0.01838502294652855,1.2129809952320192,1.2032424235348094,0.01646094559345697
2022-05-24,2022-05-23,3941.48,3965.2313470414583,-0.008153945948249586,-0.002146032558968756,0.01838502294652855,0.0017543752788871205,-0.00030842054303323573,EXIT,0.0,1.107859988280107,1.0990993475273376,0.7423115816779997,-1.107859988280107,-0.0002,1.2031306280181437,1.2030017991133466,-0.00600791338928083
2022-05-25,2022-05-24,3978.73,3955.6846992462265,0.009406385602540368,0.003597421380026335,-0.008153945948249586,0.0017531037441564066,-0.0003174691522513334,ENTER,1.0,-0.49072489863941227,-1.5985848869195194,-2.6976842344468572,0.49072489863941227,0.009206385602540368,1.2145011324717205,1.2141282361038548,0.005808964222514033
2022-05-26,2022-05-25,4057.84,3980.12081726112,0.019688139439344,0.00034950203420353813,0.009406385602540368,0.0017553327924134984,-0.0003125968242108194,HOLD,1.0,0.5674664460080433,1.0581913446474556,2.656776231566975,-0.5674664460080433,0.019688139439344,1.2386493366951368,1.2382690259433693,0.01933863740514046
2022-05-27,2022-05-26,4158.24,4056.897101534184,0.024441095491292586,-0.00023239162483310461,0.019688139439344,0.001754215693299391,-0.000307724496170305,HOLD,1.0,1.1859279642635554,0.6184615182555121,-0.43972982639194347,-1.1859279642635554,0.024441095491292586,1.2692962802424892,1.268906559755622,0.02467348711612569
2022-05-31,2022-05-27,4132.15,4147.676811244004,-0.006294055196399029,-0.002543534853764934,0.024441095491292586,0.0017527897229520709,-0.00030404650239883026,EXIT,0.0,1.4444218370606674,0.258493872797112,-0.3599676454584001,-1.4444218370606674,-0.0002,1.261332348398362,1.2686528038201101,-0.003750520342634095
2022-06-01,2022-05-31,4101.23,4148.3312020417425,-0.0075109239121431415,0.003908280749338306,-0.006294055196399029,0.0017505915745217183,-0.00031190077734788863,ENTER,1.0,-0.3722001885246814,-1.8166220255853487,-2.0751158983824607,0.3722001885246814,-0.007710923912143141,1.2518940665807907,1.2589079378234647,-0.011419204661481448
2022-06-02,2022-06-01,4176.82,4115.468219935738,0.018263262738202002,0.0034656826393867426,-0.0075109239121431415,0.0017540561077116614,-0.00030702844930737466,HOLD,1.0,-0.4552917212344824,-0.08309153270980102,1.7335304928755477,0.4552917212344824,0.018263262738202002,1.2749677962893997,1.282110940586068,0.01479758009881526
2022-06-03,2022-06-02,4108.54,4182.665227809603,-0.01648245720240027,0.0013984661980827983,0.018263262738202002,0.0017561307203521465,-0.00030394762267041934,HOLD,1.0,1.0971902609600415,1.552481982194524,1.635573514904325,-1.0971902609600415,-0.01648245720240027,1.2541254326896663,1.2611518054011153,-0.017880923400483067
2022-06-06,2022-06-03,4121.43,4134.789571648321,0.0031324562641241727,0.006368703360576805,-0.01648245720240027,0.001755013621238039,-0.0003032554645715429,HOLD,1.0,-1.0025257104680756,-2.0997159714281173,-3.6521979536226414,1.0025257104680756,0.0031324562641241727,1.2580600851032664,1.2651085021283281,-0.0032362470964526326
2022-06-07,2022-06-06,4160.68,4137.853160102866,0.009478331934065665,0.003976902457487207,0.0031324562641241727,0.001757145739609308,-0.00030256330647266647,HOLD,1.0,0.1905255097345245,1.1930512202026,3.292767191630717,-0.1905255097345245,0.009478331934065665,1.270041086440254,1.2771566283147573,0.005501429476578458
2022-06-08,2022-06-07,4115.77,4168.023949949512,-0.010852585537421078,0.0017635281304199662,0.009478331934065665,0.0017594695437498553,-0.0003003377847461621,HOLD,1.0,0.5776626113664098,0.3871371016318853,-0.8059141185707147,-0.5776626113664098,-0.010852585537421078,1.2563323789232055,1.2633711162884498,-0.012616113667841045
2022-06-09,2022-06-08,4017.82,4136.750361988398,-0.024086469933733312,0.005084605979486737,-0.010852585537421078,0.0017616891669136516,-0.00029696224029893673,HOLD,1.0,-0.6601526132012796,-1.2378152245676894,-1.6249523261995749,0.6601526132012796,-0.024086469933733312,1.2264332940580356,1.233304518582444,-0.02917107591322005
2022-06-10,2022-06-09,3900.86,4053.241582562296,-0.029542425335362665,0.008777484750607046,-0.024086469933733312,0.0017635914319119976,-0.00029358669585171135,HOLD,1.0,-1.46165872712645,-0.8015061139251705,0.436309110642519,1.46165872712645,-0.029542425335362665,1.1907314363160175,1.1974026373400266,-0.03831991008596971
2022-06-13,2022-06-10,3749.63,3935.550972361991,-0.03953987319895802,0.008853848810295866,-0.029542425335362665,0.0017640028916102025,-0.0002900144740219013,HOLD,1.0,-1.7796665677575763,-0.3180078406311262,0.48349827329404427,1.7796665677575763,-0.03953987319895802,1.1445687144767127,1.1509812838833704,-0.04839372200925389
2022-06-14,2022-06-13,3735.48,3802.814606915579,-0.003780844063994593,0.014084310142456322,-0.03953987319895802,0.0017784695178877017,-0.00028636358123905784,HOLD,1.0,-2.3001375848895838,-0.5204710171320075,-0.2024631765008813,2.3001375848895838,-0.003780844063994593,1.1402494490265636,1.1466378192836777,-0.017865154206450913
2022-06-15,2022-06-14,3789.99,3740.821175569773,0.014487056184645297,0.0014288286020142406,-0.003780844063994593,0.0018003077089795208,-0.0002827126884562144,HOLD,1.0,-0.22126165803399683,2.078875926855587,2.5993469439875945,0.22126165803399683,0.014487056184645297,1.1568885415839965,1.1633701341479399,0.013058227582631057
2022-06-16,2022-06-15,3666.77,3781.7555467407537,-0.03305221501708466,-0.002175048396630491,0.014487056184645297,0.0017892007972982644,-0.00027773064359766064,EXIT,0.0,0.8406531194685195,1.0619147775025164,-1.0169611493530706,-0.8406531194685195,-0.0002,1.1192758285968953,1.1631374833869619,-0.03087716662045417
2022-06-17,2022-06-16,3674.84,3702.0586959446528,0.002198428750711301,0.00957790367271829,-0.03305221501708466,0.0017766809713192738,-0.00028584202512722324,ENTER,1.0,-1.8811282884383052,-2.7217814079068248,-3.783696185409341,1.8811282884383052,0.001998428750711301,1.1217391835214694,1.1654642549440082,-0.007379474922006989
2022-06-21,2022-06-17,3764.79,3671.561625824858,0.024182488501784505,-0.0008925116158204991,0.002198428750711301,0.0017999320767088291,-0.0002821911323443795,EXIT,0.0,0.12529531493737892,2.006423603375684,4.728205011282508,-0.12529531493737892,-0.0002,1.1491962808529874,1.1652311854007504,0.025075000117605002
2022-06-22,2022-06-21,3759.89,3749.0923323641637,-0.0013023811491290616,-0.004178316821954895,0.024182488501784505,0.0017874122507298385,-0.0002889713617982318,HOLD,0.0,1.3616861496984274,1.2363908347610484,-0.7700327686146355,-1.3616861496984274,-0.0,1.1477005634886244,1.1652311854007504,0.0028759356728258337
2022-06-23,2022-06-22,3795.73,3757.2323673109895,0.009487049060657782,-0.0007070878109677724,-0.0013023811491290616,0.001774892424750846,-0.0002955155783929829,HOLD,0.0,-0.07346044083967186,-1.4351465905380993,-2.6715374252991477,0.07346044083967186,0.0,1.1586406676393932,1.1652311854007504,0.010194136871625554
2022-06-24,2022-06-23,3911.74,3793.438317928739,0.03010553708080721,-0.0006039349886345011,0.009487049060657782,0.0017641294945942654,-0.00030178444665211594,HOLD,0.0,0.5343347092111183,0.6077951500507901,2.0429417405888897,-0.5343347092111183,0.0,1.1940525393617876,1.1652311854007504,0.03070947206944171
2022-06-27,2022-06-24,3900.11,3895.653696140639,-0.0029775299301260105,-0.004120792994127938,0.03010553708080721,0.0017639079393721553,-0.0003034532240283648,HOLD,0.0,1.6575477808881773,1.1232130716770592,0.5154179216262691,-1.6575477808881773,-0.0,1.1905024999847376,1.1652311854007504,0.0011432630640019273
2022-06-28,2022-06-27,3821.55,3906.4486038569826,-0.02034865838324862,0.0016239179314728723,-0.0029775299301260105,0.0017636863841500449,-0.000307724496170305,HOLD,0.0,-0.163988793045488,-1.8215365739336653,-2.9447496456107247,0.163988793045488,-0.0,1.166522182404259,1.1652311854007504,-0.021972576314721493
2022-06-29,2022-06-28,3818.83,3842.833700184762,-0.0007120065009615928,0.005553937727405275,-0.02034865838324862,0.0017631937734188183,-0.00030404650239883026,ENTER,1.0,-1.1167115319044214,-0.9527227388589334,0.8688138350747319,1.1167115319044214,-0.0009120065009615928,1.165691906642817,1.16416897143119,-0.006265944228366868
2022-06-30,2022-06-29,3785.38,3826.657488289762,-0.00879781483060782,0.002047610708046039,-0.0007120065009615928,0.0017638762886261394,-0.0003033543442999538,HOLD,1.0,-0.03910878351752142,1.0776027483869,2.0303254872458334,0.03910878351752142,-0.00879781483060782,1.1554813462677287,1.153971750791787,-0.010845425538653858
2022-07-01,2022-06-30,3825.33,3797.04075240852,0.010498459915641689,0.0030757358321274824,-0.00879781483060782,0.0017713153316139905,-0.0003026621862010774,HOLD,1.0,-0.4843607614586832,-0.4452519779411618,-1.5228547263280618,0.4843607614586832,0.010498459915641689,1.1676760215139113,1.1661504941264407,0.007422724083514206
2022-07-05,2022-07-01,3831.39,3820.055375756763,0.0015829235665787422,-0.0013798192820536988,0.010498459915641689,0.0017945664370035478,-0.00030082000538148013,EXIT,0.0,0.576670709166446,1.0610314706251291,1.506283448566291,-0.576670709166446,-0.0002,1.1695258270706526,1.1659172873490704,0.002962742848632441
2022-07-06,2022-07-05,3845.08,3838.553329918306,0.0035667473495824,0.0018678969825305987,0.0015829235665787422,0.0017820466110245552,-0.0003032554645715429,ENTER,1.0,0.08701851030541198,-0.48965219886103406,-1.5506836694861632,-0.08701851030541198,0.0033667473495823997,1.1737046782376184,1.1698492515370265,0.001698850367051801
2022-07-07,2022-07-06,3902.62,3844.589637238541,0.014853713471199015,-0.00012753805696645012,0.0035667473495824,0.0018010589735209044,-0.00030256330647266647,HOLD,1.0,0.19612022312964517,0.10910171282423319,0.5987539116852673,-0.19612022312964517,0.014853713471199015,1.1912686735734221,1.187355552038821,0.014981251528165465
2022-07-08,2022-07-07,3899.38,3899.558841143239,-0.0008305563153676587,-0.0007846933724955101,0.014853713471199015,0.00179277789043512,-0.0003003377847461621,EXIT,0.0,0.8105297155674399,0.6144094924377947,0.5053077796135615,-0.8105297155674399,-0.0002,1.1902796686222934,1.1871181046739412,-4.586294287214866e-05
2022-07-11,2022-07-08,3854.43,3905.956363444495,-0.011594429978107001,0.0016850945800236136,-0.0008305563153676587,0.0017802580644561273,-0.000303156584843132,HOLD,0.0,-0.04557269010012639,-0.8561024056675663,-1.470511898105361,0.04557269010012639,-0.0,1.1765587511675755,1.1871181046739412,-0.013279524558130616
2022-07-12,2022-07-11,3818.8,3879.289922751267,-0.009286899019016914,0.006428991125935135,-0.011594429978107001,0.001767738238477137,-0.00030246442674425556,ENTER,1.0,-0.6347648541451785,-0.589192164045052,0.2669102416225143,0.6347648541451785,-0.009486899019016915,1.1656827491895654,1.1759092876161996,-0.01571589014495205
2022-07-13,2022-07-12,3801.78,3837.757722996853,-0.004466859031662551,0.004952032603631656,-0.009286899019016914,0.0017909893438666923,-0.0002998555641108441,HOLD,1.0,-0.5101704229215334,0.12459443122364511,0.7137865952686971,0.5101704229215334,-0.004466859031662551,1.1604874207117173,1.1706683805052676,-0.009418891635294208
2022-07-14,2022-07-13,3790.38,3809.8643059847695,-0.0030031001895842735,0.0021241951671993812,-0.004466859031662551,0.0018029371348743627,-0.00029648001966361867,HOLD,1.0,-0.24595747706922502,0.26421294585230837,0.13961851462866326,0.24595747706922502,-0.0030031001895842735,1.1570075884762614,1.1671580196906604,-0.005127295356783655
2022-07-15,2022-07-14,3863.16,3796.6324088351444,0.01901922349251528,0.0016481876959274933,-0.0030031001895842735,0.0018075894021855588,-0.0002931044752163933,HOLD,1.0,-0.16537857420211488,0.08057890286711014,-0.18363404298519823,0.16537857420211488,0.01901922349251528,1.1792235700636753,1.1895689021544464,0.01737103579658779
2022-07-18,2022-07-15,3830.85,3853.88688446075,-0.00839879072885985,-0.0024032820174255845,0.01901922349251528,0.0018051909284985124,-0.0002894929179100667,EXIT,0.0,1.0440805816033951,1.2094591558055101,1.1288802529383999,-1.0440805816033951,-0.0002,1.1693609929121327,1.1893310121638077,-0.005995508711434266
2022-07-19,2022-07-18,3936.69,3843.0712664780926,0.02725355801980278,0.0031851452173980496,-0.00839879072885985,0.001802561502603671,-0.0002959977990283009,ENTER,1.0,-0.4606870374202703,-1.5047676190236654,-2.7142267748291755,0.4606870374202703,0.027053558019802783,1.2016684879823702,1.2219458319717535,0.02406841280240473
2022-07-20,2022-07-19,3959.9,3925.985353055052,0.005878503718333761,-0.0027229036118495476,0.02725355801980278,0.0018074447221226625,-0.0002926222545810753,EXIT,0.0,1.4687112383152416,1.929398275735512,3.434165894759177,-1.4687112383152416,-0.0002,1.2087533043143814,1.2217014672426467,0.008601407330183308
2022-07-21,2022-07-20,3998.95,3959.471188513426,0.009813054238449581,-0.00010829432710900329,0.005878503718333761,0.0018048152962278211,-0.0002988911228402083,HOLD,0.0,0.3220025161064135,-1.1467087222088281,-3.07610699794434,-0.3220025161064135,0.0,1.2206732559630291,1.2217014672426467,0.009921348565558584
2022-07-22,2022-07-21,3961.63,3994.1067079787235,-0.009376269923423663,-0.0012118749537198895,0.009813054238449581,0.0018021858703329793,-0.0002955155783929829,HOLD,0.0,0.5365116369224753,0.21450912081606177,1.3612178430248898,-0.5365116369224753,-0.0,1.2092813841185337,1.2217014672426467,-0.008164394969703774
2022-07-25,2022-07-22,3966.84,3968.808920335337,0.0013142512363462089,0.0018104728800969379,-0.009376269923423663,0.0017981435301404013,-0.00030178444665211594,ENTER,1.0,-0.521799305321192,-1.0583109422436672,-1.2728200630597288,0.521799305321192,0.0011142512363462088,1.2108717284998256,1.223063508300013,-0.000496221643750729
2022-07-26,2022-07-25,3921.05,3971.7946467226525,-0.011610332895749309,0.0012482366518820416,0.0013142512363462089,0.0018044396639571294,-0.00029840890220489056,HOLD,1.0,0.07314723057874753,0.5949465358999395,1.6532574781436067,-0.07314723057874753,-0.011610332895749309,1.1968944023540766,1.2089454500861565,-0.01285856954763135
2022-07-27,2022-07-26,4023.61,3932.6749704938975,0.025820034533563074,0.002960373333033794,-0.011610332895749309,0.0018018102380622874,-0.00029503335775766485,HOLD,1.0,-0.6557064109422932,-0.7288536415210407,-1.3238001774209802,0.6557064109422932,0.025820034533563074,1.2282006825355154,1.2405669405952888,0.02285966120052928
2022-07-28,2022-07-27,4072.43,4008.130647962671,0.012060363275690378,-0.003854549563098983,0.025820034533563074,0.0018066934575812793,-0.00029157914235740574,EXIT,0.0,1.4815467559335609,2.137253166875854,2.8661068083968946,-1.4815467559335609,-0.0002,1.243102911459637,1.2403188520168547,0.01591491283878936
2022-07-29,2022-07-28,4130.29,4062.8341847241427,0.01410774953829197,-0.0023590677593716054,0.012060363275690378,0.0018040640316864375,-0.0002979266815695725,HOLD,0.0,0.6897453709198085,-0.7918013850137524,-2.9290545518896063,-0.6897453709198085,0.0,1.2607645862967871,1.2403188520168547,0.016466817297663576
2022-08-01,2022-07-29,4118.63,4117.674089077422,-0.002827038634318768,-0.003059159963626624,0.01410774953829197,0.0018014346057915957,-0.0003026621862010774,HOLD,0.0,0.8028298404006649,0.11308446948085638,0.9048858544946088,-0.8028298404006649,-0.0,1.2572053894664867,1.2403188520168547,0.0002321213293078558
2022-08-02,2022-08-01,4091.19,4117.772664660701,-0.006684702509966556,-0.00020818198849705119,-0.002827038634318768,0.0017945664370035478,-0.00030394762267041934,HOLD,0.0,-0.1649430932196714,-0.9677729336203362,-1.0808574031011926,0.1649430932196714,-0.0,1.248829372226056,1.2403188520168547,-0.006476520521469504
2022-08-03,2022-08-02,4155.17,4090.0700673465562,0.015517460750034573,-0.0002737799926222385,-0.006684702509966556,0.0017820466110245552,-0.0003032554645715429,HOLD,0.0,-0.4048299256106839,-0.23988683239101252,0.7278861012293237,0.4048299256106839,0.0,1.2683591675264496,1.2403188520168547,0.015791240742656813
2022-08-04,2022-08-03,4151.94,4128.637973101452,-0.0007776471390830153,-0.006405778045770315,0.015517460750034573,0.0017695267850455646,-0.00030256330647266647,HOLD,0.0,0.9336595929630767,1.3384895185737606,1.5783763509647732,-0.9336595929630767,-0.0,1.267373215059737,1.2403188520168547,0.005628130906687299
2022-08-05,2022-08-04,4145.19,4138.016173162652,-0.0016270689959387852,-0.003359207127240506,-0.0007776471390830153,0.0017640345423562181,-0.00030384874294200843,HOLD,0.0,-0.048429014891297556,-0.9820886078543742,-2.320578126428135,0.048429014891297556,-0.0,1.2653127880782167,1.2403188520168547,0.0017321381313017206
2022-08-08,2022-08-05,4140.06,4130.733766912337,-0.001238345410353503,-0.0034935671709939915,-0.0016270689959387852,0.001763812987134108,-0.00031050868362202756,HOLD,0.0,-0.10132218763366972,-0.052893172742372166,0.9291954351120021,0.10132218763366972,-0.0,1.2637468635722628,1.2403188520168547,0.0022552217606404885
2022-08-09,2022-08-08,4122.47,4129.253689598511,-0.004257782198347826,-0.0026135945396441387,-0.001238345410353503,0.0017635914319119976,-0.00031924149935360035,HOLD,0.0,-0.07787677812369219,0.023445409509977533,0.0763385822523497,0.07787677812369219,-0.0,1.258377543482642,1.2403188520168547,-0.0016441876587036872
2022-08-10,2022-08-09,4210.24,4112.840625929379,0.021067154907855823,-0.002338558652244142,-0.004257782198347826,0.001762692237917096,-0.00032623745090928636,HOLD,0.0,-0.2675713784318621,-0.18969460030816987,-0.2131400098181474,0.2675713784318621,0.0,1.285169199211238,1.2403188520168547,0.023405713560099965
2022-08-11,2022-08-10,4207.27,4178.4387638784365,-0.0007056718966165221,-0.007581977892205411,0.021067154907855823,0.0017615219884130778,-0.00033172262965158587,HOLD,0.0,1.3287647742082158,1.5963361526400779,1.7860307529482478,-1.3287647742082158,-0.0,1.2842626113393705,1.2403188520168547,0.006876305995588889
2022-08-12,2022-08-11,4280.15,4195.468387050175,0.017174074409835427,-0.002808993965113176,-0.0007056718966165221,0.0017603517389090594,-0.00033824270072611796,HOLD,0.0,-0.04453907936424153,-1.3733038535724573,-2.9696400062125354,0.04453907936424153,0.0,1.306509117770954,1.2403188520168547,0.019983068374948603
2022-08-15,2022-08-12,4297.14,4254.125774588308,0.0039616294239337435,-0.006098773173808435,0.017174074409835427,0.0017591120354205404,-0.0003685122758878368,HOLD,0.0,1.0876127499053607,1.1321518292696022,2.5054556828420598,-1.0876127499053607,0.0,1.3116952887955524,1.2403188520168547,0.010060402597742178
2022-08-16,2022-08-15,4305.2,4280.427069134768,0.001873909275516894,-0.003896898008602237,0.0039616294239337435,0.0017578607562679378,-0.00039324973727116743,HOLD,0.0,0.26767299268710704,-0.8199397572182536,-1.9520915864878559,-0.26767299268710704,0.0,1.3141555912357064,1.2403188520168547,0.005770807284119131
2022-08-17,2022-08-16,4274.04,4285.844394978272,-0.007264078640478289,-0.0045060034337203285,0.001873909275516894,0.0017566094771153352,-0.0004132453868444508,HOLD,0.0,0.12688418673382,-0.14078880595328705,0.6791509512649666,-0.12688418673382,-0.0,1.3046440497921261,1.2403188520168547,-0.00275807520675796
2022-08-18,2022-08-17,4283.74,4260.062695539869,0.002266944033161522,-0.003275638331666257,-0.007264078640478289,0.001755492378001228,-0.0004417515908458284,HOLD,0.0,-0.4904079798946067,-0.6172921666284267,-0.47650336067513965,0.4904079798946067,0.0,1.3076049596766814,1.2403188520168547,0.005542582364827779
2022-08-19,2022-08-18,4228.48,4265.682685302227,-0.01298386938135998,-0.004224224772544768,0.002266944033161522,0.0017543752788871205,-0.0004776851325860787,HOLD,0.0,0.1547770639364199,0.6451850438310266,1.2624772104594533,-0.1547770639364199,-0.0,1.2907369307879684,1.2403188520168547,-0.008759644608815212
2022-08-22,2022-08-19,4137.99,4220.755603721841,-0.021632427725286618,-0.00182842538483207,-0.01298386938135998,0.0017531037441564066,-0.0005222839016883467,HOLD,0.0,-0.8825234555476804,-1.0373005194841003,-1.6824855633151268,0.8825234555476804,-0.0,1.2631149992979296,1.2403188520168547,-0.019804002340454548
2022-08-23,2022-08-22,4128.73,4144.792926827412,-0.00224030906405126,0.001642667305720199,-0.021632427725286618,0.0017509055957260543,-0.0005515457515486616,HOLD,0.0,-1.445889401963959,-0.5633659464162786,0.4739345730678217,1.445889401963959,-0.0,1.2602883987277242,1.2403188520168547,-0.003882976369771459
2022-08-24,2022-08-23,4140.77,4120.472922794854,0.002911907251338164,-0.0020019097699601226,-0.00224030906405126,0.0017487074472957017,-0.0005364775659488349,HOLD,0.0,-0.1518349569296186,1.2940544450343403,1.8574203914506189,0.1518349569296186,0.0,1.2639635899658743,1.2403188520168547,0.004913817021298287
2022-08-25,2022-08-24,4199.12,4124.955996009129,0.013993218645289573,-0.003826408785734464,0.002911907251338164,0.0017467134934520498,-0.0005644613392056542,HOLD,0.0,0.20199888666876276,0.3538338435983813,-0.940220601435959,-0.20199888666876276,0.0,1.2817748365394597,1.2403188520168547,0.017819627431024037
2022-08-26,2022-08-25,4057.66,4180.234460394314,-0.03426852674898484,-0.004507643559571001,0.013993218645289573,0.0017452300260751492,-0.0005703921590946129,HOLD,0.0,0.964740099041243,0.7627412123724803,0.40890736877409894,-0.964740099041243,-0.0,1.2385943919756297,1.2403188520168547,-0.02976088318941384
2022-08-29,2022-08-26,4030.61,4072.5129102448964,-0.006688723509263639,0.0036537788145100973,-0.03426852674898484,0.0017437465586982485,-0.0005781647698047474,ENTER,1.0,-2.2626837146788112,-3.2274238137200544,-3.9901650260925345,2.2626837146788112,-0.0068887235092636384,1.2303374216274638,1.2318040002839559,-0.010342502323773737
2022-08-30,2022-08-29,3986.16,4025.8017832928535,-0.01108936779165326,-0.001193637417591143,-0.006688723509263639,0.001746501569541064,-0.0005712788630964099,EXIT,0.0,-0.44675761231553435,1.815926102363277,5.043349916083331,0.44675761231553435,-0.0002,1.216769128393601,1.2315576641183368,-0.009895730374062117
2022-08-31,2022-08-30,3955.0,3977.950658194584,-0.007847760257099878,-0.002061584793409255,-0.01108936779165326,0.0017450181021641633,-0.0005878286018659046,HOLD,0.0,-0.7447192294960845,-0.29796161718055014,-2.1138877195438273,0.7447192294960845,-0.0,1.2072575869500188,1.2315576641183368,-0.005786175463690623
2022-09-01,2022-08-31,3966.85,3944.760125343051,0.002991727649110487,-0.0025924534997268014,-0.007847760257099878,0.0017435346347872628,-0.0006047878410987254,HOLD,0.0,-0.5262475933390388,0.21847163615704568,0.5164332533375958,0.5262475933390388,0.0,1.2108747809842435,1.2315576641183368,0.0055841811488372885
2022-09-02,2022-09-01,3924.26,3953.0703257001187,-0.010794530441165406,-0.00347975424945794,0.002991727649110487,0.00174008975146074,-0.0006084835351103641,HOLD,0.0,0.20131189001785416,0.727559483356893,0.5090878471998473,-0.20131189001785416,-0.0,1.197874249851956,1.2315576641183368,-0.007314776191707466
2022-09-06,2022-09-02,3908.19,3917.3196596558682,-0.0041034472098147035,-0.001770138787742638,-0.010794530441165406,0.001735173806172,-0.0006141421999053385,HOLD,0.0,-0.7263911306674771,-0.9277030206853312,-1.6552625040422242,0.7263911306674771,-0.0,1.1929689073937289,1.2315576641183368,-0.0023333084220720657
2022-09-07,2022-09-06,3979.87,3903.547978217235,0.01817480422855766,-0.0011884736385428792,-0.0041034472098147035,0.001730257860883261,-0.0006206249901116267,HOLD,0.0,-0.2820178004168239,0.4443733302506532,1.3720763509359843,0.2820178004168239,0.0,1.214849115695264,1.2315576641183368,0.019363277867100542
2022-09-08,2022-09-07,4006.18,3956.0402211027335,0.006589013388980547,-0.006005574623588037,0.01817480422855766,0.0017271502333453571,-0.0006268420970542087,HOLD,0.0,1.276815314852952,1.5588331152697759,1.1144597850191227,-1.276815314852952,0.0,1.2228802021965681,1.2315576641183368,0.012594588012568584
2022-09-09,2022-09-08,4067.36,3992.2031732078785,0.015155971507018862,-0.0034949165890255126,0.006589013388980547,0.0017247659329077882,-0.0006301849466917816,HOLD,0.0,0.49704088934912344,-0.7797744255038286,-2.338607540773604,-0.49704088934912344,0.0,1.241555301860185,1.2315576641183368,0.018650888096044375
2022-09-12,2022-09-09,4110.41,4052.536314311598,0.01052863988146946,-0.0036512047895284516,0.015155971507018862,0.001722381632470219,-0.000631832112366318,HOLD,0.0,1.134154718612565,0.6371138292634415,1.41688825476727,-1.134154718612565,0.0,1.2546962472756593,1.2315576641183368,0.01417984467099791
2022-09-13,2022-09-12,3932.69,4104.017102406843,-0.04419911011958355,-0.0015565051108581412,0.01052863988146946,0.0017214023742545305,-0.0006346880002719889,HOLD,0.0,0.7911943760658878,-0.34296034254667707,-0.9800741718101186,-0.7911943760658878,-0.0,1.2004474942155419,1.2315576641183368,-0.04264260500872541
2022-09-14,2022-09-13,3946.01,3946.2538226403376,0.003381271704881783,0.0034430594620815658,-0.04419911011958355,0.0017206572897424891,-0.0006366371132241828,ENTER,1.0,-3.188512005571455,-3.979706381637343,-3.636746039090666,3.188512005571455,0.003181271704881783,1.2045134034590752,1.2354818222652328,-6.178775719978269e-05
2022-09-15,2022-09-14,3901.35,3933.188784071263,-0.011382294724738173,-0.0032544494932449375,0.003381271704881783,0.001722041018121995,-0.0006360061023822985,EXIT,0.0,0.24388299555774307,3.432395001129198,7.412101382766541,-0.24388299555774307,-0.0002,1.1908810080524543,1.235234750608769,-0.008127845231493236
2022-09-16,2022-09-15,3873.33,3894.998263730156,-0.0072080449142468694,-0.0016294135306163143,-0.011382294724738173,0.0017212959336099533,-0.0006371779796600835,HOLD,0.0,-0.8355416195936429,-1.079424615151386,-4.511819616280584,0.8355416195936429,-0.0,1.1823279467158323,1.235234750608769,-0.005578631383630555
2022-09-19,2022-09-16,3899.89,3866.7831514268655,0.006833745439536187,-0.0016916678106207582,-0.0072080449142468694,0.0017205508490979117,-0.0006420111476388211,HOLD,0.0,-0.5277573474526119,0.307784272141031,1.387208887292417,0.5277573474526119,0.0,1.1904353453275622,1.235234750608769,0.008525413250156946
2022-09-20,2022-09-19,3855.93,3888.4563278202995,-0.011336124553071869,-0.00293609963200898,0.006833745439536187,0.0017193028199401904,-0.0006511158214353369,HOLD,0.0,0.5012818110778602,1.0290391585304721,0.7212548863894411,-0.5012818110778602,-0.0,1.1770166238301363,1.235234750608769,-0.008400024921062888
2022-09-21,2022-09-20,3789.93,3855.4744018257857,-0.01726467378977503,-0.00011816217928775895,-0.011336124553071869,0.0017150371229083942,-0.0006538362116780472,HOLD,0.0,-0.8623401561189458,-1.363621967196806,-2.392661125727278,0.8623401561189458,-0.0,1.1568702266774928,1.235234750608769,-0.01714651161048727
2022-09-22,2022-09-21,3757.99,3786.0147654024763,-0.00846330926893124,-0.0010335964865964057,-0.01726467378977503,0.0017107714258765973,-0.0006526578604247712,HOLD,0.0,-1.295719741912515,-0.4333795857935693,0.9302423814032367,1.295719741912515,-0.0,1.1471205914493814,1.235234750608769,-0.007429712782334835
2022-09-23,2022-09-22,3693.23,3748.3547765203057,-0.01738282607756858,-0.002567222545301514,-0.00846330926893124,0.0017056674631546827,-0.000654846227037998,HOLD,0.0,-0.6455318775256565,0.6501878643868585,1.0835674501804278,0.6455318775256565,-0.0,1.1273527023644545,1.235234750608769,-0.014815603532267067
2022-09-26,2022-09-23,3655.04,3698.4443548550357,-0.010394376865969335,0.0014108726845003666,-0.01738282607756858,0.0016984678362074702,-0.0006641964383277995,HOLD,0.0,-1.3074446666038937,-0.6619127890782371,-1.3121006534650956,1.3074446666038937,-0.0,1.1156952643756768,1.235234750608769,-0.011805249550469701
2022-09-27,2022-09-26,3647.29,3656.0935677831876,-0.0021226109775351887,0.0002882091486122579,-0.010394376865969335,0.0016912682092602577,-0.0006584605495530672,HOLD,0.0,-0.7807323309721568,0.5267123356317369,1.188625124709974,0.7807323309721568,-0.0,1.1133295889524484,1.235234750608769,-0.002410820126147447
2022-09-28,2022-09-27,3719.04,3640.578375290819,0.01948114438777715,-0.0018418627398225581,-0.0021226109775351887,0.001686845203214687,-0.000654677891144673,HOLD,0.0,-0.16037825569309733,0.6203540752790595,0.09364173964732259,0.16037825569309733,0.0,1.1352311646449051,1.235234750608769,0.021323007127599707
2022-09-29,2022-09-28,3640.47,3702.112295044154,-0.021352776272161478,-0.004562023157913326,0.01948114438777715,0.0016861243583713038,-0.0006633770256456947,HOLD,0.0,1.4442470257253535,1.6046252814184507,0.9842712061393912,-1.4442470257253535,-0.0,1.1112477945800099,1.235234750608769,-0.01679075311424815
2022-09-30,2022-09-29,3585.62,3644.6886806347907,-0.01518139227639459,0.0011581576438571307,-0.021352776272161478,0.0016854035135279207,-0.0006725271058071917,HOLD,0.0,-1.5537400898033318,-2.9979871155286855,-4.602612396947136,1.5537400898033318,-0.0,1.0945049175523967,1.235234750608769,-0.01633954992025172
2022-10-03,2022-09-30,3678.43,3582.534770741655,0.02555462879740844,-0.000860815522971597,-0.01518139227639459,0.00168374414575091,-0.0006682935017383227,HOLD,0.0,-1.107660885827984,0.44607920397534784,3.4440663195040333,1.107660885827984,0.0,1.1228350254271968,1.235234750608769,0.026415444320380038
2022-10-04,2022-10-03,3790.93,3663.711608447515,0.030125340865302164,-0.004009296484119155,0.02555462879740844,0.0016813808857736783,-0.000674439012488093,HOLD,0.0,1.8071104526725592,2.914771338500543,2.4686921345251953,-1.8071104526725592,0.0,1.1571754751191992,1.235234750608769,0.03413463734942132
2022-10-05,2022-10-04,3783.28,3774.91123059408,-0.0020200133350627425,-0.004234504228615933,0.030125340865302164,0.001679017625796447,-0.0006798766972326132,HOLD,0.0,2.0595233643866604,0.2524129117141012,-2.662358426786442,-2.0595233643866604,-0.0,1.1548403245401448,1.235234750608769,0.00221449089355319
2022-10-06,2022-10-05,3744.52,3776.0045143029315,-0.010297920383575132,-0.0019249144359595827,-0.0020200133350627425,0.0016708037304769448,-0.0006924380934579194,HOLD,0.0,-0.13853279032701057,-2.198056154713671,-2.450469066427772,0.13853279032701057,-0.0,1.143008894939592,1.235234750608769,-0.00837300594761555
2022-10-07,2022-10-06,3639.66,3749.0636631087173,-0.02840316716749136,0.001212681106880901,-0.010297920383575132,0.001660249581020535,-0.0007011967642061622,HOLD,0.0,-0.7038881271002978,-0.5653553367732872,1.6327008179403837,0.7038881271002978,-0.0,1.1110005433422259,1.235234750608769,-0.02961584827437226
2022-10-10,2022-10-07,3612.39,3647.3307970214764,-0.00752066754461822,0.0021053408927006767,-0.02840316716749136,0.0016496954315641237,-0.0006977603202618896,ENTER,1.0,-1.884524068228297,-1.1806359411279992,-0.615280604354712,1.884524068228297,-0.00772066754461822,1.1026764183368856,1.2257346345693036,-0.009626008437318897
2022-10-11,2022-10-10,3588.84,3618.0192473066704,-0.006540572639369913,0.0015571036856990852,-0.00752066754461822,0.0016692959948403142,-0.0006914718322098192,HOLD,1.0,-0.5056896927048099,1.3788343755234873,2.5594703166514865,0.5056896927048099,-0.006540572639369913,1.0954878175346927,1.2177437889950142,-0.008097676325068998
2022-10-12,2022-10-11,3577.03,3592.0739000385684,-0.0032961833504643323,0.0009006932271323609,-0.006540572639369913,0.0016587418453839046,-0.0006847080034731158,HOLD,1.0,-0.44018735590032865,0.06550233680448125,-1.3133320387190062,0.44018735590032865,-0.0032961833504643323,1.0918828334381367,1.2137364902165704,-0.004196876577596693
2022-10-13,2022-10-12,3669.91,3575.766625497444,0.025634291446896995,-0.00035325330268466747,-0.0032961833504643323,0.0016481876959274933,-0.0006779441747364117,HOLD,1.0,-0.22910976436784858,0.21107759153248007,0.14557525472799882,0.22910976436784858,0.025634291446896995,1.1202343087038553,1.2452519779847226,0.025987544749581662
2022-10-14,2022-10-13,3583.07,3654.4025142678397,-0.023947163771952162,-0.004234529554634832,0.025634291446896995,0.0016479001672310989,-0.0006757136169420271,EXIT,0.0,1.734208030341245,1.9633177947090936,1.7522402031766136,-1.734208030341245,-0.0002,1.0937265340260447,1.245002952492505,-0.01971263421731733
2022-10-17,2022-10-14,3677.95,3586.2116064536867,0.026135556911906832,0.0008764076590169796,-0.023947163771952162,0.0016476126385347044,-0.000683741742225015,HOLD,0.0,-1.597153974071688,-3.331362004412933,-5.294679799122027,1.597153974071688,0.0,1.1226885061751775,1.245002952492505,0.025259149252889853
2022-10-18,2022-10-17,3719.98,3666.035398876733,0.011362760181542697,-0.00324472637933396,0.026135556911906832,0.0016473085872644169,-0.0006776255236229283,HOLD,0.0,1.6986054283653025,3.2957594024369907,6.627121406849923,-1.6986054283653025,0.0,1.135518098180109,1.245002952492505,0.014607486560876657
2022-10-19,2022-10-18,3695.16,3713.3702195244523,-0.006694436704711038,-0.0017784127001785617,0.011362760181542697,0.0016469054005507709,-0.0006895393097136183,HOLD,0.0,0.7345409884162722,-0.9640644399490302,-4.259823842386021,-0.7345409884162722,-0.0,1.1279418318569492,1.245002952492505,-0.004916024004532476
2022-10-20,2022-10-19,3665.78,3698.0611645072054,-0.007982718516093001,0.00078481749471937,-0.006694436704711038,0.0016465022138371246,-0.0006997240025157596,HOLD,0.0,-0.433988254919062,-1.1685292433353343,-0.20446480338630402,0.433988254919062,-0.0,1.1189736326396065,1.245002952492505,-0.008767536010812371
2022-10-21,2022-10-20,3752.75,3662.8845441913827,0.02344776785243674,-0.0007901728730554071,-0.007982718516093001,0.0016458595315666598,-0.0006953368772022211,HOLD,0.0,-0.5306890105466311,-0.09670075562756908,1.0718284877077653,0.5306890105466311,0.0,1.1455210896148387,1.245002952492505,0.02423794072549215
2022-10-24,2022-10-21,3797.34,3744.351070079534,0.01181191705979856,-0.0022405816209900226,0.02344776785243674,0.0016446181104041472,-0.0007026695258965649,HOLD,0.0,1.533867821511065,2.064556832057696,2.1612575876852653,-1.533867821511065,0.0,1.1591321176305411,1.245002952492505,0.014052498680788582
2022-10-25,2022-10-24,3859.11,3791.5606198390637,0.01613576532526828,-0.0015231142342582674,0.01181191705979856,0.0016433766892416347,-0.0007124233017500025,HOLD,0.0,0.774544633498947,-0.7593231880121181,-2.823880020069814,-0.774544633498947,0.0,1.1779873138747632,1.245002952492505,0.01765887955952655
2022-10-26,2022-10-25,3830.6,3843.806504219375,-0.007415138056792614,-0.003973434193857766,0.01613576532526828,0.0016423949749672154,-0.0007297636467922487,HOLD,0.0,1.0467111824484023,0.27216654894945536,1.0314897369615734,-1.0467111824484023,-0.0,1.1692846808017046,1.245002952492505,-0.0034417038629348477
2022-10-27,2022-10-26,3807.3,3822.8723671901753,-0.006101172384331832,-0.0020193802407892326,-0.007415138056792614,0.0016417595365435871,-0.0007397803588655551,HOLD,0.0,-0.48086343377416657,-1.527574616222569,-1.7997411651720243,0.48086343377416657,-0.0,1.162172392109939,1.245002952492505,-0.0040817921435426
2022-10-28,2022-10-27,3901.06,3805.2193937922198,0.024328034575768598,-0.0005466275097530839,-0.006101172384331832,0.0016411240981199589,-0.0007459693592106374,HOLD,0.0,-0.3993545145617175,0.08150891921244907,1.6090835354350181,0.3993545145617175,0.0,1.1907924860043586,1.245002952492505,0.024874662085521682
2022-10-31,2022-10-28,3871.98,3879.4034373120116,-0.007482306966124952,-0.005566922534024561,0.024328034575768598,0.0016405036022959594,-0.000743389415257536,HOLD,0.0,1.5558881745496678,1.9552426891113852,1.8737337698989363,-1.5558881745496678,-0.0,1.1819158613195295,1.245002952492505,-0.001915384432100391
2022-11-01,2022-10-31,3856.1,3864.3802608747365,-0.004109694089747151,-0.0019646814040612222,-0.007482306966124952,0.0016398943134216812,-0.0007463171719275328,HOLD,0.0,-0.4778554363502988,-2.0337436108999665,-3.9889863000113515,0.4778554363502988,-0.0,1.1770685160652266,1.245002952492505,-0.002145012685685929
2022-11-02,2022-11-01,3759.69,3846.580066051646,-0.02531980282762092,-0.0024718510217194723,-0.004109694089747151,0.0016392850245474033,-0.0007504425997044273,HOLD,0.0,-0.26238563371378565,0.21546980263651316,2.24921341353648,0.26238563371378565,-0.0,1.147639513800282,1.245002952492505,-0.022847951805901448
2022-11-03,2022-11-02,3719.89,3758.1544310740974,-0.010642409238982964,-0.00040851309476707775,-0.02531980282762092,0.0016363479402276336,-0.000773113112044567,HOLD,0.0,-1.5858635819829439,-1.3234779482691583,-1.5389477509056715,1.5858635819829439,-0.0,1.1354906258203556,1.245002952492505,-0.010233896144215887
2022-11-04,2022-11-03,3770.55,3712.06960556862,0.01352678145799402,-0.0021045317070701635,-0.010642409238982964,0.0016324797377296678,-0.0007609059130921839,HOLD,0.0,-0.6766479768929845,0.9092156050899594,2.232693553359118,0.6766479768929845,0.0,1.1509545118772178,1.245002952492505,0.015631313165064182
2022-11-07,2022-11-04,3806.8,3754.9163351534,0.009568061802673,-0.004154875363372708,0.01352678145799402,0.0016286115352317013,-0.0007819755814990885,HOLD,0.0,0.8531141623801411,1.5297621392731258,0.6205465341831664,-0.8531141623801411,0.0,1.1620197678890851,1.245002952492505,0.01372293716604571
2022-11-08,2022-11-07,3828.11,3792.9865889496486,0.005582267593981172,-0.003635214252516457,0.009568061802673,0.0016269262416089537,-0.0007838351227071665,HOLD,0.0,0.6082219772687611,-0.24489218511138,-1.7746543243845059,-0.6082219772687611,0.0,1.1685246121818564,1.245002952492505,0.009217481846497629
2022-11-09,2022-11-08,3748.57,3818.390149451163,-0.020996774887089842,-0.0025423018620423345,0.005582267593981172,0.0016256047661320759,-0.0007866111976914742,HOLD,0.0,0.3545891858166034,-0.2536327914521577,-0.008740606340777723,-0.3545891858166034,-0.0,1.1442451511285052,1.245002952492505,-0.018454473025047508
2022-11-10,2022-11-09,3956.37,3744.774081663564,0.05395250428096254,-0.0010131440968850051,-0.020996774887089842,0.001624283290655198,-0.0007901728730554071,HOLD,0.0,-1.3184649073480246,-1.673054093164628,-1.4194213017124704,1.3184649073480246,0.0,1.2076757773151567,1.245002952492505,0.05496564837784755
2022-11-11,2022-11-10,3992.93,3912.014397047755,0.009198359044827242,-0.011274505811175244,0.05395250428096254,0.001624155414941384,-0.0007985182626786087,HOLD,0.0,3.085352621076352,4.403817528424376,6.076871621589005,-3.085352621076352,0.0,1.2188356603439543,1.245002952492505,0.020472864856002485
2022-11-14,2022-11-11,3957.25,3968.330599458179,-0.008975957665020573,-0.006179794901013629,0.009198359044827242,0.00162402753922757,-0.0008075158357136931,HOLD,0.0,0.5246201742983797,-2.560732446777972,-6.964549975202349,-0.5246201742983797,-0.0,1.2079443959438603,1.245002952492505,-0.002796162764006944
2022-11-15,2022-11-14,3991.73,3945.6391696668516,0.008675381307597263,-0.0029383782153415226,-0.008975957665020573,0.0016236118931567164,-0.000817274289395974,HOLD,0.0,-0.5130526697066701,-1.0376728440050498,1.5230596027729224,0.5130526697066701,0.0,1.2184693622139071,1.245002952492505,0.011613759522938786
2022-11-16,2022-11-15,3958.79,3971.869622730704,-0.008286297872086124,-0.004987799333029734,0.008675381307597263,0.0016214696249436265,-0.000819845347544617,HOLD,0.0,0.5006217386539958,1.013674408360666,2.0513472523657157,-0.5006217386539958,-0.0,1.208414478544087,1.245002952492505,-0.0032984985390563893
2022-11-17,2022-11-16,3946.56,3942.6202139777156,-0.003094109623736685,-0.004092891814773925,-0.008286297872086124,0.001619327356730536,-0.000822368678519403,HOLD,0.0,-0.4774183264173942,-0.9780400650713901,-1.991714473432056,0.4774183264173942,-0.0,1.2046812901020143,1.245002952492505,0.00099878219103724
2022-11-18,2022-11-17,3965.34,3927.3120814250924,0.004747288330236188,-0.004889070260758299,-0.003094109623736685,0.0016147811586784224,-0.0008257739654205028,HOLD,0.0,-0.17830808868723502,0.29911023773015916,1.2771503028015492,0.17830808868723502,0.0,1.2104138558372672,1.245002952492505,0.009636358590994487
2022-11-21,2022-11-18,3949.94,3943.4046527960923,-0.003891212801477195,-0.0055471264818568325,0.004747288330236188,0.0016042251360287453,-0.0008452825727052197,HOLD,0.0,0.2750487480542391,0.45335683674147415,0.154246599011315,-0.2750487480542391,-0.0,1.2057130298349827,1.245002952492505,0.0016559136803796374
2022-11-22,2022-11-21,4003.58,3932.397293883871,0.013488571921957515,-0.0044511505727680084,-0.003891212801477195,0.0015936691133790683,-0.000867154741541378,HOLD,0.0,-0.23297080007428225,-0.5080195481285213,-0.9613763848699954,0.23297080007428225,0.0,1.2220865562481307,1.245002952492505,0.017939722494725523
2022-11-23,2022-11-22,4027.26,3976.9813247801726,0.005897283130643416,-0.0066658904375149425,0.013488571921957515,0.001587518760537372,-0.0008877572018931645,HOLD,0.0,0.803955416462445,1.0369262165367272,1.5449457646652487,-0.803955416462445,0.0,1.2293148393477464,1.245002952492505,0.012563173568158358
2022-11-25,2022-11-23,4026.12,4002.509096971309,-0.0002831109441299162,-0.006164805268382314,0.005897283130643416,0.0015872426341063148,-0.000892569994748581,HOLD,0.0,0.3524417292728589,-0.45151368718958607,-1.4884399037263134,-0.3524417292728589,-0.0,1.2289668561241995,1.245002952492505,0.005881694324252398
2022-11-28,2022-11-25,3963.94,4009.1451255781626,-0.015564652905561971,-0.004225100082883573,-0.0002831109441299162,0.0015869665076752577,-0.0008931672354377135,HOLD,0.0,-0.016953085970613797,-0.3693948152434727,0.08211887194611339,0.016953085970613797,-0.0,1.2099865080188779,1.245002952492505,-0.011339552822678397
2022-11-29,2022-11-28,3957.63,3958.3966447539046,-0.0015931188727940082,-0.0013994245383239495,-0.015564652905561971,0.001585425561437724,-0.0008955023030689327,HOLD,0.0,-0.9253485818218887,-0.9083954958512749,-0.5390006806078023,0.9253485818218887,-0.0,1.2080603903517086,1.245002952492505,-0.00019369433447005875
2022-11-30,2022-11-29,4080.11,3940.530402553048,0.030478587582589256,-0.004330027067645744,-0.0015931188727940082,0.0015829360003453323,-0.0009018112139641086,HOLD,0.0,-0.09504242517039622,0.8303061566514925,1.7387016525027674,0.09504242517039622,0.0,1.245447219491946,1.245002952492505,0.034808614650235
2022-12-01,2022-11-30,4076.57,4043.1827159550094,-0.0008680002702714518,-0.00909176603723695,0.030478587582589256,0.0015804464392529414,-0.0009095113407031855,HOLD,0.0,1.771750234042991,1.8667926592133872,1.0364865025618948,-1.771750234042991,-0.0,1.2443666400083047,1.245002952492505,0.008223765766965499
2022-12-02,2022-12-01,4071.7,4055.9147355616933,-0.0011953459028433144,-0.005079704303072263,-0.0008680002702714518,0.0015748751621570507,-0.0009151493154940481,HOLD,0.0,-0.050909164310665195,-1.822659398353656,-3.6894520575670433,0.050909164310665195,-0.0,1.2428800800971915,1.245002952492505,0.003884358400228948
2022-12-05,2022-12-02,3998.84,4052.440366918807,-0.018056283602074785,-0.004741343278571711,-0.0011953459028433144,0.0015680711986597615,-0.0009271959414152489,HOLD,0.0,-0.07018360890008,-0.01927444458941481,1.8033849537642412,0.07018360890008,-0.0,1.2206396786344418,1.245002952492505,-0.013314940323503074
2022-12-06,2022-12-05,3941.26,3994.7676369611954,-0.014503849921748468,-0.0010189049991122425,-0.018056283602074785,0.0015612672351624712,-0.0009431753389106951,HOLD,0.0,-1.0571998379823353,-0.9870162290822553,-0.9677417844928404,1.0571998379823353,-0.0,1.2030634733609702,1.245002952492505,-0.013484944922636227
2022-12-07,2022-12-06,3933.92,3934.350195394545,-0.0018640849162636641,-0.0017547354952869225,-0.014503849921748468,0.001559337773973726,-0.0009582831118195483,HOLD,0.0,-0.8473623906722688,0.20983744731006648,1.1968536763923217,0.8473623906722688,-0.0,1.2008229497988416,1.245002952492505,-0.00010934942097674165
2022-12-08,2022-12-07,3963.51,3916.6611489909847,0.007493612090724966,-0.004396841070941056,-0.0018640849162636641,0.0015582207298364056,-0.0009792912983515854,HOLD,0.0,-0.11551239664220271,0.7318499940300661,0.5220125467199996,0.11551239664220271,0.0,1.2098552511889442,1.245002952492505,0.011890453161666023
2022-12-09,2022-12-08,3934.38,3942.56152024608,-0.007376687214824429,-0.005299352206760365,0.007493612090724966,0.0015571036856990852,-0.0010053569822749213,HOLD,0.0,0.4636898274906141,0.5792022241328169,-0.15264776989724926,-0.4636898274906141,-0.0,1.2009633640820268,1.245002952492505,-0.0020773350080640638
2022-12-12,2022-12-09,3990.56,3920.623039993444,0.014178262831054056,-0.003502729152868095,-0.007376687214824429,0.0015457856140650079,-0.0010057606835653216,HOLD,0.0,-0.45758456664242664,-0.9212743941330408,-1.5004766182658575,0.45758456664242664,0.0,1.2181122215371096,1.245002952492505,0.017680991983922152
2022-12-13,2022-12-12,4019.65,3976.292555824679,0.007263262233260903,-0.0035817054044796947,0.014178262831054056,0.0015344675424309288,-0.0010081278718937622,HOLD,0.0,0.8756356459406944,1.3332202125831212,2.254494606716162,-0.8756356459406944,0.0,1.2269918987063568,1.245002952492505,0.010844967637740597
2022-12-14,2022-12-13,3995.32,3993.535732810889,-0.006071158028412071,-0.0065178470858838124,0.007263262233260903,0.0015238945881395076,-0.0010127857950999164,HOLD,0.0,0.4484904359189875,-0.4271452100217069,-1.7603654226048282,-0.4484904359189875,-0.0,1.219565204119634,1.245002952492505,0.000446689057471741
2022-12-15,2022-12-14,3895.75,3979.8176686705033,-0.02523746079196343,-0.003887669780434439,-0.006071158028412071,0.0015177923379040348,-0.0010137353199903393,HOLD,0.0,-0.3760662717371286,-0.8245567076561161,-0.3974114976344092,0.3760662717371286,-0.0,1.189171616778898,1.245002952492505,-0.02134979101152899
2022-12-16,2022-12-15,3852.36,3898.7187410028896,-0.011200267830703936,0.0007617558669081542,-0.02523746079196343,0.001511690087668561,-0.001014446588193006,HOLD,0.0,-1.5459286333556885,-1.16986236161856,-0.34530565396244384,1.5459286333556885,-0.0,1.175926886893244,1.245002952492505,-0.01196202369761209
2022-12-19,2022-12-16,3817.66,3844.430321206884,-0.009048278034292423,-0.002060516466681641,-0.011200267830703936,0.0015061174258538604,-0.0010140309315430065,HOLD,0.0,-0.684853025197494,0.8610756081581945,2.0309379697767547,0.684853025197494,-0.0,1.1653347659660203,1.245002952492505,-0.006987761567610782
2022-12-20,2022-12-19,3821.62,3807.7635779320594,0.0010367470114189814,-0.0025956401039499526,-0.009048278034292423,0.0015018687350910897,-0.0010148271315519387,HOLD,0.0,-0.5573140226369291,0.12753900256056494,-0.7335366055976296,0.5573140226369291,0.0,1.1665435497951782,1.245002952492505,0.003632387115368934
2022-12-21,2022-12-20,3878.44,3807.1179366680735,0.014758594440962725,-0.0038019606705968077,0.0010367470114189814,0.001497620044328319,-0.0010160175003176368,HOLD,0.0,0.0641082305271692,0.6214222531640983,0.49388325060353333,-0.0641082305271692,0.0,1.1838877662529543,1.245002952492505,0.018560555111559532
2022-12-22,2022-12-21,3822.39,3858.1962057463425,-0.014557129502374977,-0.005233240885665503,0.014758594440962725,0.001494391591097514,-0.0010180310499313594,HOLD,0.0,0.9072335257859704,0.8431252952588012,0.22170304209470293,-0.9072335257859704,-0.0,1.1667785910952932,1.245002952492505,-0.009323888616709474
2022-12-23,2022-12-22,3844.82,3823.9813950918383,0.005850906388984001,0.00041624844846988864,-0.014557129502374977,0.001492523454575995,-0.001018700357169538,HOLD,0.0,-0.898226531239392,-1.8054600570253623,-2.6485853522841634,0.898226531239392,0.0,1.173625313642774,1.245002952492505,0.005434657940514112
2022-12-27,2022-12-23,3829.25,3830.3556005050455,-0.004057826255055019,-0.003769142850090597,0.005850906388984001,0.0014906553180544767,-0.001018557107809645,HOLD,0.0,0.3664888946631296,1.2647154259025215,3.070175482927884,-0.3664888946631296,-0.0,1.1688725954054018,1.245002952492505,-0.0002886834049644223
2022-12-28,2022-12-27,3783.22,3824.8630025321063,-0.012093462699048985,-0.001146311256922767,-0.004057826255055019,0.0014873898382405382,-0.0010188231423351607,HOLD,0.0,-0.2561950734579545,-0.6226839681210841,-1.8873993940236056,0.2561950734579545,-0.0,1.1548220096336423,1.245002952492505,-0.010947151442126218
2022-12-29,2022-12-28,3849.28,3779.307360483984,0.017310618960092228,-0.0010347439893080529,-0.012093462699048985,0.0014830763509572848,-0.0010255161684801161,HOLD,0.0,-0.7753553346268163,-0.5191602611688617,0.10352370695222235,0.7753553346268163,0.0,1.1749867216927858,1.245002952492505,0.01834536294940028
2022-12-30,2022-12-29,3839.5,3831.5698662748687,-0.0025439680351091454,-0.004611511855804492,0.017310618960092228,0.001478762863674032,-0.0010337112368675704,HOLD,0.0,1.1337395410288513,1.9090948756556676,2.4282551368245295,-1.1337395410288513,-0.0,1.1720013919328947,1.245002952492505,0.0020675438206953466
2023-01-03,2022-12-30,3824.14,3830.5993452804405,-0.00400854439080689,-0.0023208718203309793,-0.0025439680351091454,0.0014705177674250586,-0.001034457113630141,HOLD,0.0,-0.16659825932841382,-1.3003378003572652,-3.209432676012933,0.16659825932841382,-0.0,1.16731277586828,1.245002952492505,-0.0016876725704759103
2023-01-04,2023-01-03,3852.97,3820.2405655512307,0.007510674075383861,-0.0010202094868382817,-0.00400854439080689,0.0014607000275897984,-0.0010409241698628303,HOLD,0.0,-0.26340864280518306,-0.09681038347676924,1.203527416880496,0.26340864280518306,0.0,1.1761130884426831,1.245002952492505,0.008530883562222143
2023-01-05,2023-01-04,3808.1,3838.0865766740585,-0.011713902384517638,-0.0038703243842513756,0.007510674075383861,0.0014508822877545367,-0.0010355165118774003,HOLD,0.0,0.5085962362678186,0.7720048790730016,0.8688152625497709,-0.5085962362678186,-0.0,1.1624165908633053,1.245002952492505,-0.007843578000266263
2023-01-06,2023-01-05,3895.08,3803.0533330403273,0.022583841176025743,-0.0013261243016497995,-0.011713902384517638,0.001447166958109328,-0.0010455593052789136,HOLD,0.0,-0.7905153581548878,-1.2991115944227065,-2.0711164734957084,0.7905153581548878,0.0,1.1889671003229536,1.245002952492505,0.023909965477675543
2023-01-09,2023-01-06,3892.09,3876.0956870428786,-0.0007679298504950083,-0.0048858374811804805,0.022583841176025743,0.0014444686968291284,-0.0010617623662973138,HOLD,0.0,1.5009715808550892,2.2914869390099772,3.5905985334326838,-1.5009715808550892,-0.0,1.1880544074822499,1.245002952492505,0.004117907630685472
2023-01-10,2023-01-09,3919.25,3886.282969529232,0.006954020552452533,-0.0014931224235126515,-0.0007679298504950083,0.0014417704355489287,-0.0010832456567016152,HOLD,0.0,-0.051071352509226446,-1.5520429333643155,-3.843529872374293,0.051071352509226446,0.0,1.1963449551590049,1.245002952492505,0.008447142975965185
2023-01-11,2023-01-10,3969.61,3903.93285721175,0.012767544131229158,-0.003915839023657549,0.006954020552452533,0.0014401034400160619,-0.0010897864069043498,HOLD,0.0,0.4725402415144406,0.523611594023667,2.0756545273879823,-0.4725402415144406,0.0,1.2117172666833549,1.245002952492505,0.016683383154886707
2023-01-12,2023-01-11,3983.17,3960.5911799557693,0.0034101315868824145,-0.0022745511060494722,0.012767544131229158,0.0014384364444831946,-0.001096368522293225,HOLD,0.0,0.8855533523201572,0.4130131108057166,-0.11059848321795035,-0.8855533523201572,0.0,1.2158564355528974,1.245002952492505,0.005684682692931887
2023-01-13,2023-01-12,3999.09,3967.2112157410534,0.003988850553225731,-0.004014601378196314,0.0034101315868824145,0.001436598641711555,-0.0011029988970659313,HOLD,0.0,0.242558285606003,-0.6429950667141542,-1.0560081775198709,-0.242558285606003,0.0,1.220715990744869,1.245002952492505,0.008003451931422045
2023-01-17,2023-01-13,3990.97,3989.0652624517015,-0.00203252611255067,-0.0025099018438157665,0.003988850553225731,0.0014337359955072814,-0.0011139948662536204,HOLD,0.0,0.28487856862198707,0.04232028301598406,0.6853153497301383,-0.28487856862198707,-0.0,1.2182373733982095,1.245002952492505,0.0004773757312650966
2023-01-18,2023-01-17,3928.86,3987.911818847169,-0.015685001660276754,-0.0007665688932409039,-0.00203252611255067,0.0014308733493030076,-0.0011235150328140725,HOLD,0.0,-0.14548961101810723,-0.43036817964009433,-0.4726884626560784,0.14548961101810723,-0.0,1.1992783926838055,1.245002952492505,-0.01491843276703585
2023-01-19,2023-01-18,3898.85,3928.908328726677,-0.007667669607521077,1.230087848251804e-05,-0.015685001660276754,0.001428281551220442,-0.0011192378364331295,HOLD,0.0,-1.1130667756304011,-0.9675771646122939,-0.5372089849721996,1.1130667756304011,-0.0,1.190117886948187,1.245002952492505,-0.007679970486003595
2023-01-20,2023-01-19,3972.61,3894.0087439804424,0.018741671559173056,-0.0012424854091221717,-0.007667669607521077,0.0014263668734421462,-0.0011131210378903685,HOLD,0.0,-0.5545246523971041,0.558542123233297,1.526119287845591,0.5545246523971041,0.0,1.2126330120084743,1.245002952492505,0.019984156968295228
2023-01-23,2023-01-20,4019.81,3958.9913983838105,0.011811328415708644,-0.0034340139689875105,0.018741671559173056,0.0014244521956638505,-0.0011230091248831846,HOLD,0.0,1.343413796804388,1.8979384492014921,1.3393963259681951,-1.343413796804388,0.0,1.22704073845703,1.245002952492505,0.015245342384696155
2023-01-24,2023-01-23,4016.95,4009.0691005132167,-0.0007117296325205302,-0.0026755679740244754,0.011811328415708644,0.0014214852826398702,-0.0011295859279847281,HOLD,0.0,0.8509018497517309,-0.4925119470526571,-2.390450396254149,-0.8509018497517309,-0.0,1.2261677279137497,1.245002952492505,0.001963838341503945
2023-01-25,2023-01-24,4016.22,4006.358726483859,-0.00018174643434853976,-0.0026401276653325576,-0.0007117296325205302,0.0014171153892883097,-0.0011376628094947631,HOLD,0.0,-0.05141955287258949,-0.9023214026243204,-0.40980945557166326,0.05141955287258949,-0.0,1.2259448965513042,1.245002952492505,0.002458381230984018
2023-01-26,2023-01-25,4060.43,4008.000199649341,0.01094771756997659,-0.0020487481702323473,-0.00018174643434853976,0.00141274549593675,-0.0011445353606687294,HOLD,0.0,-0.013157905320607847,0.03826164755198164,0.940583050176302,0.013157905320607847,0.0,1.2394399301591572,1.245002952492505,0.012996465740208936
2023-01-27,2023-01-26,4070.56,4047.0925638679932,0.0024917027916835366,-0.0032901414848864542,0.01094771756997659,0.0014093189832621296,-0.0011458933989806407,HOLD,0.0,0.8089594160405894,0.8221173213611973,0.7838556738092157,-0.8089594160405894,0.0,1.2425320968736453,1.245002952492505,0.00578184427656999
2023-01-30,2023-01-27,4017.77,4057.689713033567,-0.013053559781990742,-0.0031668066746956885,0.0024917027916835366,0.0014066000060952146,-0.0011519415966151619,HOLD,0.0,0.1846734425558511,-0.6242859734847384,-1.4464032948459358,-0.1846734425558511,-0.0,1.226418031635949,1.245002952492505,-0.009886753107295053
2023-01-31,2023-01-30,4076.6,4012.7537474625456,0.01453628532231832,-0.001249296645554981,-0.013053559781990742,0.0014038810289283001,-0.0011596096960561086,HOLD,0.0,-0.9600309450974656,-1.1447043876533167,-0.5204184141685784,0.9600309450974656,0.0,1.2443757974615544,1.245002952492505,0.015785581967873302
2023-02-01,2023-01-31,4119.21,4059.770333077682,0.010398089735209837,-0.004136903861360358,0.01453628532231832,0.0014030733343700578,-0.0011647224215326837,HOLD,0.0,1.0950269185130868,2.0550578636105525,3.199762251263869,-1.0950269185130868,0.0,1.2573824335626764,1.245002952492505,0.014534993596570196
2023-02-02,2023-02-01,4179.76,4097.136334333185,0.014592431217643309,-0.005373122766487192,0.010398089735209837,0.0014030301528552844,-0.0011754027680621257,HOLD,0.0,0.7859169303978323,-0.3091099881152545,-2.364167851725807,-0.7859169303978323,0.0,1.275865226708019,1.245002952492505,0.0199655539841305
2023-02-03,2023-02-02,4136.48,4163.1429730761265,-0.0104086439893738,-0.003983517236460492,0.014592431217643309,0.0014029869713405112,-0.0011887318274952925,HOLD,0.0,1.101534133220049,0.3156172028222167,0.6247271909374712,-1.101534133220049,-0.0,1.2626540741509518,1.245002952492505,-0.006425126752913309
2023-02-06,2023-02-03,4111.08,4118.654859343573,-0.006159416919169658,-0.004318565029737397,-0.0104086439893738,0.0014027244852680989,-0.001192088283876664,HOLD,0.0,-0.7827429423217946,-1.8842770755418436,-2.1998942783640603,0.7827429423217946,-0.0,1.2549007637316008,1.245002952492505,-0.0018408518894322606
2023-02-07,2023-02-06,4164.0,4098.408363781322,0.012790383040920617,-0.0030870733279788104,-0.006159416919169658,0.0014024254484360798,-0.0011951218598290755,HOLD,0.0,-0.46237691469633435,0.3203660276254603,2.204643103167304,0.46237691469633435,0.0,1.2710545112667215,1.245002952492505,0.015877456368899426
2023-02-08,2023-02-07,4117.86,4140.554979871878,-0.011142539811004326,-0.005646318790665532,0.012790383040920617,0.0014021264116040608,-0.0011978786811280928,HOLD,0.0,0.9779015570154421,1.4402784717117765,1.1199124440863162,-0.9779015570154421,-0.0,1.256970348166372,1.245002952492505,-0.005496221020338794
2023-02-09,2023-02-08,4081.5,4103.726091592854,-0.008869043032445845,-0.003438247115191858,-0.011142539811004326,0.001400845336871619,-0.0012069762583127607,HOLD,0.0,-0.9906652104927225,-1.9685667675081646,-3.408845239219941,0.9906652104927225,-0.0,1.2458715148259165,1.245002952492505,-0.005430795917253987
2023-02-10,2023-02-09,4090.46,4067.724742395817,0.0021928652588769637,-0.003380756123435433,-0.008869043032445845,0.0013995642621391772,-0.001213644070957621,HOLD,0.0,-0.787862104765672,0.20280310572705051,2.171369873235215,0.787862104765672,0.0,1.2486065408636091,1.245002952492505,0.005573621382312396
2023-02-13,2023-02-10,4137.29,4073.4917212456025,0.011383550959928712,-0.004156884745929325,0.0021928652588769637,0.001397976622810985,-0.0012174771583060389,HOLD,0.0,0.19592858133040353,0.9837906860960755,0.7809875803690249,-0.19592858133040353,0.0,1.262901325388734,1.245002952492505,0.015540435705858037
2023-02-14,2023-02-13,4136.13,4120.098921882273,-0.0002804160812814871,-0.004163810889283063,0.011383550959928712,0.0013945495959082933,-0.0012269526998564826,HOLD,0.0,1.0135941754344697,0.8176655941040663,-0.1661250919920092,-1.0135941754344697,-0.0,1.262547237196355,1.245002952492505,0.0038833948080015763
2023-02-15,2023-02-14,4147.6,4111.8159424823225,0.00276928565518908,-0.005895801965213527,-0.0002804160812814871,0.0013911225690056012,-0.0012354262215116488,HOLD,0.0,-0.025102267792670867,-1.0386964432271406,-1.8563620373312069,0.025102267792670867,0.0,1.266048436822731,1.245002952492505,0.008665087620402606
2023-02-16,2023-02-15,4090.41,4126.1656154297925,-0.013884644172641458,-0.005181300394170855,0.00276928565518908,0.001385319698389844,-0.0012415441841074353,HOLD,0.0,0.2480868360671463,0.27318910385981715,1.3118855470869577,-0.2480868360671463,-0.0,1.2485912784415252,1.245002952492505,-0.008703343778470603
2023-02-17,2023-02-16,4079.09,4081.480681841948,-0.002771285205906082,-0.0021853747338199912,-0.013884644172641458,0.0013735772184914202,-0.001246231589160217,HOLD,0.0,-1.2276562929029933,-1.4757431289701395,-1.7489322328299566,1.2276562929029933,-0.0,1.2451358660814038,1.245002952492505,-0.000585910472086091
2023-02-21,2023-02-17,3997.34,4062.2403560396288,-0.02024478441412292,-0.004139291069541197,-0.002771285205906082,0.0013618347385929964,-0.001264662176773946,HOLD,0.0,-0.245172668217401,0.9824836246855922,2.458226753655732,0.245172668217401,-0.0,1.2201818059718819,1.245002952492505,-0.016105493344581723
2023-02-22,2023-02-21,3991.05,3991.3419012135214,-0.0015747857327728099,-0.0015016494555091734,-0.02024478441412292,0.0013529706639194745,-0.0013146001532355785,HOLD,0.0,-1.7626065245319487,-1.5174338563145477,-2.49991748100014,1.7626065245319487,-0.0,1.2182617932735451,1.245002952492505,-7.313627726363643e-05
2023-02-23,2023-02-22,4012.32,3973.7273491116694,0.00531527346027616,-0.004349821079094493,-0.0015747857327728099,0.0013479444628791521,-0.0013395685979165988,HOLD,0.0,-0.13740533562483817,1.6252011889071105,3.1426350452216583,0.13740533562483817,0.0,1.2247544276286482,1.245002952492505,0.009665094539370653
2023-02-24,2023-02-23,3970.04,3993.3716057900306,-0.010593457421727237,-0.004733739575898519,0.00531527346027616,0.0013429182618388306,-0.0013533619535547364,HOLD,0.0,0.4629001532292828,0.6003054888541209,-1.0248957000529897,-0.4629001532292828,-0.0,1.2118485235132885,1.245002952492505,-0.005859717845828718
2023-02-27,2023-02-24,3982.24,3957.214100871092,0.003068304831167268,-0.0032359024089391782,-0.010593457421727237,0.001337346300864894,-0.0013548745441638768,HOLD,0.0,-0.9303696717250053,-1.393269824954288,-1.993575313808409,0.9303696717250053,0.0,1.2155725545021092,1.245002952492505,0.006304207240106446
2023-02-28,2023-02-27,3970.15,3965.6775538545385,-0.0030405976856187067,-0.004167750862429669,0.003068304831167268,0.0013313650199407471,-0.0013587311210704976,HOLD,0.0,0.26936319159717637,1.1997328633221818,2.59300268827647,-0.26936319159717637,-0.0,1.211882100841876,1.245002952492505,0.0011271531768109622
2023-03-01,2023-02-28,3951.39,3956.154693763684,-0.00473646161526986,-0.0035313607843952266,-0.0030405976856187067,0.0013253837390166012,-0.0013635418062318409,HOLD,0.0,-0.2848207678217374,-0.5541839594189137,-1.7539168227410955,0.2848207678217374,-0.0,1.206155640075459,1.245002952492505,-0.0012051008308746336
2023-03-02,2023-03-01,3981.35,3938.1077926259863,0.007553542016923487,-0.003367063473905682,-0.00473646161526986,0.0013189763227310985,-0.0013678703425114278,HOLD,0.0,-0.44308713801167654,-0.15826637018993917,0.3959175892289746,0.44308713801167654,0.0,1.21530088338899,1.245002952492505,0.010920605490829169
2023-03-03,2023-03-02,4045.64,3965.032982524954,0.016018800257414867,-0.004106784292690512,0.007553542016923487,0.0013123984523010545,-0.0013736488113159332,HOLD,0.0,0.7033180876019514,1.146405225613628,1.304671595803567,-0.7033180876019514,0.0,1.234925305706315,1.245002952492505,0.02012558455010538
2023-03-06,2023-03-03,4048.42,4030.4044599726058,0.00068692352399502,-0.003773024820992703,0.016018800257414867,0.0013058205818710093,-0.0013807995448672115,HOLD,0.0,1.4985115745720536,0.7951934869701023,-0.3512117386435256,-1.4985115745720536,0.0,1.2357738963742593,1.245002952492505,0.0044599483449877225
2023-03-07,2023-03-06,3986.37,4036.7982611632356,-0.015445639173959691,-0.002874813385465766,0.00068692352399502,0.001296538362836419,-0.0013935429614428745,HOLD,0.0,0.06533261310178705,-1.4331789614702666,-2.2283724484403686,-0.06533261310178705,-0.0,1.216833230566358,1.245002952492505,-0.012570825788493925
2023-03-08,2023-03-07,3992.01,3975.9254221644724,0.0014138210863556822,-0.002623510752219007,-0.015445639173959691,0.001286805419034406,-0.0014025008756271189,HOLD,0.0,-1.4422720465166747,-1.5076046596184618,-0.07442569814819522,1.4422720465166747,0.0,1.2185548317775843,1.245002952492505,0.004037331838574689
2023-03-09,2023-03-08,3918.32,3977.623747635811,-0.018631872945281458,-0.00361027079679477,0.0014138210863556822,0.0012770724752323914,-0.0014082140734758637,HOLD,0.0,0.1325298665066119,1.5748019130232866,3.0824065726417484,-0.1325298665066119,-0.0,1.1960610741082183,1.245002952492505,-0.015021602148486688
2023-03-10,2023-03-09,3861.59,3917.8478096099893,-0.014583974750191686,-0.00012051564031167778,-0.018631872945281458,0.0012727958279855028,-0.001451117854778269,HOLD,0.0,-1.7095883843437387,-1.8421182508503506,-3.4169201638736375,1.7095883843437387,-0.0,1.1787443300101952,1.245002952492505,-0.014463459109880008
2023-03-13,2023-03-10,3855.76,3856.802769771966,-0.001510881613258519,-0.0012404734987458408,-0.014583974750191686,0.0012685191807386134,-0.001428015818692358,HOLD,0.0,-1.3387460171219063,0.3708423672218324,2.212960618072183,1.3387460171219063,-0.0,1.1769647315950458,1.245002952492505,-0.0002704081145126782
2023-03-14,2023-03-13,3919.29,3851.3498628941065,0.016342380801372514,-0.0011444335595802027,-0.001510881613258519,0.0012640226415376035,-0.0014077745967182663,HOLD,0.0,-0.13930419658570456,1.1994418205362019,0.8285994533143695,0.13930419658570456,0.0,1.1963571650966738,1.245002952492505,0.017486814360952715
2023-03-15,2023-03-14,3891.93,3898.0088729145345,-0.00700533639823675,-0.005444637592350938,0.016342380801372514,0.0012582067506118706,-0.001404698259415097,HOLD,0.0,1.4800486593336428,1.6193528559193473,0.41991103538314545,-1.4800486593336428,-0.0,1.1880055677315764,1.245002952492505,-0.0015606988058858122
2023-03-16,2023-03-15,3960.28,3888.649077852585,0.017409551286965197,-0.0008433619937672272,-0.00700533639823675,0.0012523908596861369,-0.0014247155278229431,HOLD,0.0,-0.6617606740123354,-2.1418093333459782,-3.7611621892653258,0.6617606740123354,0.0,1.2088692987222307,1.245002952492505,0.018252913280732423
2023-03-17,2023-03-16,3916.64,3940.7571787590578,-0.011080586449226715,-0.004941847641313581,0.017409551286965197,0.0012481074839582548,-0.0014073351199606705,HOLD,0.0,1.6244593117804016,2.286219985792737,4.428029319138716,-1.6244593117804016,-0.0,1.1955482567261506,1.245002952492505,-0.0061387388079131334
2023-03-20,2023-03-17,3951.57,3918.0172042115564,0.008878824909595906,0.0003515671942867437,-0.011080586449226715,0.0012476553962250006,-0.0014445172730394376,HOLD,0.0,-1.0306701055633831,-2.655129417343785,-4.941349403136522,1.0306701055633831,0.0,1.2062105847949645,1.245002952492505,0.008527257715309162
2023-03-21,2023-03-20,4002.87,3941.684412679688,0.012898635541985115,-0.002504820438335099,0.008878824909595906,0.0012472033084917464,-0.0014214152369535266,HOLD,0.0,0.8216624110633516,1.8523325166267348,4.50746193397052,-0.8216624110633516,0.0,1.2218698298545188,1.245002952492505,0.015403455980320214
2023-03-22,2023-03-21,3936.97,3988.104332434228,-0.016600211922495944,-0.003695590489103401,0.012898635541985115,0.0012461680738257873,-0.0014643190182559338,HOLD,0.0,1.197967918312441,0.3763055072490894,-1.4760270093776455,-1.197967918312441,-0.0,1.201753957546047,1.245002952492505,-0.012904621433392544
2023-03-23,2023-03-22,3948.72,3937.5434514654303,0.0029800838470404045,0.0001456474663428944,-0.016600211922495944,0.0012443553099162213,-0.0014776577246734181,HOLD,0.0,-1.5343979744926188,-2.73236589280506,-3.108671400054149,1.5343979744926188,0.0,1.205340626736102,1.245002952492505,0.00283443638069751
2023-03-24,2023-03-23,3970.99,3950.0269575058564,0.0056239581242092385,0.0003309278104020694,0.0029800838470404045,0.0012425425460066556,-0.0014752512410069515,HOLD,0.0,0.27590951817722725,1.8103074926698461,4.542673385474906,-0.27590951817722725,0.0,1.212138509532909,1.245002952492505,0.005293030313807169
2023-03-27,2023-03-24,3977.53,3967.634178441519,0.0016455897389313634,-0.0008454416490658572,0.0056239581242092385,0.0012417288645310636,-0.0014610187273865172,HOLD,0.0,0.5205024059113533,0.24459288773412607,-1.56571460493572,-0.5205024059113533,0.0,1.214134834341672,1.245002952492505,0.0024910313879972206
2023-03-28,2023-03-27,3971.27,3972.428749023698,-0.0015750808409311645,-0.0012833404140768392,0.0016455897389313634,0.0012416644948809522,-0.0014379166913006062,HOLD,0.0,0.1541393487414468,-0.3663630571699065,-0.6109559449040326,-0.1541393487414468,-0.0,1.2122239790965865,1.245002952492505,-0.0002917404268543253
2023-03-29,2023-03-28,4027.81,3967.2552670496298,0.014136861145887636,-0.0010114556942470599,-0.0015750808409311645,0.0012416001252308407,-0.0014148146552146951,HOLD,0.0,-0.15060759044739114,-0.30474693918883794,0.061616117981068586,0.15060759044739114,0.0,1.229482725990685,1.245002952492505,0.015148316840134696
2023-03-30,2023-03-29,4050.83,4024.062400668409,0.005698994460608731,-0.0009308641309045704,0.014136861145887636,0.0012408675615892691,-0.001406016689687884,HOLD,0.0,1.3341504341537664,1.4847580246011576,1.7895049637899956,-1.3341504341537664,0.0,1.2365095451187729,1.245002952492505,0.006629858591513301
2023-03-31,2023-03-30,4109.31,4048.7202799921597,0.014333332809426835,-0.0005209474557529967,0.005698994460608731,0.0012398677203511138,-0.0014029403523847144,HOLD,0.0,0.5378627666241542,-0.7962876675296122,-2.28104569213077,-0.5378627666241542,0.0,1.254360473989781,1.245002952492505,0.014854280265179832
2023-04-03,2023-03-31,4124.51,4104.447633584694,0.0036920936495175027,-0.0011839567711158165,0.014333332809426835,0.0012388678791129583,-0.0013998640150815452,HOLD,0.0,1.3391648185706333,0.8013020519464791,1.5975897194760913,-1.3391648185706333,0.0,1.2590002503037234,1.245002952492505,0.00487605042063332
2023-04-04,2023-04-03,4100.6,4118.2817791475145,-0.0058139203852078936,-0.0015111923738083642,0.0036920936495175027,0.001237964823652835,-0.0013935429614428745,HOLD,0.0,0.34912589474414973,-0.9900389238264835,-1.7913409757729626,-0.34912589474414973,-0.0,1.2517017600625167,1.245002952492505,-0.004302728011399529
2023-04-05,2023-04-04,4090.38,4096.491254970445,-0.0024954291924714767,-0.001002488625746436,-0.0058139203852078936,0.0012370778991557176,-0.0014025008756271189,HOLD,0.0,-0.5678755571709125,-0.9170014519150622,0.07303747191142129,0.5678755571709125,-0.0,1.2485821209882726,1.245002952492505,-0.0014929405667250407
2023-04-06,2023-04-05,4105.02,4085.450404954925,0.003572739725370866,-0.0012058947894675908,-0.0024954291924714767,0.0012361909746585998,-0.0013994245383239497,HOLD,0.0,-0.24357313484787216,0.3243024223230404,1.2413038742381026,0.24357313484787216,0.0,1.2530509581748597,1.245002952492505,0.004778634514838457
2023-04-10,2023-04-06,4109.11,4097.357791730413,0.0009958450470115565,-0.001868290072194096,0.003572739725370866,0.0012281923325347089,-0.0013925626986293618,HOLD,0.0,0.3495799268413674,0.5931530616892395,0.26885063936619913,-0.3495799268413674,0.0,1.2542994243014394,1.245002952492505,0.0028641351192056526
2023-04-11,2023-04-10,4108.94,4104.257122132747,-4.137234502721299e-05,-0.0011817025489819848,0.0009958450470115565,0.001220193690410817,-0.0014020613988695232,HOLD,0.0,0.0986163591367465,-0.2509635677046209,-0.8441166293938605,-0.0986163591367465,-0.0,1.2542475320663489,1.245002952492505,0.0011403302039547719
2023-04-12,2023-04-11,4091.95,4101.898103287508,-0.004143458650798237,-0.0017152690993132874,-4.137234502721299e-05,0.0012133048812191518,-0.0013984442755104372,HOLD,0.0,-0.004099689105740488,-0.10271604824248699,0.14824751946213394,0.004099689105740488,-0.0,1.249061361041752,1.245002952492505,-0.00242818955148495
2023-04-13,2023-04-12,4146.22,4084.4164361995745,0.013175446748329378,-0.0018427662192184676,-0.004143458650798237,0.0012130750696208489,-0.001404698259415097,HOLD,0.0,-0.4102927692065719,-0.4061930801008314,-0.3034770318583444,0.4102927692065719,0.0,1.2656271939731745,1.245002952492505,0.015018212967547845
2023-04-14,2023-04-13,4137.64,4135.43513428959,-0.002071498810490624,-0.0026045208674235084,0.013175446748329378,0.001212845258022546,-0.0014247155278229431,HOLD,0.0,1.288278090040431,1.6985708592470028,2.1047639393478343,-1.288278090040431,-0.0,1.2630081623433327,1.245002952492505,0.0005330220569328844
2023-04-17,2023-04-14,4151.32,4125.625063828426,0.0033007789687626854,-0.0029080380566220256,-0.002071498810490624,0.0012094368975383916,-0.0014676193091253487,HOLD,0.0,-0.20699245122153967,-1.4952705412619707,-3.1938414005089735,0.20699245122153967,0.0,1.26718396102588,1.245002952492505,0.006208817025384711
2023-04-18,2023-04-17,4154.87,4142.555224447085,0.0008547842551518414,-0.0021135545395836097,0.0033007789687626854,0.0011980821648396038,-0.001478001508054342,HOLD,0.0,0.3317650596848643,0.538757510906404,2.0340280521683747,-0.3317650596848643,0.0,1.268267592993938,1.245002952492505,0.002968338794735451
2023-04-19,2023-04-18,4154.52,4144.601842925519,-8.424204429147153e-05,-0.0024744134344698247,0.0008547842551518414,0.001186727432140816,-0.0014835009314886553,HOLD,0.0,0.08835802461129198,-0.2434070350735723,-0.7821645459799763,-0.08835802461129198,-0.0,1.2681607560393404,1.245002952492505,0.002390171390178353
2023-04-20,2023-04-19,4129.79,4141.684014212041,-0.005970339945818637,-0.003094426320404587,-8.424204429147153e-05,0.001180171270796678,-0.0014913183937581525,HOLD,0.0,-0.008807513132869349,-0.09716553774416133,0.146241497329411,0.008807513132869349,-0.0,1.2606119620759348,1.245002952492505,-0.00287591362541405
2023-04-21,2023-04-20,4133.52,4120.319783710976,0.0009027859909256364,-0.0022957804676018686,-0.005970339945818637,0.0011800132045920717,-0.0014973859395109128,HOLD,0.0,-0.6218734383591837,-0.6130659252263144,-0.5159003874821531,0.6218734383591837,0.0,1.2617505387635013,1.245002952492505,0.003198566458527505
2023-04-24,2023-04-21,4137.04,4121.692058141241,0.0008512120612227392,-0.0028655714400103883,0.0009027859909256364,0.0011798551383874654,-0.001503080893254052,HOLD,0.0,0.09403668425003524,0.7159101226092189,1.3289760478355332,-0.09403668425003524,0.0,1.2628250132783074,1.245002952492505,0.0037167835012331275
2023-04-25,2023-04-24,4071.63,4129.695450040019,-0.015937145594968172,-0.0017768929311478701,0.0008512120612227392,0.0011754614453541052,-0.0015092837901485262,HOLD,0.0,0.08958479043649124,-0.0044518938135439945,-0.7203620164227629,-0.08958479043649124,-0.0,1.2428587127062716,1.245002952492505,-0.014160252663820302
2023-04-26,2023-04-25,4055.99,4068.3815030637497,-0.0038486098771102206,-0.0007981554098498626,-0.015937145594968172,0.0011678910321991783,-0.0015165572110108208,HOLD,0.0,-1.6387291834091104,-1.7283139738456017,-1.7238620800320577,1.6387291834091104,-0.0,1.2380846270779804,1.245002952492505,-0.003050454467260358
2023-04-27,2023-04-26,4135.35,4049.3851836042986,0.019377167380001836,-0.0016297377253929731,-0.0038486098771102206,0.001160320619044253,-0.0015123845598533547,HOLD,0.0,-0.4014214186544707,1.2373077647546398,2.9656217386002415,0.4014214186544707,0.0,1.2623091434118245,1.245002952492505,0.02100690510539481
2023-04-28,2023-04-27,4169.48,4125.7866957839715,0.008219359612569477,-0.0023152524501457205,0.019377167380001836,0.0011570061219684205,-0.0015201337691457919,HOLD,0.0,1.9915242903662829,2.3929457090207533,1.1556379442661135,-1.9915242903662829,0.0,1.272727272727273,1.245002952492505,0.010534612062715196
2023-05-01,2023-04-28,4167.87,4159.4165059593915,-0.0003862138497261469,-0.0024165263503125698,0.008219359612569477,0.0011553939913242265,-0.0015252502106883766,HOLD,0.0,0.8477707037831861,-1.1437535865830968,-3.5366992956038503,-0.8477707037831861,-0.0,1.2722358227361268,1.245002952492505,0.002030312500586423
2023-05-02,2023-05-01,4119.58,4160.664233929778,-0.01165389752800472,-0.0017303808007021705,-0.0003862138497261469,0.0011537818606800322,-0.0015285597419614362,HOLD,0.0,-0.04061343332530306,-0.8883841371084892,0.2553694494746076,0.04061343332530306,-0.0,1.2574953754861091,1.245002952492505,-0.009923516727302548
2023-05-03,2023-05-02,4090.75,4115.850349224784,-0.007022889090581685,-0.000905757409641558,-0.01165389752800472,0.0011501302719900204,-0.0015299321081240864,HOLD,0.0,-1.2223726141754783,-1.1817591808501753,-0.2933750437416861,1.2223726141754783,-0.0,1.2486950629117042,1.245002952492505,-0.006117131680940128
2023-05-04,2023-05-03,4061.22,4084.4235609108973,-0.007244906241250959,-0.0015477201321412333,-0.007022889090581685,0.0011461387736257061,-0.0015291931417288132,HOLD,0.0,-0.735856411006355,0.48651620316912325,1.6682753840192985,0.735856411006355,-0.0,1.2396810764281057,1.245002952492505,-0.0056971861091097255
2023-05-05,2023-05-04,4136.25,4059.713722054509,0.018306159168067992,-0.00037096176728393864,-0.007244906241250959,0.0011421472752613914,-0.0015305655078914637,HOLD,0.0,-0.767820250525626,-0.03196383951927095,-0.5184800426883942,0.767820250525626,0.0,1.2625838670093592,1.245002952492505,0.01867712093535193
2023-05-08,2023-05-05,4138.12,4121.712863253434,0.0004519981658628325,-0.003520759781521749,0.018306159168067992,0.0011355412089699582,-0.00152982654149619,HOLD,0.0,1.9005250761815509,2.668345326707177,2.7003091662264476,-1.9005250761815509,0.0,1.2631546815953503,1.245002952492505,0.003972757947384581
2023-05-09,2023-05-08,4119.17,4130.781777912579,-0.004589891663840717,-0.0017748968873868873,0.0004519981658628325,0.0011289351426785241,-0.0015357118951663945,HOLD,0.0,0.04727830219634541,-1.8532467739852054,-4.5215921006923825,-0.04727830219634541,-0.0,1.2573702236250086,1.245002952492505,-0.00281499477645383
2023-05-10,2023-05-09,4137.64,4116.304465091039,0.004473890233027689,-0.0006959004090778692,-0.004589891663840717,0.001123258828642239,-0.001546862400928745,HOLD,0.0,-0.4792693854566743,-0.5265476876530197,1.3266990863321857,0.4792693854566743,0.0,1.2630081623433327,1.245002952492505,0.005169790642105558
2023-05-11,2023-05-10,4130.62,4132.0955352831415,-0.001698060217456998,-0.0013409051653371,0.004473890233027689,0.0011231610281368489,-0.0015408582824413257,HOLD,0.0,0.4719230792905153,0.9511924647471897,1.4777401524002094,-0.4719230792905153,-0.0,1.260865318282551,1.245002952492505,-0.0003571550521198981
2023-05-12,2023-05-11,4124.08,4125.782702858685,-0.001584552162620767,-0.0011717688365961644,-0.001698060217456998,0.0011230632276314587,-0.0015348541639539062,HOLD,0.0,-0.1790710403126988,-0.6509941196032141,-1.6021865843504037,0.1790710403126988,-0.0,1.2588689934737882,1.245002952492505,-0.0004127833260246026
2023-05-15,2023-05-12,4136.28,4117.921492738742,0.0029538685652354957,-0.0014944205998578398,-0.001584552162620767,0.001122891951917593,-0.001530354374635671,HOLD,0.0,-0.16719023515662218,0.011880805156076618,0.6628749247592907,0.16719023515662218,0.0,1.2625930244626111,1.245002952492505,0.004448289165093336
2023-05-16,2023-05-15,4109.9,4130.979503187445,-0.006398135861992671,-0.0012822864788007875,0.0029538685652354957,0.001122536988182538,-0.0015296154082403979,HOLD,0.0,0.31727537105276127,0.48446560620938345,0.4725848010533068,-0.31727537105276127,-0.0,1.254540570570389,1.245002952492505,-0.005115849383191883
2023-05-17,2023-05-16,4158.77,4104.963271021108,0.011820660164447716,-0.0012019018236354413,-0.006398135861992671,0.0011221820244474829,-0.0015288764418451247,HOLD,0.0,-0.684925768293777,-1.0022011393465382,-1.4866667455559217,0.684925768293777,0.0,1.2694580619165954,1.245002952492505,0.013022561988083157
2023-05-18,2023-05-17,4198.05,4151.536317192025,0.009400774284705093,-0.0017408948259695551,0.011820660164447716,0.001119900340519361,-0.0015276531841722492,HOLD,0.0,1.3033421213090628,1.9882678896028398,2.990469028949378,-1.3033421213090628,0.0,1.2814482207068338,1.245002952492505,0.011141669110674648
2023-05-19,2023-05-18,4191.98,4189.604940859422,-0.001446955746059686,-0.0020136884632972114,0.009400774284705093,0.001115049696333816,-0.0015295098416125018,HOLD,0.0,1.0291933162949245,-0.2741488050141383,-2.262416694616978,-1.0291933162949245,-0.0,1.2795953626656733,1.245002952492505,0.0005667327172375254
2023-05-22,2023-05-19,4192.63,4187.072663770761,0.00015504597144122556,-0.0011713345141124653,-0.001446955746059686,0.0011101990521482717,-0.0015331387015289288,HOLD,0.0,-0.1586625455748582,-1.1878558618697828,-0.9137070568556445,0.1586625455748582,0.0,1.279793774152783,1.245002952492505,0.0013263804855536908
2023-05-23,2023-05-22,4145.58,4186.22845070993,-0.011285515564489756,-0.0015280245091352305,0.00015504597144122556,0.0011074648082612414,-0.0015301432413798786,HOLD,0.0,0.017230654445199084,0.1758932000200573,1.36374906188984,-0.017230654445199084,-0.0,1.2654318349704827,1.245002952492505,-0.009757491055354527
2023-05-24,2023-05-23,4115.24,4140.869797179676,-0.007345550785867516,-0.0011368447146622132,-0.011285515564489756,0.0011063178645980979,-0.0015294042749846054,HOLD,0.0,-1.236127388942272,-1.253358043387471,-1.4292512434075282,1.236127388942272,-0.0,1.2561705972491006,1.245002952492505,-0.006208706071205303
2023-05-25,2023-05-24,4151.28,4113.015515757654,0.00871956478556335,-0.0005406940249436406,-0.007345550785867516,0.0011051709209349543,-0.0015286653085893325,HOLD,0.0,-0.8005013461250681,0.43562604281720385,1.6889840862046748,0.8005013461250681,0.0,1.2671717510882106,1.245002952492505,0.00926025881050699
2023-05-26,2023-05-25,4205.45,4142.346532580867,0.012964582735314423,-0.002154297842820943,0.00871956478556335,0.0011035177821891666,-0.0015283467587839626,HOLD,0.0,0.9469577908865731,1.7474591370116412,1.3118330941944374,-0.9469577908865731,0.0,1.2837070591754638,1.245002952492505,0.015118880578135365
2023-05-30,2023-05-26,4205.52,4195.540571567109,1.664492918251881e-05,-0.0023591106178025207,0.012964582735314423,0.0011016621654103215,-0.0015292987083567093,HOLD,0.0,1.3938843611980476,0.44692657031147454,-1.3005325667001668,-1.3938843611980476,0.0,1.2837284265663838,1.245002952492505,0.0023757555469850395
2023-05-31,2023-05-30,4179.83,4194.480466668113,-0.006127372232972661,-0.0026284616843843893,1.664492918251881e-05,0.001099806548631476,-0.001531423239103952,HOLD,0.0,0.0018316250649139999,-1.3920527361331336,-1.838979306444608,-0.0018316250649139999,-0.0,1.2758865940989375,1.245002952492505,-0.0034989105485882716
2023-06-01,2023-05-31,4221.02,4171.113646039246,0.009806229149665668,-0.0020875142967036265,-0.006127372232972661,0.001094364788787743,-0.0015425737448663025,HOLD,0.0,-0.6711630807842323,-0.6729947058491462,0.7190580302839874,0.6711630807842323,0.0,1.288459777412837,1.245002952492505,0.011893743446369294
2023-06-02,2023-06-01,4282.37,4207.102719741032,0.014429789652144365,-0.0033025843053018054,0.009806229149665668,0.0010883253384331964,-0.001550087150129685,HOLD,0.0,1.0943337648128661,1.7654968455970983,2.4384915514462446,-1.0943337648128661,0.0,1.3071867693115442,1.245002952492505,0.01773237395744617
2023-06-05,2023-06-02,4273.79,4274.184729481111,-0.0020055732655688274,-0.0019132170071830693,0.014429789652144365,0.001082285888078649,-0.0015544830406796664,HOLD,0.0,1.5807856586843598,0.4864518938714937,-1.2790449517256046,-1.5807856586843598,-0.0,1.3045677376816998,1.245002952492505,-9.235625838575814e-05
2023-06-06,2023-06-05,4283.85,4264.225415851169,0.0023511165774898757,-0.0022404710424923707,-0.0020055732655688274,0.0010795414083779433,-0.001555797386295675,HOLD,0.0,-0.22889621199691101,-1.809681870681271,-2.2961337645527644,0.22889621199691101,0.0,1.307638537005269,1.245002952492505,0.004591587619982246
2023-06-07,2023-06-06,4267.52,4273.212997773765,-0.0038192757067676553,-0.0024861351862965914,0.0023511165774898757,0.0010767969286772372,-0.001576972205678272,HOLD,0.0,0.2764139072315118,0.5053101192284228,2.314991989909694,-0.2764139072315118,-0.0,1.3026538299521981,1.245002952492505,-0.0013331405204710638
2023-06-08,2023-06-07,4293.93,4258.093074054832,0.006169535247098068,-0.00221143739578952,-0.0038192757067676553,0.0010744391565806065,-0.0016213175777885541,HOLD,0.0,-0.44796238122166,-0.7243762884531718,-1.2296864076815948,0.44796238122166,0.0,1.3107154412976736,1.245002952492505,0.008380972642887587
2023-06-09,2023-06-08,4298.86,4286.426683756126,0.001147473763687401,-0.0017489525046660032,0.006169535247098068,0.0010744016301084277,-0.0016275396224732185,HOLD,0.0,0.7407781850336549,1.1887405662553148,1.9131168547084867,-0.7407781850336549,0.0,1.3122203161152863,1.245002952492505,0.0028964262683534043
2023-06-12,2023-06-09,4338.93,4289.189958138332,0.00927790266568529,-0.002251977106682943,0.001147473763687401,0.0010743641036362486,-0.001629494579310479,HOLD,0.0,0.13903475941288437,-0.6017434256207705,-1.7904839918760853,-0.13903475941288437,0.0,1.3244516211744752,1.245002952492505,0.011529879772368232
2023-06-13,2023-06-12,4369.01,4335.203026639667,0.00690866488336539,-0.0008593305125102255,0.00927790266568529,0.0010737384545557935,-0.0016297053059153074,HOLD,0.0,1.1518959126781616,1.0128611532652771,1.6146045788860477,-1.1518959126781616,0.0,1.3336334943010122,1.245002952492505,0.007767995395875615
2023-06-14,2023-06-13,4372.59,4355.997055157854,0.0008190720692198283,-0.0029829097922116268,0.00690866488336539,0.0010716424989546474,-0.0016295918377434767,HOLD,0.0,0.873305882983794,-0.27859002969436764,-1.2914511829596447,-0.873305882983794,0.0,1.3347262837223224,1.245002952492505,0.003801981861431455
2023-06-15,2023-06-14,4425.84,4354.270787294259,0.012104580063653003,-0.00419835724676297,0.0008190720692198283,0.0010695465433535013,-0.0016347463014531197,HOLD,0.0,0.10424321620505868,-0.7690626667787352,-0.4904726370843676,-0.10424321620505868,0.0,1.3509807632432047,1.245002952492505,0.016302937310415974
2023-06-16,2023-06-15,4409.59,4419.250543701097,-0.0036783763376515566,-0.001489969488814333,0.012104580063653003,0.0010663069899954217,-0.0016510241736485943,HOLD,0.0,1.5441955594303272,1.4399523432252685,2.209015010004004,-1.5441955594303272,-0.0,1.3460204760654693,1.245002952492505,-0.0021884068488372235
2023-06-20,2023-06-16,4388.71,4386.446208430144,-0.0047463803686902395,-0.0052623350859188,-0.0036783763376515566,0.001061542639628096,-0.0016422591655433389,HOLD,0.0,-0.4905618723994672,-2.0347574318297945,-3.474709775055063,0.4905618723994672,-0.0,1.3396468886026338,1.245002952492505,0.0005159547172285603
2023-06-21,2023-06-20,4365.69,4371.958874522781,-0.005259081846185509,-0.003824170535735782,-0.0047463803686902395,0.0010567782892607716,-0.001655584491399258,HOLD,0.0,-0.62903926281713,-0.13847739041766277,1.8962800414121317,0.62903926281713,-0.0,1.332620069474547,1.245002952492505,-0.0014349113104497272
2023-06-22,2023-06-21,4381.89,4344.499456202808,0.0037038857650539825,-0.004865700272301406,-0.005259081846185509,0.0010520336706586679,-0.0016590679961233279,HOLD,0.0,-0.6936526071602974,-0.06461334434316746,0.07386404607449532,0.6936526071602974,0.0,1.3375650942301955,1.245002952492505,0.008569586037355388
2023-06-23,2023-06-22,4348.33,4367.105439602365,-0.007688274822307051,-0.0033797193226931758,0.0037038857650539825,0.0010473038508804805,-0.0016743274288312446,HOLD,0.0,0.48820887050160483,1.1818614776619023,1.2464748220050699,-0.48820887050160483,-0.0,1.3273209565265185,1.245002952492505,-0.004308555499613875
2023-06-26,2023-06-23,4328.82,4332.901749353713,-0.004496875789266497,-0.003554395812658952,-0.007688274822307051,0.001042574031102294,-0.0016920015544109339,HOLD,0.0,-1.0022761843361865,-1.4904850548377913,-2.6723465324996933,1.0022761843361865,-0.0,1.32136555942882,1.245002952492505,-0.0009424799766075448
2023-06-27,2023-06-26,4378.41,4317.273330343733,0.011390657230512247,-0.0026709581031826865,-0.004496875789266497,0.0010408574247968072,-0.0016941708890470747,HOLD,0.0,-0.5974435649311924,0.40483261940499404,1.8953176742427853,0.5974435649311924,0.0,1.3365028296530557,1.245002952492505,0.014061615333694932
2023-06-28,2023-06-27,4376.86,4370.673211133492,-0.0003540724651998062,-0.0017685946507716875,0.011390657230512247,0.001040346103880401,-0.0016951342093900683,HOLD,0.0,1.4948758410170477,2.09231940594824,1.6874867865432461,-1.4948758410170477,-0.0,1.3360296945684098,1.245002952492505,0.0014145221855718813
2023-06-29,2023-06-28,4396.44,4362.066321934775,0.004463550205313638,-0.0033857001768530163,-0.0003540724651998062,0.0010398347829639945,-0.0016957085735870604,HOLD,0.0,-0.04767134971042153,-1.5425471907274693,-3.6348665966757094,0.04767134971042153,0.0,1.3420064590570262,1.245002952492505,0.007849250382166655
2023-06-30,2023-06-29,4450.38,4388.329899478761,0.012194363266363695,-0.0018464007408540424,0.004463550205313638,0.001029807624693838,-0.0017006605712306356,HOLD,0.0,0.6005304811190624,0.6482018308294839,2.190749021556953,-0.6005304811190624,0.0,1.3584715600026875,1.245002952492505,0.014040764007217738
2023-07-03,2023-06-30,4455.59,4447.283748443272,0.0011700018289602099,-0.000695969586903719,0.012194363266363695,0.0010181944935313914,-0.0017072591553526366,HOLD,0.0,1.6230182217981453,1.0224877406790829,0.374285909849599,-1.6230182217981453,0.0,1.3600619043839794,1.245002952492505,0.001865971415863929
2023-07-05,2023-07-03,4446.82,4443.3104765231365,-0.0019702536362675716,-0.00275978617877387,0.0011700018289602099,0.0010065813623689427,-0.0017029461086045935,HOLD,0.0,0.15607611459759957,-1.4669421072005457,-2.4894298478796286,-0.15607611459759957,-0.0,1.3573848755502111,1.245002952492505,0.0007895325425062985
2023-07-06,2023-07-05,4411.59,4436.145653378874,-0.007954065287478329,-0.002403330638789958,-0.0019702536362675716,0.0010030661286829939,-0.001710956052565245,HOLD,0.0,-0.26257467378102134,-0.4186507883786209,1.0482913188219247,0.26257467378102134,-0.0,1.3466309729488841,1.245002952492505,-0.005550734648688371
2023-07-07,2023-07-06,4398.95,4399.336256019005,-0.002869292613603136,-0.0027814900556919707,-0.007954065287478329,0.0009995508949970444,-0.0017198026097299524,HOLD,0.0,-1.0467577866729743,-0.784183112891953,-0.36553232451333206,1.0467577866729743,-0.0,1.3427726326457101,1.245002952492505,-8.780255791116529e-05
2023-07-10,2023-07-07,4409.53,4384.398081984077,0.0024022317330238963,-0.0033135271867730854,-0.002869292613603136,0.0009960586667573117,-0.0017296252156327261,HOLD,0.0,-0.3767827370126693,0.669975049660305,1.454158162552258,0.3767827370126693,0.0,1.3460021611589685,1.245002952492505,0.005715758919796981
2023-07-11,2023-07-10,4439.26,4401.809412041404,0.006719588071620208,-0.0017524214136751086,0.0024022317330238963,0.0009927044711948807,-0.0017307654121345144,HOLD,0.0,0.3167020824661625,0.6934848194788318,0.023509769818526816,-0.3167020824661625,0.0,1.3550771973309088,1.245002952492505,0.008472009485295317
2023-07-12,2023-07-11,4472.16,4433.79185699371,0.0073838175010525475,-0.0012325282860176899,0.006719588071620208,0.000989350275632449,-0.0017334900713094465,HOLD,0.0,0.9010181681168229,0.5843160856506604,-0.10916873382817138,-0.9010181681168229,0.0,1.3651198710630588,1.245002952492505,0.008616345787070238
2023-07-13,2023-07-12,4510.04,4462.639670709088,0.008434509266770363,-0.0021310680137868773,0.0073838175010525475,0.0009863706336555073,-0.0017309577178506864,HOLD,0.0,0.9860031540056012,0.08498498588877834,-0.49933109976188206,-0.9860031540056012,0.0,1.37668268203491,1.245002952492505,0.01056557728055724
2023-07-14,2023-07-13,4505.42,4507.128575984664,-0.0010249061954503702,-0.0006457512892151696,0.008434509266770363,0.0009843273756422887,-0.0017364519731734901,HOLD,0.0,1.1184755829950879,0.13247242898948663,0.04748744310070829,-1.1184755829950879,-0.0,1.3752724342342248,1.245002952492505,-0.00037915490623520063
2023-07-17,2023-07-14,4522.79,4492.908400738091,0.0038479435973783893,-0.0027808736840133157,-0.0010249061954503702,0.00098228411762907,-0.0017329964209987724,HOLD,0.0,-0.13579948517822854,-1.2542750681733164,-1.386747497162803,0.13579948517822854,0.0,1.3805745996666685,1.245002952492505,0.0066288172813917055
2023-07-18,2023-07-17,4554.98,4514.964455201732,0.007092079866133361,-0.0017317458208795477,0.0038479435973783893,0.0009799490904704616,-0.0017394138750375335,HOLD,0.0,0.509552856191249,0.6453523413694775,1.8996274095427939,-0.509552856191249,0.0,1.3904005470052088,1.245002952492505,0.008823825687012909
2023-07-19,2023-07-18,4565.72,4546.506066761195,0.0023550834835130985,-0.001862099359423127,0.007092079866133361,0.0009772250377846656,-0.0017363203234245514,HOLD,0.0,0.9426811753744043,0.4331283191831553,-0.2122240221863222,-0.9426811753744043,0.0,1.3936789152691371,1.245002952492505,0.004217182842936226
2023-07-20,2023-07-19,4534.87,4555.152798076954,-0.006779806181850034,-0.002317148124984456,0.0023550834835130985,0.0009745009850988701,-0.0017421034777740227,HOLD,0.0,0.3130405682387579,-0.6296406071356464,-1.0627689263188018,-0.3130405682387579,-0.0,1.3842620008424873,1.245002952492505,-0.004462658056865578
2023-07-21,2023-07-20,4536.34,4516.717088780044,0.0003241023001034904,-0.004010995061755986,-0.006779806181850034,0.0009709876107031064,-0.0017473409689267136,HOLD,0.0,-0.8919374217591388,-1.2049779899978967,-0.5753373828622503,0.8919374217591388,0.0,1.3847107160517942,1.245002952492505,0.004335097361859476
2023-07-24,2023-07-21,4554.64,4521.3869057097845,0.004025974035343438,-0.0033017351991467343,0.0003241023001034904,0.0009668822450248668,-0.0017505135137201005,HOLD,0.0,0.04470608984269147,0.9366435116018302,2.141621501599727,-0.04470608984269147,0.0,1.3902967625350293,1.245002952492505,0.007327709234490172
2023-07-25,2023-07-24,4567.46,4546.365289031033,0.0028107581456495723,-0.0018184174135279937,0.004025974035343438,0.0009627768793466279,-0.00175265282183629,HOLD,0.0,0.5578605169063625,0.5131544270636711,-0.42348908453815914,-0.5578605169063625,0.0,1.3942100475577082,1.245002952492505,0.004629175559177566
2023-07-26,2023-07-25,4566.75,4562.317722687114,-0.00015545953102247267,-0.0011264847870041564,0.0028107581456495723,0.0009584429422776991,-0.001754156974883969,HOLD,0.0,0.41060311392873244,-0.14725740297763007,-0.6604118300413011,-0.41060311392873244,-0.0,1.3939933211640962,1.245002952492505,0.0009710252559816837
2023-07-27,2023-07-26,4537.41,4556.591956559877,-0.006445427491140521,-0.002226826021888195,-0.00015545953102247267,0.0009540175766524954,-0.0017533470463198342,HOLD,0.0,-0.022880057104719267,-0.4334831710334517,-0.2862257680558216,0.022880057104719267,-0.0,1.3850373318844225,1.245002952492505,-0.004218601469252325
2023-07-28,2023-07-27,4582.23,4530.392703154651,0.009829414508766732,-0.0015477395077715611,-0.006445427491140521,0.000949592211027291,-0.001755428453061161,HOLD,0.0,-0.9384804867075683,-0.915600429602849,-0.48211725856939736,0.9384804867075683,0.0,1.3987185670417157,1.245002952492505,0.011377154016538292
2023-07-31,2023-07-28,4588.96,4581.917914083797,0.0014676396864565788,-6.811018749354122e-05,0.009829414508766732,0.0009483824680638186,-0.0017540412708033782,HOLD,0.0,1.459733349560044,2.398213836267612,3.3138142658704615,-1.459733349560044,0.0,1.4007728890544022,1.245002952492505,0.00153574987395012
2023-08-01,2023-07-31,4576.73,4584.319552851093,-0.0026686495524472775,-0.001011731413613058,0.0014676396864565788,0.000947708662210635,-0.0017532313422392435,HOLD,0.0,0.22122376654904305,-1.238509583011001,-3.636723419278613,-0.22122376654904305,-0.0,1.39703970061233,1.245002952492505,-0.0016569181388342196
2023-08-02,2023-08-01,4513.39,4566.780935176716,-0.013936235197657965,-0.002176203171903127,-0.0026686495524472775,0.0009470348563574513,-0.0017524214136751086,HOLD,0.0,-0.40724734952385133,-0.6284711160728944,0.6100384669381065,0.40724734952385133,-0.0,1.3777052643146264,1.245002952492505,-0.011760032025754838
2023-08-03,2023-08-02,4501.89,4499.0918561997705,-0.002551225527671619,-0.0031729674520683563,-0.013936235197657965,0.0009396740791288257,-0.0017539255667227878,HOLD,0.0,-2.139343827486197,-1.7320964779623458,-1.1036253618894514,2.139343827486197,-0.0,1.374194907234999,1.245002952492505,0.0006217419243967374
2023-08-04,2023-08-03,4478.03,4490.978644390244,-0.005314091027456058,-0.002426669708127206,-0.002551225527671619,0.0009323133019001989,-0.001758893241932352,HOLD,0.0,-0.39047787452327853,1.7488659529629187,3.4809624309252643,0.39047787452327853,-0.0,1.3669116794158778,1.245002952492505,-0.0028874213193288522
2023-08-07,2023-08-04,4518.44,4471.393703741578,0.008983583955258112,-0.0014830669983850742,-0.005314091027456058,0.0009257188168054333,-0.001767901692997449,HOLD,0.0,-0.8118672275720706,-0.4213893530487921,-2.1702553060117107,0.8118672275720706,0.0,1.3792467689452448,1.245002952492505,0.010466650953643186
2023-08-08,2023-08-07,4499.38,4517.044476562467,-0.004227192022497661,-0.0003088984220488922,0.008983583955258112,0.0009237220845138333,-0.0017630509885777819,HOLD,0.0,1.3596850700684822,2.171552297640553,2.592941650689345,-1.3596850700684822,-0.0,1.3734287336463156,1.245002952492505,-0.003918293600448769
2023-08-09,2023-08-08,4467.71,4491.596087600442,-0.007063636404007312,-0.0017314948384796747,-0.004227192022497661,0.0009217253522222331,-0.0017582002841581138,HOLD,0.0,-0.6370426869083711,-1.9967277569768531,-4.168280054617406,0.6370426869083711,-0.0,1.3637615154974638,1.245002952492505,-0.005332141565527637
2023-08-10,2023-08-09,4468.83,4458.813333232968,0.0002506562955826297,-0.0019933112547105168,-0.007063636404007312,0.0009183385260972179,-0.0017545040871257411,HOLD,0.0,-1.0519194439615154,-0.4148767570531443,1.581850999923709,1.0519194439615154,0.0,1.3641033937521752,1.245002952492505,0.0022439675502931465
2023-08-11,2023-08-10,4464.05,4466.081673329235,-0.0010702036647138868,-0.0006151883438636313,0.0002506562955826297,0.0009114764653886622,-0.0017623580308035434,HOLD,0.0,0.037338870329718964,1.0892583142912344,1.5041350713443786,-0.037338870329718964,-0.0,1.3626443062008173,1.245002952492505,-0.00045501532085025556
2023-08-14,2023-08-11,4489.72,4454.52955211179,0.005733913274736935,-0.002134970361332349,-0.0010702036647138868,0.0009046144046801077,-0.001757507326383876,HOLD,0.0,-0.16106620091684715,-0.19840507124656612,-1.2876633855378006,0.16106620091684715,0.0,1.3704800336994278,1.245002952492505,0.007868883636069284
2023-08-15,2023-08-14,4437.86,4492.580270459359,-0.01161806073636562,0.0006368681673763867,0.005733913274736935,0.0009005325620983094,-0.001766515777448973,HOLD,0.0,0.8783846622938509,1.039450863210698,1.2378559344572642,-0.8783846622938509,-0.0,1.354649849512518,1.245002952492505,-0.012254928903742007
2023-08-16,2023-08-15,4404.33,4427.857132003567,-0.00758413033820915,-0.0022565286241330927,-0.01161806073636562,0.0009001576770188558,-0.001761665073029305,HOLD,0.0,-1.7477887979669195,-2.6261734602607705,-3.6656243234714685,1.7477887979669195,-0.0,1.344414869262094,1.245002952492505,-0.0053276017140760565
2023-08-17,2023-08-16,4370.36,4392.303526383262,-0.0077427623561252545,-0.0027343371924638065,-0.00758413033820915,0.0008997827919394022,-0.0017688262713173302,HOLD,0.0,-1.1267277070566875,0.6210610909102321,3.247234551171003,1.1267277070566875,-0.0,1.334045579697317,1.245002952492505,-0.005008425163661448
2023-08-18,2023-08-17,4369.71,4361.368816195521,-0.00014874022775579476,-0.002059428819095215,-0.0077427623561252545,0.0008966046643164034,-0.0017698299603484478,HOLD,0.0,-1.1351310887759196,-0.008403381719232161,-0.6294644726294643,1.1351310887759196,-0.0,1.3338471682102067,1.245002952492505,0.0019106885913394204
2023-08-21,2023-08-18,4399.77,4361.889690828128,0.006855621481268059,-0.0017912665582071148,-0.00014874022775579476,0.0008913241047857459,-0.0017722799325825503,HOLD,0.0,-0.022405144192261625,1.112725944583658,1.12112932630289,0.022405144192261625,0.0,1.3430229363679118,1.245002952492505,0.008646888039475175
2023-08-22,2023-08-21,4387.55,4400.554588850607,-0.002781282092231052,0.00017830907139020937,0.006855621481268059,0.0008860435452550876,-0.0017750964917629857,HOLD,0.0,1.0397513173531745,1.0621564615454362,-0.05056948303822173,-1.0397513173531745,-0.0,1.3392928004102544,1.245002952492505,-0.0029595911636212616
2023-08-23,2023-08-22,4436.01,4377.764204643772,0.010984339030271073,-0.00223284623766641,-0.002781282092231052,0.0008835885980843848,-0.001773707362475825,HOLD,0.0,-0.425559131774363,-1.4653104491275375,-2.527466910672974,0.425559131774363,0.0,1.3540851398953608,1.245002952492505,0.013217185267937484
2023-08-24,2023-08-23,4376.31,4439.6289099593205,-0.013549420207498386,0.0008154703445191419,0.010984339030271073,0.0008822638958576647,-0.0017756953048912805,HOLD,0.0,1.6955054842848056,2.1210646160591686,3.586375065186706,-1.6955054842848056,-0.0,1.3358618079254718,1.245002952492505,-0.014364890552017527
2023-08-25,2023-08-24,4405.71,4363.08411068396,0.006695523315476848,-0.003026731429092514,-0.013549420207498386,0.0008809391936309445,-0.0017749966895749365,HOLD,0.0,-2.0100310933021297,-3.705536577586935,-5.826601193646104,2.0100310933021297,0.0,1.3448361121116472,1.245002952492505,0.009722254744569362
2023-08-28,2023-08-25,4433.31,4401.1454223435985,0.0062450565111582534,-0.0010365965707925947,0.006695523315476848,0.0008794472630240831,-0.0017762941180195753,HOLD,0.0,0.9955864811430551,3.0056175744451847,6.71115415203212,-0.9955864811430551,0.0,1.3532609691027544,1.245002952492505,0.007281653081950848
2023-08-29,2023-08-28,4497.63,4432.132226278769,0.014404107984150372,-0.0002656999387281736,0.0062450565111582534,0.0008779274610205313,-0.0017755955027032313,HOLD,0.0,0.937630056496426,-0.0579564246466292,-3.063573999091814,-0.937630056496426,0.0,1.3728945488733288,1.245002952492505,0.014669807922878544
2023-08-30,2023-08-29,4514.87,4509.763124086503,0.003825802169906467,0.002694038387736382,0.014404107984150372,0.0008764076590169796,-0.0017748968873868873,ENTER,1.0,2.162915114549972,1.2252850580535461,1.2832414827001752,-2.162915114549972,0.003625802169906467,1.3781570320083518,1.2495252804781285,0.0011317637821700853
2023-08-31,2023-08-30,4507.66,4516.1396062295935,-0.0015982216816592398,0.0002811659589158927,0.003825802169906467,0.0008792301484521471,-0.0017732315525114002,HOLD,1.0,0.5744244524512612,-1.588490662098711,-2.813775720152257,-0.5744244524512612,-0.0015982216816592398,1.3759561907436482,1.2475298570723072,-0.0018793876405751326
2023-09-01,2023-08-31,4515.77,4505.399223011265,0.0017975431036134637,-0.0005016669657238303,-0.0015982216816592398,0.0008777103464485954,-0.0017715662176359128,HOLD,1.0,-0.23978199750957427,-0.8142064499608355,0.7742842121378755,0.23978199750957427,0.0017975431036134637,1.3784317556058874,1.2497743624566635,0.002299210069337294
2023-09-05,2023-09-01,4496.83,4516.059080422761,-0.0042030108696096136,6.401370537151719e-05,0.0017975431036134637,0.0008733607932920905,-0.0017700615808940905,HOLD,1.0,0.2707948289482299,0.5105768264578042,1.3247832764186396,-0.2707948289482299,-0.0042030108696096136,1.3726503501199632,1.2445325705972627,-0.004267024574981131
2023-09-06,2023-09-05,4465.48,4496.040136246559,-0.006995992744252888,-0.00017566444160875425,-0.0042030108696096136,0.0008520327332178459,-0.0017695211329542579,HOLD,1.0,-0.6334936898316734,-0.9042885187799033,-1.4148653452377076,0.6334936898316734,-0.006995992744252888,1.363080811472458,1.2358562150116115,-0.006820328302644133
2023-09-07,2023-09-06,4451.14,4459.380157623925,-0.0032164682050073168,-0.0013669330876099183,-0.006995992744252888,0.0008307046731436013,-0.001768980685014425,HOLD,1.0,-1.0426745440962448,-0.4091808542645714,0.49510766451533195,1.0426745440962448,-0.0032164682050073168,1.3587035488183852,1.2318875088202814,-0.0018495351173973985
2023-09-08,2023-09-07,4457.49,4446.591741405955,0.0014255841976638095,-0.001022341226365823,-0.0032164682050073168,0.0008124050595391658,-0.0017672087352232115,HOLD,1.0,-0.48511995954751574,0.5575545845487291,0.9667354388133005,0.48511995954751574,0.0014255841976638095,1.3606418764232218,1.233644920557725,0.0024479254240296327
2023-09-11,2023-09-08,4487.46,4455.67581101232,0.006701012782986737,-0.00040708072781317446,0.0014255841976638095,0.000801676562109245,-0.0017623580308035434,HOLD,1.0,0.21675446144260982,0.7018744209901255,0.14431983644139645,-0.21675446144260982,0.006701012782986737,1.3697901722211718,1.2419393504429554,0.007108093510799911
2023-09-12,2023-09-11,4461.9,4493.717083768769,-0.005712155841120392,0.0013933774432355337,0.006701012782986737,0.0007909480646793258,-0.001757507326383876,HOLD,1.0,1.0110244256665488,0.794269964223939,0.09239554323381349,-1.0110244256665488,-0.005712155841120392,1.3619880220511487,1.2348654222525488,-0.007105533284355926
2023-09-13,2023-09-12,4467.44,4457.015280452919,0.0012408533465713134,-0.0010953619093532051,-0.005712155841120392,0.0008108724170491769,-0.0017543883830451505,HOLD,1.0,-0.8796199966525478,-1.8906444223190966,-2.684914386543036,0.8796199966525478,0.0012408533465713134,1.363679098418204,1.2363986602093118,0.0023362152559245185
2023-09-14,2023-09-13,4505.1,4466.376542594496,0.008394550741110507,-0.0002380746023732,0.0012408533465713134,0.000800143919619256,-0.0017535784544810155,HOLD,1.0,0.1916093258645721,1.0712293225171199,2.9618737448362165,-0.1916093258645721,0.008394550741110507,1.375174754732877,1.246821357222249,0.008632625343483706
2023-09-15,2023-09-14,4450.32,4512.623549289362,-0.012234084667106515,0.0016686142558871326,0.008394550741110507,0.000789415422189335,-0.0017527685259168808,HOLD,1.0,1.2860777105037715,1.0944683846391994,0.02323906212207949,-1.2860777105037715,-0.012234084667106515,1.358453245096185,1.2316605674620595,-0.013902698922993648
2023-09-18,2023-09-15,4453.53,4442.986663028695,0.0007210364368379629,-0.0016491815499607861,-0.012234084667106515,0.0008093397745591896,-0.0017517276318732876,HOLD,1.0,-1.8285826000515961,-3.114660310555368,-4.2091286951945674,1.8285826000515961,0.0007210364368379629,1.359433092594063,1.2325489598521688,0.002370217986798749
2023-09-19,2023-09-18,4443.95,4457.405599707118,-0.002153419552961111,0.0008698525330195124,0.0007210364368379629,0.0007986112771292688,-0.0017505135137201007,HOLD,1.0,0.1080047424344243,1.9365873424860205,5.051247653041388,-0.1080047424344243,-0.002153419552961111,1.3565088125225138,1.2298976205695369,-0.0030232720859806233
2023-09-20,2023-09-19,4402.2,4442.591762104615,-0.009439204623111763,-0.00030568424530533737,-0.002153419552961111,0.0008209085633691803,-0.0017492993955669138,HOLD,1.0,-0.32617853761294463,-0.43418328004736895,-2.3707706225333895,0.32617853761294463,-0.009439204623111763,1.3437646900812565,1.2183429843430296,-0.009133520377806426
2023-09-21,2023-09-20,4330.0,4397.197442083177,-0.016536873951467967,-0.0011370229583788293,-0.009439204623111763,0.0008078071320691989,-0.001746938084991891,HOLD,1.0,-1.4101377608624512,-1.0839592232495066,-0.6497759432021376,1.4101377608624512,-0.016536873951467967,1.3217257525900326,1.1983610745094087,-0.015399850993089138
2023-09-22,2023-09-21,4320.06,4323.390353361921,-0.0022982509659392747,-0.0015276435370603371,-0.016536873951467967,0.0007970786346392781,-0.0017441178974481346,HOLD,1.0,-2.4047932876755627,-0.9946555268131114,0.08930369643639513,2.4047932876755627,-0.0022982509659392747,1.3186915830794694,1.195610102435363,-0.0007706074288789375
2023-09-25,2023-09-22,4337.44,4314.509120476185,0.004015021275819208,-0.0012857341718044222,-0.0022982509659392747,0.0007863501372093607,-0.0017412977099043776,HOLD,1.0,-0.3339501887648189,2.0708430989107436,3.065498625723855,0.3339501887648189,0.004015021275819208,1.3239968009963325,1.2004201521986368,0.005300755447623631
2023-09-26,2023-09-25,4273.53,4335.708334636599,-0.01484412871796259,-0.0003993164464845947,0.004015021275819208,0.0007843730631014196,-0.0017381501244425534,HOLD,1.0,0.5838257829354921,0.9177759717003111,-1.1530671272104325,-0.5838257829354921,-0.01484412871796259,1.3044883730868555,1.1827325641450797,-0.014444812271477996
2023-09-27,2023-09-26,4274.51,4266.0529412752685,0.00022929233000645866,-0.0017511535836991692,-0.01484412871796259,0.000783854559547144,-0.0017349479726610506,EXIT,0.0,-2.1404313742454852,-2.7242571571809773,-3.6420331288812884,2.1404313742454852,-0.0002,1.3047875165597282,1.182496041285325,0.0019804459137056276
2023-09-28,2023-09-27,4299.7,4268.013684845272,0.005875776887473094,-0.0015209361183396147,0.00022929233000645866,0.0007833360559928685,-0.0017408948259695551,HOLD,0.0,0.03307770536724077,2.173509079612726,4.897766236793704,-0.03307770536724077,0.0,1.3124767248063198,1.182496041285325,0.007396713005812709
2023-09-29,2023-09-28,4288.05,4296.866351353593,-0.00271316867551441,-0.0006592512948122363,0.005875776887473094,0.0007817091882711149,-0.001737692674188053,HOLD,0.0,0.841653750919107,0.8085760455518662,-1.3649330340608596,-0.841653750919107,-0.0,1.3089205804604382,1.182496041285325,-0.002053917380702174
2023-10-02,2023-09-29,4288.39,4282.542640182241,7.928697692172193e-05,-0.0012851761382219181,-0.00271316867551441,0.0007800823205493619,-0.00173449052240655,HOLD,0.0,-0.3920950295322097,-1.2337487804513168,-2.042324826003183,0.3920950295322097,0.0,1.3090243649306177,1.182496041285325,0.00136446311514364
2023-10-03,2023-10-02,4229.45,4284.407500940679,-0.013839410161484267,-0.0009291014620067619,7.928697692172193e-05,0.0007778412627224455,-0.0017317332717595542,HOLD,0.0,0.01146953265854876,0.4035645621907585,1.6373133426420752,-0.01146953265854876,-0.0,1.2910330217764237,1.182496041285325,-0.012910308699477504
2023-10-04,2023-10-03,4263.75,4222.724424370313,0.008077093787001388,-0.0015914430326423492,-0.013839410161484267,0.0007719150642645486,-0.0017316454279195986,HOLD,0.0,-1.9450185804386013,-1.95648811309715,-2.3600526752879087,1.9450185804386013,0.0,1.3015030433269652,1.182496041285325,0.009668536819643737
2023-10-05,2023-10-04,4258.19,4258.5833542319415,-0.0013048673867483984,-0.0012124957300501226,0.008077093787001388,0.0007659888658066517,-0.001731557584079643,HOLD,0.0,1.1310243981842665,3.076042978622868,5.032531091720018,-1.1310243981842665,-0.0,1.2998058619910744,1.182496041285325,-9.237165669827578e-05
2023-10-06,2023-10-05,4308.5,4249.67981168659,0.011745628333713398,-0.0020005456924121743,-0.0013048673867483984,0.0007587896150849644,-0.001731447536607315,HOLD,0.0,-0.1847487339776846,-1.315773132161951,-4.391816110784819,0.1847487339776846,0.0,1.315162911093339,1.182496041285325,0.013746174026125572
2023-10-09,2023-10-06,4335.66,4305.901415426489,0.00628403208104622,-0.0006033117165119271,0.011745628333713398,0.0007484077337038047,-0.0017316328787996048,HOLD,0.0,1.6430084333257367,1.8277571673034212,3.143530299465372,-1.6430084333257367,0.0,1.3234534587700941,1.182496041285325,0.006887343797558147
2023-10-10,2023-10-09,4358.24,4334.396126064112,0.0051944583608865,-0.0002915491956369106,0.00628403208104622,0.0007380258523226417,-0.0017315450349596492,HOLD,0.0,0.8720145874058,-0.7709938459199367,-2.598751013223358,-0.8720145874058,0.0,1.3303459685838315,1.182496041285325,0.005486007556523411
2023-10-11,2023-10-10,4376.95,4354.150399500503,0.0042838286545681115,-0.000938801089559537,0.0051944583608865,0.0007275654169352267,-0.0017314238856711351,HOLD,0.0,0.7191920819324332,-0.15282250547336673,0.61817134044657,-0.7191920819324332,0.0,1.336057166928163,1.182496041285325,0.005222629744127649
2023-10-12,2023-10-11,4349.61,4371.737173512794,-0.006265948885271655,-0.0011916821348660629,0.0042838286545681115,0.0007170002428728086,-0.0017312583291178758,HOLD,0.0,0.5965670226173623,-0.12262505931507095,0.030197446158295782,-0.5965670226173623,-0.0,1.3277116745319015,1.182496041285325,-0.005074266750405592
2023-10-13,2023-10-12,4327.78,4345.458363234359,-0.005031477449687571,-0.0009549406416834733,-0.006265948885271655,0.0007064350688103907,-0.0017310927725646167,HOLD,0.0,-0.8695985853664927,-1.466165607983855,-1.3435405486687841,0.8695985853664927,-0.0,1.3210481010494455,1.182496041285325,-0.004076536808004098
2023-10-16,2023-10-13,4373.63,4333.683903945554,0.010538619453747344,0.00136325797241247,-0.005031477449687571,0.0007011420486716806,-0.0017308936159452957,ENTER,1.0,-0.700322899953802,0.16927568541269067,1.6354412933965456,0.700322899953802,0.010338619453747344,1.3350437421016979,1.1947848329729407,0.009175361481334875
2023-10-17,2023-10-16,4373.2,4370.666083694333,-9.832133478049343e-05,-0.0006779085224945037,0.010538619453747344,0.0007154909322924647,-0.0017306692592764285,HOLD,1.0,1.4376149206051156,2.1379378205589177,1.968662135146227,-1.4376149206051156,-9.832133478049343e-05,1.334912485271763,1.1946673659082414,0.0005795871877140102
2023-10-18,2023-10-17,4314.6,4374.610475365242,-0.013490386223825368,0.00032247506537478026,-9.832133478049343e-05,0.0007049257582300468,-0.0017304449026075612,HOLD,1.0,-0.013458120472957122,-1.4510730410780728,-3.5890108616369902,0.013458120472957122,-0.013490386223825368,1.3170249265877514,1.1786590636027858,-0.01381286128920015
2023-10-19,2023-10-18,4278.0,4311.684472770115,-0.008519009694152757,-0.0006759636434675285,-0.013490386223825368,0.0007009507765722616,-0.0017266028753549498,HOLD,1.0,-1.8047463777645345,-1.7912882572915774,-0.3402152162135046,1.8047463777645345,-0.008519009694152757,1.3058528336212856,1.1686607041423809,-0.007843046050685228
2023-10-20,2023-10-19,4224.16,4283.055484645048,-0.012665186185758515,0.0011810425108812813,-0.008519009694152757,0.0006996118718763301,-0.001721313779868841,HOLD,1.0,-1.1301996825591376,0.6745466952053969,2.4658349524969743,1.1301996825591376,-0.012665186185758515,1.2894182575197959,1.1539527349252166,-0.013846228696639797
2023-10-23,2023-10-20,4217.04,4218.831936129362,-0.0016869643388464084,-0.0012621271270255624,-0.012665186185758515,0.0007034164476497028,-0.0017160246843827317,HOLD,1.0,-1.6546284800283917,-0.5244287974692541,-1.198975492674651,1.6546284800283917,-0.0016869643388464084,1.2872448886148447,1.152007698877182,-0.000424837211820846
2023-10-24,2023-10-23,4247.68,4210.652651405053,0.007239491399758435,-0.0015158003696001876,-0.0016869643388464084,0.000700759504472843,-0.0017115722021006797,HOLD,1.0,-0.22443523656973752,1.4301932434586542,1.9546220409279083,0.22443523656973752,0.007239491399758435,1.296597700868737,1.1603779101850171,0.008755291769358624
2023-10-25,2023-10-24,4186.77,4245.867006559114,-0.01444339793934546,-0.00042691079875607535,0.007239491399758435,0.0006994205997769115,-0.0017072591553526366,HOLD,1.0,0.9537974823008459,1.1782327188705835,-0.2519605245880707,-0.9537974823008459,-0.01444339793934546,1.2780050182843836,1.1437385638808317,-0.014016487140589383
2023-10-26,2023-10-25,4137.23,4181.569961296798,-0.011903071819741484,-0.001242788748198846,-0.01444339793934546,0.00069808169508098,-0.0017029461086045935,HOLD,1.0,-1.8573341748916767,-2.8111316571925227,-3.989364376063106,1.8573341748916767,-0.011903071819741484,1.2628830104822324,1.1302052653106547,-0.010660283071542638
2023-10-27,2023-10-26,4117.37,4130.2365240354375,-0.004811871761209119,-0.001691806700951609,-0.011903071819741484,0.000690786814600066,-0.0017002796483349763,HOLD,1.0,-1.5407516801971846,0.3165824946944922,3.127714151887015,1.5407516801971846,-0.004811871761209119,1.2568207764299368,1.1247799259968938,-0.00312006506025751
2023-10-30,2023-10-27,4166.82,4115.871386092725,0.011938544947970087,-0.0003640398364504761,-0.004811871761209119,0.0006834919341191544,-0.0016976131880653586,HOLD,1.0,-0.6219732209701757,0.9187784592270088,0.6021959645325167,0.6219732209701757,0.011938544947970087,1.271915311872333,1.1382886384372488,0.012302584784420563
2023-10-31,2023-10-30,4193.8,4165.674659776417,0.0064540892074660405,-0.00027490932249269254,0.011938544947970087,0.0006752702956394963,-0.0016953115305829564,HOLD,1.0,1.5092010159635123,2.131174236933688,1.212395777706679,-1.5092010159635123,0.0064540892074660405,1.2801509148295802,1.1456590137990448,0.006728998529958733
2023-11-01,2023-10-31,4237.86,4188.73998752369,0.010451180679737604,-0.0012072744295707847,0.0064540892074660405,0.0006614881091673682,-0.0016951986898238458,HOLD,1.0,0.8209321962158777,-0.6882688197476347,-2.8194430566813224,-0.8209321962158777,0.010451180679737604,1.293600161171178,1.1576952902423627,0.011658455109308389
2023-11-02,2023-11-01,4317.78,4236.170872684291,0.018682956430735587,-0.0003986597083390405,0.010451180679737604,0.00064770592269524,-0.0016950858490647352,HOLD,1.0,1.3072618102326725,0.48632961401679486,1.1745984337644295,-1.3072618102326725,0.018682956430735587,1.3179956166323774,1.1795277735231149,0.019081616139074626
2023-11-03,2023-11-02,4358.34,4321.172938963587,0.009349869637437891,0.0007854977708558625,0.018682956430735587,0.0006377621701455585,-0.001694685393765423,HOLD,1.0,2.2383281128119643,0.9310663025792918,0.44473668856249693,-2.2383281128119643,0.009349869637437891,1.3303764934280027,1.19060792269563,0.008564371866582028
2023-11-06,2023-11-03,4365.98,4358.238083264709,0.0017514263468019209,-2.3384574616970805e-05,0.009349869637437891,0.0006595192253856375,-0.0016935659021156063,HOLD,1.0,1.10726999598541,-1.1310581168265543,-2.062124419405846,-1.10726999598541,0.0017514263468019209,1.3327085915226402,1.192695011938183,0.0017748109214188916
2023-11-07,2023-11-06,4378.38,4365.455854582931,0.00283611569324016,-0.00012005938689292069,0.0017514263468019209,0.0006457370389135093,-0.00169244641046579,HOLD,1.0,0.20731276723285305,-0.8999572287525569,0.23110088807399742,-0.20731276723285305,0.00283611569324016,1.3364936721998038,1.1960824342690306,0.0029561750801330804
2023-11-08,2023-11-07,4382.78,4377.628789651059,0.0010044332873562212,-0.00017158739074629031,0.00283611569324016,0.000637712503325049,-0.0016917858674019813,HOLD,1.0,0.33679149972918443,0.12947873249633138,1.0294359612488884,-0.33679149972918443,0.0010044332873562212,1.3378367653433139,1.1972844228380417,0.0011760206781025115
2023-11-09,2023-11-08,4347.35,4379.311903145019,-0.008116762182437398,-0.0007916139374991329,0.0010044332873562212,0.0006373648355814821,-0.0016917372557861835,HOLD,1.0,0.12111600382866235,-0.2156754959005221,-0.3451542283968535,-0.12111600382866235,-0.008116762182437398,1.3270218130536462,1.1876056830653066,-0.007325148244938265
2023-11-10,2023-11-09,4415.24,4343.080553331763,0.015495728650984475,-0.0009825628282796638,-0.008116762182437398,0.0006370171678379154,-0.0016916886441703859,HOLD,1.0,-0.9777510479415613,-1.0988670517702237,-0.8831915558697017,0.9777510479415613,0.015495728650984475,1.3477451297611125,1.2061518203266945,0.016478291479264138
2023-11-13,2023-11-10,4411.55,4411.490220435955,-0.0008360910851976655,-0.0008496418709934738,0.015495728650984475,0.0006334640020590999,-0.0016853622172427537,HOLD,1.0,1.8263622757453493,2.8041133236869107,3.902980375457134,-1.8263622757453493,-0.0008360910851976655,1.3466187630112152,1.2051437890040477,1.3550785795808282e-05
2023-11-14,2023-11-13,4495.7,4406.881820541388,0.018895282757299015,-0.001058732434442667,-0.0008360910851976655,0.0006275067127538454,-0.0016743274288312463,HOLD,1.0,-0.09853314575459471,-1.924895421499944,-4.729008745186855,0.09853314575459471,0.018895282757299015,1.3723054193808357,1.2281318203863727,0.01995401519174168
2023-11-15,2023-11-14,4502.88,4492.0403943695665,0.0015958076771482865,-0.0008143550374401801,0.018895282757299015,0.0006215494234485911,-0.0016632926404197372,HOLD,1.0,2.1512136216377216,2.2497467673923164,4.1746421888922605,-2.1512136216377216,0.0015958076771482865,1.3744971031922897,1.2300932471876214,0.0024101627145884665
2023-11-16,2023-11-15,4508.24,4493.8781672253535,0.0011896413835668085,-0.002001128764678415,0.0015958076771482865,0.0006148948786671483,-0.0016588000342214763,EXIT,0.0,0.18185447150505016,-1.9693591501326715,-4.219105917524988,-0.18185447150505016,-0.0002,1.3761332348398376,1.2298472531384086,0.0031907701482452233
2023-11-17,2023-11-16,4514.02,4498.969935607197,0.0012812755985169844,-0.0020583660716425836,0.0011896413835668085,0.0006079614316952302,-0.0016727510304867447,HOLD,0.0,0.13727699138982655,-0.04457748011522361,1.9247816700174478,-0.13727699138982655,0.0,1.3778975708329029,1.2298472531384086,0.003339641670159568
2023-11-20,2023-11-17,4547.38,4502.53156769409,0.0073631338909265764,-0.0025482998542521724,0.0012812755985169844,0.0006010279847233144,-0.0016916747551373008,HOLD,0.0,0.1511908329906142,0.013913841600787652,0.05849132171601126,-0.1511908329906142,0.0,1.388080658848238,1.2298472531384086,0.00991143374517875
2023-11-21,2023-11-20,4538.19,4538.471094748553,-0.002022988790832514,-0.0019610508720956676,0.0073631338909265764,0.0005976520390323696,-0.0016917650338523537,HOLD,0.0,0.8679621422466093,0.7167713092559951,0.7028574676552074,-0.8679621422466093,-0.0,1.3852754256689528,1.2298472531384086,-6.193791873684634e-05
2023-11-22,2023-11-21,4556.62,4527.864196337698,0.004052866464977711,-0.002277905669568195,-0.002022988790832514,0.0005948690102215882,-0.0016929261926014257,HOLD,0.0,-0.23923985351464908,-1.1072019957612584,-1.8239733050172535,0.23923985351464908,0.0,1.3909011544496075,1.2298472531384086,0.006330772134545906
2023-11-24,2023-11-22,4559.34,4546.681300126655,0.0005967555980319617,-0.002183538365812543,0.004052866464977711,0.0005920859814108066,-0.0016950052485225134,HOLD,0.0,0.49014850464058474,0.7293883581552338,1.8365903539164923,-0.49014850464058474,0.0,1.391731430211049,1.2298472531384086,0.0027802939638445047
2023-11-27,2023-11-24,4550.43,4548.729803951979,-0.001956142216799961,-0.0023298461860544397,0.0005967555980319617,0.0005895823845183922,-0.00169521480993229,HOLD,0.0,0.07228790277808017,-0.41786060186250457,-1.1472489600177385,-0.07228790277808017,-0.0,1.3890116665954426,1.2298472531384086,0.00037370396925447873
2023-11-28,2023-11-27,4554.89,4541.4605525394045,0.0009796471418237473,-0.0019730660677433893,-0.001956142216799961,0.0005870787876259788,-0.0016976131880653586,HOLD,0.0,-0.23691614488773666,-0.30920404766581683,0.10865655419668774,0.23691614488773666,0.0,1.3903730746454557,1.2298472531384086,0.0029527132095671367
2023-11-29,2023-11-28,4550.58,4546.906852900695,-0.0009466837674256823,-0.0017541918975918073,0.0009796471418237473,0.0005848306269020516,-0.0017025651857089342,HOLD,0.0,0.1186788327170928,0.35559497760482944,0.6647990252706463,-0.1186788327170928,-0.0,1.3890574538616993,1.2298472531384086,0.000807508130166125
2023-11-30,2023-11-29,4567.8,4543.863575527891,0.003776991191685397,-0.001477039389469318,-0.0009466837674256823,0.0005841150831890486,-0.0017103399030298102,HOLD,0.0,-0.11494142188022997,-0.23362025459732277,-0.5892152322021522,0.11494142188022997,0.0,1.3943138320278885,1.2298472531384086,0.005254030581154715
2023-12-01,2023-11-30,4594.63,4562.677459116812,0.00585654170061467,-0.0011220752569814497,0.003776991191685397,0.0005833995394760456,-0.001706026856281767,HOLD,0.0,0.4609427098381924,0.5758841317184223,0.8095043863157452,-0.4609427098381924,0.0,1.4025036477188786,1.2298472531384086,0.0069786169575961204
2023-12-04,2023-12-01,4569.78,4589.067215767752,-0.0054231665551185415,-0.0012114478040561978,0.00585654170061467,0.0005825411280710038,-0.0017021842628132744,HOLD,0.0,0.7133155436789739,0.25237283384078146,-0.3235112978776409,-0.7133155436789739,-0.0,1.3949182239424684,1.2298472531384086,-0.004211718751062344
2023-12-05,2023-12-04,4567.18,4560.733189327595,-0.0005691170958783687,-0.0019816659689069383,-0.0054231665551185415,0.0005813255474358652,-0.0016995178025436567,HOLD,0.0,-0.6577389893785841,-1.371054533057558,-1.6234273668983397,0.6577389893785841,-0.0,1.3941245779940306,1.2298472531384086,0.0014125488730285696
2023-12-06,2023-12-05,4549.34,4556.904120829576,-0.00391377911138413,-0.0022524745232549,-0.0005691170958783687,0.0005801099668007263,-0.0017054107067463328,HOLD,0.0,-0.06936614877315976,0.5883728406054244,1.9594273736629826,0.06936614877315976,-0.0,1.3886789457939832,1.2298472531384086,-0.0016613045881292304
2023-12-07,2023-12-06,4585.59,4538.433704613129,0.00793661041331184,-0.0024002139527946062,-0.00391377911138413,0.0005762933053042014,-0.0017134206507069835,HOLD,0.0,-0.4781363496125642,-0.4087702008394044,-0.9971430414448288,0.4781363496125642,0.0,1.39974420180585,1.2298472531384086,0.010336824366106445
2023-12-08,2023-12-07,4604.37,4581.532545420485,0.004087074621006437,-0.000885218851251871,0.00793661041331184,0.0005690085359924936,-0.001722824950007729,HOLD,0.0,0.9627552254928102,1.4408915751053744,1.8496617759447789,-0.9627552254928102,0.0,1.4054767675411017,1.2298472531384086,0.004972293472258308
2023-12-11,2023-12-08,4622.44,4595.802318680674,0.003916851675080935,-0.001862505070399504,0.004087074621006437,0.000561723766680786,-0.0017175358545216204,HOLD,0.0,0.4989260490923906,-0.46382917640041965,-1.904720751505794,-0.4989260490923906,0.0,1.4109926068827414,1.2298472531384086,0.005779356745480439
2023-12-12,2023-12-11,4643.7,4618.1976351946905,0.004588758060085851,-0.0009181974817859277,0.003916851675080935,0.0005546840509325422,-0.001727358460424394,HOLD,0.0,0.4874961063451782,-0.011429942747212374,0.4523992336532073,-0.4874961063451782,0.0,1.4174821887534261,1.2298472531384086,0.005506955541871779
2023-12-13,2023-12-12,4707.09,4637.022014400964,0.013558420429298224,-0.001439109315245602,0.004588758060085851,0.0005478281253568923,-0.0017220693649382854,HOLD,0.0,0.5699716216803814,0.0824755153352032,0.09390545808241557,-0.5699716216803814,0.0,1.4368318874732142,1.2298472531384086,0.014997529744543825
2023-12-14,2023-12-13,4719.55,4707.188096634507,0.00264357337426091,2.083996956612973e-05,0.013558420429298224,0.0005409721997812422,-0.001716780269452176,HOLD,0.0,1.6513489136838388,1.0813772920034574,0.9989017766682542,-1.6513489136838388,0.0,1.4406352830568798,1.2298472531384086,0.0026227334046947806
2023-12-15,2023-12-14,4719.19,4715.76935651028,-7.628136810033936e-05,-0.0008013811825973369,0.00264357337426091,0.0005339206875530833,-0.0017121883516361138,HOLD,0.0,0.3264246164276675,-1.3249242972561714,-2.4063015892596287,-0.3264246164276675,-0.0,1.4405253936178664,1.2298472531384086,0.0007250998144969975
2023-12-18,2023-12-15,4740.56,4711.342880198603,0.004518097487249406,-0.0016641947410950433,-7.628136810033936e-05,0.0005267909406639207,-0.0017078753048880716,HOLD,0.0,-0.009829221956806031,-0.33625383838447354,0.9886704588716979,0.009829221956806031,0.0,1.4470485528171388,1.2298472531384086,0.00618229222834445
2023-12-19,2023-12-18,4768.37,4738.162766575742,0.005849255234901207,-0.0005058136068334788,0.004518097487249406,0.0005196611937747604,-0.0017035622581400283,HOLD,0.0,0.5826050067107417,0.5924342286675477,0.9286880670520212,-0.5826050067107417,0.0,1.455537511981002,1.2298472531384086,0.006355068841734686
2023-12-20,2023-12-19,4698.35,4765.646967365497,-0.014793144174520378,-0.0005712246407503702,0.005849255234901207,0.0005156330219333716,-0.001700660571230636,HOLD,0.0,0.752946645058005,0.17034163834726335,-0.42209259032028434,-0.752946645058005,-0.0,1.434164016092698,1.2298472531384086,-0.014221919533770009
2023-12-21,2023-12-20,4746.75,4688.510959911711,0.010248790092495241,-0.0020963437582756385,-0.014793144174520378,0.0005121217792666126,-0.0016979941109610183,HOLD,0.0,-1.9046979580377221,-2.657644603095727,-2.82798624144299,1.9046979580377221,0.0,1.4489380406713042,1.2298472531384086,0.01234513385077088
2023-12-22,2023-12-21,4754.63,4747.959701665454,0.0016587067997893001,0.00025481593645515813,0.010248790092495241,0.0005086105365998537,-0.0017029461086045935,HOLD,0.0,1.3064998362058533,3.211197794243575,5.868842397339302,-1.3064998362058533,0.0,1.4513433983919526,1.2298472531384086,0.0014038908633341421
2023-12-26,2023-12-22,4774.75,4747.961726994128,0.004222736399949412,-0.00140346429521475,0.0016587067997893001,0.0005031190520474223,-0.0017002796483349763,HOLD,0.0,0.2119561156992435,-1.0945437205066098,-4.305741514750185,-0.2119561156992435,0.0,1.4574849970390906,1.2298472531384086,0.005626200695164162
2023-12-27,2023-12-26,4781.58,4773.099397620369,0.0014294192776826975,-0.0003457537561256313,0.004222736399949412,0.0004976275674949926,-0.0016976131880653586,HOLD,0.0,0.5406151236978207,0.3286590079985772,1.423202728505187,-0.5406151236978207,0.0,1.459569843895949,1.2298472531384086,0.0017751730338083289
2023-12-28,2023-12-27,4783.35,4775.288081257189,0.0003701020331980942,-0.0013167325526276803,0.0014294192776826975,0.0004921756578826707,-0.0016953115305829564,HOLD,0.0,0.18307318986232846,-0.35754193383549226,-0.6862009418340695,-0.18307318986232846,0.0,1.4601101336377682,1.2298472531384086,0.0016868345858257745
2023-12-29,2023-12-28,4769.83,4778.970014303105,-0.002830472999853839,-0.0009160927466683013,0.0003701020331980942,0.0004869611979110072,-0.0016951986898238458,HOLD,0.0,0.049112375510776435,-0.13396081435155202,0.22358111948394024,-0.049112375510776435,-0.0,1.455983174705895,1.2298472531384086,-0.0019143802531855379
2024-01-02,2023-12-29,4742.83,4762.93138920139,-0.0056766608929663676,-0.0014473480917505481,-0.002830472999853839,0.00048174673793934366,-0.0016950858490647352,HOLD,0.0,-0.37641590474852354,-0.4255282802593,-0.29156746590774796,0.37641590474852354,-0.0,1.4477414667798125,1.2298472531384086,-0.004229312801215819
2024-01-03,2024-01-02,4704.81,4736.60743018772,-0.008048614308973967,-0.001312856538559601,-0.0056766608929663676,0.00047631419296463833,-0.001694685393765423,HOLD,0.0,-0.7497094446420933,-0.3732935398935698,0.052234740365730226,0.7497094446420933,-0.0,1.4361359210261246,1.2298472531384086,-0.006735757770414366
2024-01-04,2024-01-03,4688.68,4697.579693845777,-0.003434296699870387,-0.0015379723272147966,-0.008048614308973967,0.00047033643548233055,-0.0016935659021156063,HOLD,0.0,-1.0643224755359548,-0.3146130308938615,0.05868050899970828,1.0643224755359548,-0.0,1.4312122636613942,1.2298472531384086,-0.0018963243726555906
2024-01-05,2024-01-04,4697.24,4681.64442186758,0.0018240092336760938,-0.0015016725436134742,-0.003434296699870387,0.0004643586780000208,-0.00169244641046579,HOLD,0.0,-0.4541915467748706,0.6101309287610842,0.9247439596549457,0.4541915467748706,0.0,1.4338251903224053,1.2298472531384086,0.0033256817772895683
2024-01-08,2024-01-05,4763.54,4692.036458617019,0.01401598713236396,-0.0011084010442446032,0.0018240092336760938,0.00045958610210307437,-0.0016917858674019813,HOLD,0.0,0.24176825548515302,0.6959598022600236,0.08582887349893942,-0.24176825548515302,0.0,1.4540631620075584,1.2298472531384086,0.015124388176608564
2024-01-09,2024-01-08,4756.5,4768.517342515488,-0.0014789856520085465,0.0010443376049914701,0.01401598713236396,0.00045642043498661294,-0.0016917372557861835,ENTER,1.0,1.8170623078889,1.575294052403747,0.8793342501437235,-1.8170623078889,-0.0016789856520085466,1.4519142129779432,1.2277840897417678,-0.002523323257000017
2024-01-10,2024-01-09,4783.45,4752.387650442013,0.005649939819610594,-0.0008649486597265004,-0.0014789856520085465,0.00046350471264540406,-0.0016916886441703859,HOLD,1.0,-0.1931459472293085,-2.0102082551182088,-3.585502307521956,0.1931459472293085,0.005649939819610594,1.4601406584819383,1.2347406294702525,0.006514888479337094
2024-01-11,2024-01-10,4780.24,4785.759860585147,-0.0006712890360400792,0.0004827693537214057,0.005649939819610594,0.00045913386394358033,-0.0016861731967156156,HOLD,1.0,0.7407564398929912,0.9339023871222998,2.9441106422405086,-0.7407564398929912,-0.0006712890360400792,1.4591608109840597,1.2339120397660435,-0.001154058389761485
2024-01-12,2024-01-11,4783.83,4778.762263825607,0.0007507264519421852,-0.00030918209775030776,-0.0006712890360400792,0.00046862850477309893,-0.0016765576223816163,HOLD,1.0,-0.08899345397961422,-0.8297498938726054,-1.7636522809949051,0.08899345397961422,0.0007507264519421852,1.4602566528897887,1.234838717971064,0.001059908549692493
2024-01-16,2024-01-12,4765.98,4785.863656766629,-0.003738298623245484,0.0004250202504246563,0.0007507264519421852,0.0004626507472907892,-0.0016669420480476154,HOLD,1.0,0.09955382565152453,0.18854727963113876,1.0182971735037443,-0.09955382565152453,-0.003738298623245484,1.4548079682053228,1.2302311397093388,-0.004163318873670141
2024-01-17,2024-01-16,4739.21,4768.084235399972,-0.0056327271267555545,0.0004414141508143453,-0.003738298623245484,0.00045868162578408526,-0.001663181016753966,HOLD,1.0,-0.5111075052976005,-0.610661330949125,-0.7992086105802638,0.5111075052976005,-0.0056327271267555545,1.4466364674208345,1.2233210629549214,-0.0060741412775699
2024-01-18,2024-01-17,4780.94,4738.751820269079,0.008766724739531995,-9.668317724128721e-05,-0.0056327271267555545,0.00045551595866762383,-0.001661761802676458,HOLD,1.0,-0.7763604710797414,-0.26525296578214086,0.34540836516698414,0.7763604710797414,0.008766724739531995,1.4593744848932548,1.2340927291096409,0.008863407916773283
2024-01-19,2024-01-18,4839.81,4785.9165862082,0.012238283870230404,0.0010403807378610358,0.008766724739531995,0.0004523502915511634,-0.0016603425885989495,HOLD,1.0,1.2416191735047184,2.01797964458446,2.2832326103666007,-1.2416191735047184,0.012238283870230404,1.4773444606565291,1.2492887029061508,0.011197903132369368
2024-01-22,2024-01-19,4850.43,4845.043662947247,0.0021918970535104165,0.001080793502689581,0.012238283870230404,0.0004582293876245912,-0.001658532072319625,HOLD,1.0,1.7084311809126718,0.46681200740795337,-1.5511676371765066,-1.7084311809126718,0.0021918970535104165,1.4805861991074543,1.2520300183761512,0.0011111035508208356
2024-01-23,2024-01-22,4864.6,4850.61397183194,0.002917131506229964,3.7928254422081933e-05,0.0021918970535104165,0.0004669205740638673,-0.0016566563390066642,HOLD,1.0,0.3072466374169176,-1.4011845434957542,-1.8679965509037075,-0.3072466374169176,0.002917131506229964,1.4849115695264383,1.2556876869458224,0.002879203251807882
2024-01-24,2024-01-23,4868.55,4863.592300432113,0.0008116591682760799,-0.00020717098107668556,0.002917131506229964,0.0004609428165815576,-0.0016547806056937033,HOLD,1.0,0.42956749301678715,0.12232085559986955,1.5235053990956238,-0.42956749301678715,0.0008116591682760799,1.48611730087118,1.2567072910989774,0.0010188301493527655
2024-01-25,2024-01-24,4894.16,4873.643612522719,0.0052465060919910655,0.0010456809193989255,0.0008116591682760799,0.00045777714946509615,-0.0016528209361871824,HOLD,1.0,0.12435381964504416,-0.305213673371743,-0.42753452897161254,-0.12435381964504416,0.0052465060919910655,1.493934713463288,1.2633179397982905,0.00420082517259214
2024-01-26,2024-01-25,4890.97,4901.207800919344,-0.0006520097562336957,0.00143900714679925,0.0052465060919910655,0.00046606660870925244,-0.0016508612666806613,HOLD,1.0,0.8122415689549612,0.6878877493099171,0.9931014226816601,-0.8122415689549612,-0.0006520097562336957,1.4929609709342444,1.2624945126467564,-0.0020910169030329455
2024-01-29,2024-01-26,4927.93,4889.064324975207,0.0075283737614562085,-0.00038970723119969864,-0.0006520097562336957,0.0004771681583192551,-0.0016482093587323963,HOLD,1.0,-0.10245531592997265,-0.914696884884934,-1.602584634194851,0.10245531592997265,0.0075283737614562085,1.504242953339724,1.2720349099886787,0.007918080992655906
2024-01-30,2024-01-29,4924.97,4935.478886817963,-0.0006008383499374048,0.0015306854614880118,0.0075283737614562085,0.0004711904008369454,-0.0016414040201336614,HOLD,1.0,1.1807047511090574,1.28316006703903,2.197856951923964,-1.1807047511090574,-0.0006008383499374048,1.5033394179522719,1.2712708521928968,-0.0021315238114254166
2024-01-31,2024-01-30,4845.65,4920.205501810171,-0.016236787963986643,-0.000967884942406973,-0.0006008383499374048,0.0004792089311857539,-0.0016345986815349263,HOLD,1.0,-0.09525952207709919,-1.2759642731861565,-2.5591243402251864,0.09525952207709919,-0.016236787963986643,1.4791271115560969,1.250796168287018,-0.01526890302157967
2024-02-01,2024-01-31,4906.19,4829.616643314799,0.012416277903485096,-0.0033143006705513445,-0.016236787963986643,0.00047631419296463833,-0.0016297053059153074,EXIT,0.0,-2.537144808662383,-2.4418852865852836,-1.1659210133991271,2.537144808662383,-0.0002,1.4976068522170196,1.2505460340676162,0.01573057857403644
2024-02-02,2024-02-01,4958.61,4914.272906405174,0.010627786351802726,0.0016461358914420232,0.012416277903485096,0.00047033643548233055,-0.0016404318289052705,ENTER,1.0,1.9185235559864526,4.455668364648836,6.897553651234119,-1.9185235559864526,0.010427786351802725,1.5136079755312843,1.2636546892772509,0.008981650460360703
2024-02-05,2024-02-02,4942.81,4964.173078955827,-0.0031914641356145523,0.0011212740406421208,0.010627786351802726,0.0004789715696833773,-0.0016336264903065367,HOLD,1.0,1.6182703081419698,-0.3002532478444828,-4.755921612493319,-1.6182703081419698,-0.0031914641356145523,1.5087850501523195,1.2596282092575322,-0.004312738176256673
2024-02-06,2024-02-05,4954.23,4933.6626295864835,0.002307761728426172,-0.0018523562757964815,-0.0031914641356145523,0.0004820572692142755,-0.0016296890961764743,EXIT,0.0,-0.4833893450515062,-2.101659653193476,-1.801406405348993,0.4833893450515062,-0.0002,1.5122709873566098,1.2593763088065655,0.0041601180042226535
2024-02-07,2024-02-06,4995.06,4949.165484455243,0.008207666921331125,-0.0010227837501186703,0.002307761728426172,0.00048039573869763783,-0.0016394596376768796,HOLD,0.0,0.34960752492508873,0.832996869976595,2.9346565231700708,-0.34960752492508873,0.0,1.5247342812314948,1.2593763088065655,0.009230450671449794
2024-02-08,2024-02-07,4997.91,4997.560310160618,0.0005704010073621646,0.0005004313453710475,0.008207666921331125,0.0004787342081810002,-0.0016326542990781458,ENTER,1.0,1.260589031123959,0.9109815061988702,0.07798463622227525,-1.260589031123959,0.0003704010073621646,1.5256042392903584,1.2598428694619297,6.996966199111711e-05
2024-02-09,2024-02-08,5026.61,4993.584184310038,0.00572597559086141,-0.0008658997103837111,0.0005704010073621646,0.0004818199077118989,-0.0016296728864376414,HOLD,1.0,0.09083009671557406,-1.169758934408385,-2.080740440607255,-0.09083009671557406,0.00572597559086141,1.5343648695673424,1.2670773915628808,0.0065918753012451205
2024-02-12,2024-02-09,5021.84,5028.197925847267,-0.0009494002275562963,0.00031585404160452805,0.00572597559086141,0.00048015837719526125,-0.0016295594182658107,HOLD,1.0,0.9109659449090609,0.8201358481934868,1.9898947826018718,-0.9109659449090609,-0.0009494002275562963,1.5329088345004005,1.2658749988652656,-0.0012652542691608242
2024-02-13,2024-02-12,4953.17,5019.823477259152,-0.013768624761212322,-0.0004016312182779154,-0.0009494002275562963,0.00047849684667862366,-0.0016294459500939803,HOLD,1.0,-0.160880933273955,-1.071846878183016,-1.8919827263765028,0.160880933273955,-0.013768624761212322,1.5119474240084008,1.248565081350554,-0.013366993542934406
2024-02-14,2024-02-13,5000.62,4939.898668303979,0.009534129096895327,-0.002682957149466266,-0.013768624761212322,0.00047375229690079185,-0.0016282423380268793,EXIT,0.0,-2.2078923974153923,-2.047011464141437,-0.9751645859584213,2.2078923974153923,-0.0002,1.5264314625673836,1.2483153933039208,0.012217086246361593
2024-02-15,2024-02-14,5029.73,4999.461899261375,0.005804399991795606,-0.00023161825182412167,0.009534129096895327,0.0004677745394184821,-0.0016295432085269778,HOLD,0.0,1.508675175876793,3.7165675732921852,5.763579037433622,-1.508675175876793,0.0,1.5353172447054673,1.2483153933039208,0.0060360182436197275
2024-02-16,2024-02-15,5005.57,5029.967190794742,-0.0048150123419912205,4.71566470220127e-05,0.005804399991795606,0.00046179678193617433,-0.0016294297403551471,HOLD,0.0,0.9153668135608376,-0.5933083623159553,-4.30987593560814,-0.9153668135608376,-0.0,1.527942442353834,1.2483153933039208,-0.004862168989013233
2024-02-20,2024-02-16,4975.51,4996.277436182094,-0.006023414477223099,-0.001858170013285016,-0.0048150123419912205,0.0004582293876245912,-0.0016280080995089926,HOLD,0.0,-0.7576775455476185,-1.673044359108456,-1.0797359967925009,0.7576775455476185,-0.0,1.5187666741961292,1.2483153933039208,-0.004165244463938083
2024-02-21,2024-02-20,4981.8,4969.806502637657,0.0012633935945860486,-0.0011469716395847965,-0.006023414477223099,0.00045506372050812974,-0.001629526998788145,HOLD,0.0,-0.9390565145978844,-0.18137896905026596,1.49166539005819,0.9390565145978844,0.0,1.520686686894464,1.2483153933039208,0.0024103652341708453
2024-02-22,2024-02-21,5087.03,4978.908889945112,0.02090289169482773,-0.0005805028874992593,0.0012633935945860486,0.0004518980533916683,-0.0016294135306163143,HOLD,0.0,0.1972247226455542,1.1362812372434385,1.3176602062937044,-0.1972247226455542,0.0,1.5528079804152601,1.2483153933039208,0.021483394582326988
2024-02-23,2024-02-22,5088.8,5098.172659480924,0.00034788317372758115,0.00218801025346415,0.02090289169482773,0.000448228687489605,-0.0016277738609911056,ENTER,1.0,3.0394872856306994,2.842262562985145,1.7059813257417065,-3.0394872856306994,0.00014788317372758114,1.5533482701570827,1.2485000117967435,-0.001840127079736569
2024-02-26,2024-02-23,5069.53,5079.002796767934,-0.00379393524610272,-0.0019271039102358634,0.00034788317372758115,0.0004546114823486357,-0.0016261341913658967,EXIT,0.0,0.05069664851137322,-2.988790637119326,-5.831053200104471,-0.05069664851137322,-0.0002,1.547466132685394,1.2482503367627198,-0.0018668313358668565
2024-02-27,2024-02-26,5078.18,5061.553153964878,0.0017048185442885,-0.0015747275118145833,-0.00379393524610272,0.00045137385826280265,-0.0016291792920984274,HOLD,0.0,-0.5498420570000414,-0.6005387055114146,2.388251931607911,0.5498420570000414,0.0,1.550106531706156,1.2482503367627198,0.0032795460561030835
2024-02-28,2024-02-27,5069.76,5075.122800433043,-0.0016594504761027196,-0.00060220791587509,0.0017048185442885,0.00044770449236073936,-0.0016275396224732185,HOLD,0.0,0.2474070289258989,0.7972490859259402,1.3977877914373549,-0.2474070289258989,-0.0,1.5475363398269861,1.2482503367627198,-0.0010572425602276296
2024-02-29,2024-02-28,5096.27,5066.484516986688,0.005215420393339443,-0.000646291261390742,-0.0016594504761027196,0.00044403512645867606,-0.0016258999528480096,HOLD,0.0,-0.2404853684061723,-0.4878923973320712,-1.2851414832580115,0.2404853684061723,0.0,1.55562847601663,1.2482503367627198,0.0058617116547301845
2024-03-01,2024-02-29,5137.08,5097.20701807133,0.00797592505779221,0.00018384660549240918,0.005215420393339443,0.0004403700714891631,-0.0016214001874969531,HOLD,0.0,0.7564687491213592,0.9969541175275315,1.4848465148596026,-0.7564687491213592,0.0,1.568085664922681,1.2482503367627198,0.007792078452299801
2024-03-04,2024-03-01,5130.95,5141.442825373815,-0.001193997432469729,0.000848920746677104,0.00797592505779221,0.00043671579385102713,-0.0016097501828312736,ENTER,1.0,1.1599856472497159,0.40351689812835667,-0.5934372193991748,-1.1599856472497159,-0.001393997432469729,1.5662144919750185,1.2465114912528625,-0.002042918179146833
2024-03-05,2024-03-04,5078.65,5128.328017065549,-0.010245348981573699,-0.000511143764147111,-0.001193997432469729,0.00044351093132981035,-0.0015981001781655959,HOLD,1.0,-0.17354020561452363,-1.3335258528642395,-1.7370427509925963,0.17354020561452363,-0.010245348981573699,1.5502499984737588,1.2338057445602382,-0.009734205217426588
2024-03-06,2024-03-05,5104.76,5070.037391828635,0.005127959537251314,-0.0016972855516041434,-0.010245348981573699,0.0004398480318265726,-0.0015889357045181848,EXIT,0.0,-1.4597216164039697,-1.286181410789446,0.04734444207479349,1.4597216164039697,-0.0002,1.5582200352867206,1.2335590080857959,0.0068252450888554575
2024-03-07,2024-03-06,5157.36,5108.065060229937,0.01025138288139793,0.0006472372386336993,0.005127959537251314,0.0004361937541884354,-0.001608085896450462,ENTER,1.0,0.7339701482541054,2.193691764658075,3.479873175447521,-0.7339701482541054,0.01005138288139793,1.574276103320494,1.2460205047042077,0.00960414564276423
2024-03-08,2024-03-07,5123.69,5163.317616406834,-0.006549938065646188,0.0011545011461440873,0.01025138288139793,0.0004429867362009435,-0.0015964358917847843,HOLD,1.0,1.4508317529218975,0.716861604667792,-1.4768301599902829,-1.4508317529218975,-0.006549938065646188,1.563998388288228,1.2378858175011822,-0.007704439211790275
2024-03-11,2024-03-08,5117.94,5114.113960790643,-0.001122868255180265,-0.0018707218928441687,-0.006549938065646188,0.00044980127287620443,-0.0015880999284767962,EXIT,0.0,-0.9168752243683955,-2.3677069772902932,-3.0845685819580853,0.9168752243683955,-0.0002,1.562243209748414,1.2376382650937479,0.0007478536376639038
2024-03-12,2024-03-11,5175.27,5114.951925989778,0.011139497364013096,-0.0005840136135047995,-0.001122868255180265,0.00044613190697414114,-0.0016064216100696522,HOLD,0.0,-0.15720093813432315,0.7596742862340724,3.1273812635243656,0.15720093813432315,0.0,1.5797431029114608,1.2376382650937479,0.011723510977517896
2024-03-13,2024-03-12,5165.31,5174.419777775279,-0.001926391571869246,-0.00016429907463699338,0.011139497364013096,0.00044246254107207784,-0.0015947716054039724,HOLD,0.0,1.5731703317561774,1.7303712698905005,0.9706969836564281,-1.5731703317561774,-0.0,1.576702828432061,1.2376382650937479,-0.0017620924972322526
2024-03-14,2024-03-13,5150.48,5158.5272201436655,-0.002875205915668033,-0.0013140038316437285,-0.001926391571869246,0.00043880395250139035,-0.0015872641524354077,HOLD,0.0,-0.27155763719437864,-1.844727968950556,-3.5750992388410565,0.27155763719437864,-0.0,1.5721759940415514,1.2376382650937479,-0.0015612020840243047
2024-03-15,2024-03-14,5117.09,5147.27585729141,-0.006503996116926203,-0.0006222992380855721,-0.002875205915668033,0.00043514967486325324,-0.0015814137201456903,HOLD,0.0,-0.4041841691645225,-0.13262653197014385,1.7121014369804122,0.4041841691645225,-0.0,1.561983748572965,1.2376382650937479,-0.005881696878840631
2024-03-18,2024-03-15,5149.42,5107.263146372397,0.006298168875158439,-0.0019222451558147029,-0.006503996116926203,0.00043149539722511733,-0.0015755632878559718,HOLD,0.0,-0.9064451643024527,-0.5022609951379302,-0.36963446316778636,0.9064451643024527,0.0,1.5718524306933424,1.2376382650937479,0.008220414030973141
2024-03-19,2024-03-18,5178.51,5152.64714535415,0.0056332831318908205,0.0006265044508396564,0.006298168875158439,0.0004291874254211651,-0.0015864283763940203,ENTER,1.0,0.8771380567887812,1.783583221091234,2.2858442162291643,-0.8771380567887812,0.005433283131890821,1.5807321078625916,1.244381005223519,0.005006778681051164
2024-03-20,2024-03-19,5224.62,5179.450408107848,0.008864697827339896,0.00018158171558472802,0.0056332831318908205,0.0004346276352006627,-0.0015805779441043018,HOLD,1.0,0.8183860108804216,-0.058752045908359585,-1.8423352669995934,-0.8183860108804216,0.008864697827339896,1.594807113509686,1.2554611051269369,0.008683116111755167
2024-03-21,2024-03-20,5241.53,5227.727122568322,0.0032313725131380977,0.0005945310892201259,0.008864697827339896,0.0004309733575625256,-0.0015747275118145833,HOLD,1.0,1.292932990578077,0.47454697969765547,0.533299025606015,-1.292932990578077,0.0032313725131380977,1.5999688646589467,1.259524529316198,0.002636841423917972
2024-03-22,2024-03-21,5234.18,5240.005932438738,-0.001403246406415093,-0.00029080996942175706,0.0032313725131380977,0.00043775987317620817,-0.0015683496714798291,HOLD,1.0,0.4710792900946386,-0.8218537004834385,-1.296400680181094,-0.4710792900946386,-0.001403246406415093,1.5977252886124025,1.2577583455319836,-0.001112436436993336
2024-03-25,2024-03-22,5218.19,5229.548366886936,-0.003059595569942175,-0.0008852740157533087,-0.001403246406415093,0.0004341055955380722,-0.001561971831145074,HOLD,1.0,-0.20449978987674597,-0.6755790799713846,0.14627462051205398,0.20449978987674597,-0.003059595569942175,1.592844366029512,1.2539159946871412,-0.0021743215541888666
2024-03-26,2024-03-25,5203.58,5213.46536865338,-0.0028037482252578627,-0.0009058258737862993,-0.003059595569942175,0.00043067570220563245,-0.0015564040073492175,HOLD,1.0,-0.4442308135924079,-0.23973102371566193,0.43584805625572265,0.4442308135924079,-0.0028037482252578627,1.5883846862961766,1.2504052538589265,-0.0018979223514715635
2024-03-27,2024-03-26,5248.49,5199.182466290661,0.008593565940708814,-0.0008454550386079146,-0.0028037482252578627,0.00042859211470737803,-0.0015556962827867513,HOLD,1.0,-0.4058672971124029,0.03836351648000502,0.27809454019566693,0.4058672971124029,0.008593565940708814,1.602093393813226,1.2611969972261485,0.009439020979316728
2024-03-28,2024-03-27,5254.35,5254.40864965665,0.001115888770669926,0.0011270508229372605,0.008593565940708814,0.0004265085272091236,-0.0015549885582242851,HOLD,1.0,1.2370724356866485,1.6429397327990514,1.6045762163190465,-1.2370724356866485,0.001115888770669926,1.6038821496816258,1.262605138311249,-1.1162052267334448e-05
2024-04-01,2024-03-28,5243.77,5255.310445208636,-0.0020155996658246522,0.00018277378537907564,0.001115888770669926,0.00043037804684873857,-0.0015538086873888562,HOLD,1.0,0.16216386594380652,-1.074908569742842,-2.7178483025418934,-0.16216386594380652,-0.0020155996658246522,1.6006526211683696,1.2600627948504346,-0.002198373451203728
2024-04-02,2024-04-01,5205.81,5244.525172837198,-0.007265395734467717,0.00014400297208614835,-0.0020155996658246522,0.0004282944593504848,-0.001551448450871019,HOLD,1.0,-0.29730357799631024,-0.45946744394011674,0.6154411258027253,0.29730357799631024,-0.007265395734467717,1.5890653903211824,1.2509411164220283,-0.007409398706553865
2024-04-03,2024-04-02,5211.49,5202.796325581474,0.0010904938060498637,-0.0005790735874664423,-0.007265395734467717,0.00042621087185223044,-0.0015490882143531825,HOLD,1.0,-1.061027718806291,-0.7637241408099809,-0.3042566968698641,1.061027718806291,0.0010904938060498637,1.590799201470078,1.2523060040267013,0.001669567393516306
2024-04-04,2024-04-03,5147.21,5212.271465847347,-0.01241098305745858,0.0001499393191932579,0.0010904938060498637,0.00042370448013144134,-0.001547736601427012,HOLD,1.0,0.15924227551188966,1.2202699943181807,1.9839941351281616,-0.15924227551188966,-0.01241098305745858,1.5711778316371692,1.2368597055710115,-0.012560922376651839
2024-04-05,2024-04-04,5204.34,5145.032054876166,0.011038072569657942,-0.0004232207413565536,-0.01241098305745858,0.00042063434944727247,-0.0015477298199563973,HOLD,1.0,-1.8002008596095331,-1.9594431351214228,-3.1797131294396035,1.8002008596095331,0.011038072569657942,1.5886166751118755,1.250587879665187,0.011461293311014496
2024-04-08,2024-04-05,5202.39,5215.807518217699,-0.00037475749305038164,0.0022010288870113245,0.011038072569657942,0.0004175642187631036,-0.0015477230384857825,HOLD,1.0,1.57741140524901,3.377612264858543,5.337055399979966,-1.57741140524901,-0.00037475749305038164,1.5880214406505464,1.2501193002938638,-0.002575786380061706
2024-04-09,2024-04-08,5209.91,5197.750819029859,0.0014444457627025287,-0.0008921381659276718,-0.00037475749305038164,0.00042326589003370335,-0.001545770571155946,HOLD,1.0,-0.05368843890298039,-1.6310998441519904,-5.008712109010533,0.05368843890298039,0.0014444457627025287,1.5903169089321814,1.2519263345873735,0.0023365839286302002
2024-04-10,2024-04-09,5160.64,5212.017613279213,-0.009501978333886996,0.00040445748351941244,0.0014444457627025287,0.0004201957593495345,-0.0015423588394316936,HOLD,1.0,0.2070910199348145,0.26077945883779485,1.8918793029897851,-0.2070910199348145,-0.009501978333886996,1.5752773182092925,1.240086895805299,-0.009906435817406408
2024-04-11,2024-04-10,5199.06,5155.238479799956,0.007417237205871174,-0.0010472245682743224,-0.009501978333886996,0.0004171256286653656,-0.0015389471077074406,HOLD,1.0,-1.3352734179881127,-1.5423644379229273,-1.803143896760722,1.3352734179881127,0.007417237205871174,1.587004963339663,1.2493191109059134,0.008464461774145497
2024-04-12,2024-04-11,5123.41,5202.700761144811,-0.014657607029448627,0.0007000278851032252,0.007417237205871174,0.0004156675591663265,-0.0015361206223839631,HOLD,1.0,1.040439334738016,2.3757127527261286,3.918077190649056,-1.040439334738016,-0.014657607029448627,1.5639129187245506,1.231140634269746,-0.015357634914551853
2024-04-15,2024-04-12,5061.82,5120.710444534075,-0.012094130563305328,-0.0005270448630569811,-0.014657607029448627,0.0004197571692517955,-0.001533528235620797,HOLD,1.0,-1.9882872166771979,-3.0287265514152137,-5.404439304141342,1.9882872166771979,-0.012094130563305328,1.5451126671998352,1.2163407350493691,-0.011567085700248347
2024-04-16,2024-04-15,5051.41,5059.443258821946,-0.002058690186348855,-0.0004696530780719059,-0.012094130563305328,0.0004166870385676276,-0.00153093584885763,HOLD,1.0,-1.6115727327693634,0.37671448390783446,3.405441035323048,1.6115727327693634,-0.002058690186348855,1.541935030921668,1.2138392420978485,-0.001589037108276949
2024-04-17,2024-04-16,5022.21,5042.520527869252,-0.005797336366097028,-0.0017613504282392085,-0.002058690186348855,0.00041555138130561415,-0.0015299321081240864,EXIT,0.0,-0.2794932517742078,1.3320794809951555,0.955364997087321,0.2794932517742078,-0.0002,1.5330217764238316,1.2135964985245955,-0.00403598593785782
2024-04-18,2024-04-17,5011.12,5012.649882342213,-0.0022106328639264206,-0.0019053819708888305,-0.005797336366097028,0.00041473813628062714,-0.0015331578946546302,HOLD,0.0,-0.7822940630078589,-0.5028008112336511,-1.8348802922288066,0.7822940630078589,-0.0,1.5296365712053037,1.2135964985245955,-0.00030525089303759
2024-04-19,2024-04-18,4967.23,5004.742769657206,-0.008797102336545848,-0.0012734262342127345,-0.0022106328639264206,0.00041392489125564007,-0.0015379723272147966,HOLD,0.0,-0.29821651267563426,0.4840775503322246,0.9868783615658756,0.29821651267563426,-0.0,1.5162392170987968,1.2135964985245955,-0.007523676102333113
2024-04-22,2024-04-19,5010.6,4959.3881022193455,0.00869332773488729,-0.001579974031684214,-0.008797102336545848,0.0004106112985479602,-0.0015353799404516301,HOLD,0.0,-1.1715336444132642,-0.87331713173763,-1.3573946820698546,1.1715336444132642,0.0,1.529477842015616,1.2135964985245955,0.010273301766571504
2024-04-23,2024-04-22,5070.55,5006.42022089034,0.011893624576652329,-0.0008345354726402381,0.00869332773488729,0.0004072977058402814,-0.0015408966686927276,HOLD,0.0,1.149869387880401,2.321403032293665,3.1947201640312954,-1.149869387880401,0.0,1.5477774860959352,1.2135964985245955,0.012728160049292567
2024-04-24,2024-04-23,5071.63,5070.914876630698,0.00021297196541247843,7.19573819549768e-05,0.011893624576652329,0.00040349548740689005,-0.0015376019862486303,HOLD,0.0,1.5440144817934216,0.39414509391302066,-1.9272579383806445,-1.5440144817934216,0.0,1.548107154412979,1.2135964985245955,0.00014101458345750162
2024-04-25,2024-04-24,5048.42,5070.280981130917,-0.004586941901457919,-0.0002660285383195557,0.00021297196541247843,0.00039676151461922693,-0.0015350095994854634,HOLD,0.0,0.027842188798771983,-1.5161722929946495,-1.9103173869076702,-0.027842188798771983,-0.0,1.5410223380809656,1.2135964985245955,-0.004320913363138364
2024-04-26,2024-04-25,5099.96,5040.485043796652,0.010157373516559431,-0.0015730067445489564,-0.004586941901457919,0.00039002754183156376,-0.0015324172127222967,HOLD,0.0,-0.597565032365428,-0.6254072211642,0.8907650718304495,0.597565032365428,0.0,1.5567548427665279,1.2135964985245955,0.011730380261108387
2024-04-29,2024-04-26,5116.17,5104.08213450556,0.003173415687477643,0.000807941534434612,0.010157373516559431,0.000384784621193549,-0.0015372316452824635,ENTER,1.0,1.3617670633769197,1.9593320957423477,2.5847393169065476,-1.3617670633769197,0.002973415687477643,1.5617029200065935,1.217210395538014,0.002365474153043031
2024-04-30,2024-04-29,5035.69,5115.250516133358,-0.015855554753445134,-0.00017973728431299027,0.003173415687477643,0.00039579951850670454,-0.0015346392585192966,HOLD,1.0,0.43411661614213,-0.9276504472347897,-2.8869825429771376,-0.43411661614213,-0.015855554753445134,1.5371365254180387,1.1980630465185529,-0.015675817469132144
2024-05-01,2024-04-30,5018.39,5026.879947607656,-0.003441392364873508,-0.0017510545892995416,-0.015855554753445134,0.00038906554571904137,-0.0015320468717561302,EXIT,0.0,-2.114781015709131,-2.5488976318512613,-1.6212471846164715,2.114781015709131,-0.0002,1.5318557273765134,1.1978234578689129,-0.0016903377755739663
2024-05-02,2024-05-01,5064.2,5013.525138550222,0.009087013401336108,-0.0009698769903728738,-0.003441392364873508,0.00038456815115585,-0.0015368613043162968,HOLD,0.0,-0.45888229213009163,1.6558987235790394,4.2047963554303,0.45888229213009163,0.0,1.5458391584910955,1.1978234578689129,0.010056890391708982
2024-05-03,2024-05-02,5127.79,5066.116100329886,0.01247858860899953,0.00037829033837808216,0.009087013401336108,0.00038305286089195537,-0.00153426891755313,HOLD,0.0,1.1985595958039181,1.6574418879340098,0.0015431643549703722,-1.1985595958039181,0.0,1.5652499068992256,1.1978234578689129,0.012100298270621448
2024-05-06,2024-05-03,5180.74,5128.459979221045,0.010273136069377742,0.00013064798992916122,0.01247858860899953,0.00038153757062806074,-0.0015316765307899635,HOLD,0.0,1.6256742549624668,0.4271146591585486,-1.2303272287754612,-1.6256742549624668,0.0,1.5814128118875972,1.1978234578689129,0.010142488079448581
2024-05-07,2024-05-06,5187.7,5185.211970083155,0.0013425358193490666,0.0008628190393885457,0.010273136069377742,0.0003803685960875872,-0.0015301432413798786,ENTER,1.0,1.3204037574348302,-0.3052704975276366,-0.7323851566861852,-1.3204037574348302,0.0011425358193490665,1.5835373410418736,1.199192796184862,0.0004797167799605209
2024-05-08,2024-05-07,5187.67,5186.129776328701,-5.7829262942732385e-06,-0.00030272786755632173,0.0013425358193490666,0.00038283639085425635,-0.0015294042749846057,HOLD,1.0,0.1731887058663263,-1.1472150515685038,-0.8419445540408672,-0.1731887058663263,-5.7829262942732385e-06,1.5835281835886246,1.199185861361361,0.0002969449412620485
2024-05-09,2024-05-08,5214.08,5187.048079204542,0.0050780025958907515,-0.00011989160408109993,-5.7829262942732385e-06,0.00038132110059036173,-0.0015286653085893325,HOLD,1.0,-0.0007462051759338896,-0.17393491104226017,0.9732801405262437,0.0007462051759338896,0.0050780025958907515,1.5915897949340976,1.2052908176516703,0.005197894199971851
2024-05-10,2024-05-09,5222.68,5215.314373475015,0.001648021406346345,0.000236710481275489,0.0050780025958907515,0.0003802387049807429,-0.0015283467587839626,HOLD,1.0,0.6735631361436922,0.6743093413196262,0.8482442523618863,-0.6735631361436922,0.001648021406346345,1.5942149315327756,1.207278800389144,0.001411310925070856
2024-05-13,2024-05-10,5221.42,5221.245343903185,-0.0002412845541712727,-0.00027473503660700087,0.001648021406346345,0.00037932946723283453,-0.0015281963756145543,HOLD,1.0,0.22110984127492625,-0.45245329486876595,-1.126762636188392,-0.22110984127492625,-0.0002412845541712727,1.5938303184962261,1.2069875378020263,3.3450482435728166e-05
2024-05-14,2024-05-13,5246.68,5224.332250714182,0.0048261000617184635,0.0005575952252625746,-0.0002412845541712727,0.00037842022948492637,-0.001528045992445146,HOLD,1.0,-0.03249898706086948,-0.25360882833579573,0.19884446653297022,0.03249898706086948,0.0048261000617184635,1.6015408941337352,1.2128266591913937,0.004268504836455889
2024-05-15,2024-05-14,5308.15,5246.268795775696,0.011647879688046814,-7.837724790586069e-05,0.0048261000617184635,0.00038010881387389903,-0.0015279102175127625,HOLD,1.0,0.6513844515095755,0.683883438570445,0.9374922669062407,-0.6513844515095755,0.011647879688046814,1.6203045158454477,1.2270361125486595,0.011726256935952674
2024-05-16,2024-05-15,5297.1,5307.675196321375,-0.002083874307301059,-8.945205297953727e-05,0.011647879688046814,0.0003791995761259906,-0.0015277768772865498,HOLD,1.0,1.5562379542431501,0.9048535027335747,0.2209700641631297,-1.5562379542431501,-0.002083874307301059,1.616931520564587,1.224481785891789,-0.0019944222543215218
2024-05-17,2024-05-16,5303.27,5290.620063639022,0.0011641104408202096,-0.001224047695084429,-0.002083874307301059,0.00037829033837808216,-0.0015276435370603371,HOLD,1.0,-0.27800911612348367,-1.8342470703666338,-2.7391005731002087,0.27800911612348367,0.0011641104408202096,1.6188149034499189,1.225908047925535,0.0023881581359046387
2024-05-20,2024-05-17,5308.13,5299.542710733597,0.0009159960683451374,-0.0007030755935484018,0.0011641104408202096,0.00037459195261307584,-0.001526058281079613,HOLD,1.0,0.16566497061900312,0.44367408674248676,2.2779211571091205,-0.16566497061900312,0.0009159960683451374,1.6202984108766147,1.2270314893329919,0.0016190716618935392
2024-05-21,2024-05-20,5321.41,5306.670891225315,0.0024986983273898034,-0.0002749196709061108,0.0009159960683451374,0.0003708935668480707,-0.0015244730250988884,HOLD,1.0,0.13035741960167582,-0.0353075510173273,-0.47898163775981406,-0.13035741960167582,0.0024986983273898034,1.6243521101824785,1.2301013045369031,0.002773617998295914
2024-05-22,2024-05-21,5307.01,5318.436832635638,-0.0027097176835475523,-0.0005588741057116234,0.0024986983273898034,0.000367118534684333,-0.0015230053284623348,HOLD,1.0,0.35667811319331716,0.22632069359164134,0.2616282446089686,-0.35667811319331716,-0.0027097176835475523,1.6199565326219012,1.226772589255552,-0.002150843577835929
2024-05-23,2024-05-22,5267.84,5301.415690324605,-0.007408176785643761,-0.0010546918755491982,-0.0027097176835475523,0.0003628836241282063,-0.0015222429878908063,HOLD,1.0,-0.38605116987304006,-0.7427292830663572,-0.9690499766579985,0.38605116987304006,-0.007408176785643761,1.6079999511602516,1.2177180213687133,-0.006353484910094563
2024-05-24,2024-05-23,5304.72,5259.062066863648,0.006976578915070419,-0.001667714796828495,-0.007408176785643761,0.0003586487135720796,-0.0015214806473192778,EXIT,0.0,-1.0447055747267593,-0.6586544048537193,0.08407487821263793,1.0447055747267593,-0.0002,1.6192575136903924,1.2174745021171764,0.008644293711898914
2024-05-28,2024-05-24,5306.04,5302.63772674529,0.00024880404548,-0.0003926092312711814,0.006976578915070419,0.00035521811914317896,-0.0015228964226664022,HOLD,0.0,0.9806780852232019,2.025383659949961,2.6840380648036803,-0.9806780852232019,0.0,1.619660441633445,1.2174745021171764,0.0006414132767511814
2024-05-29,2024-05-28,5266.95,5306.598436659558,-0.007394346936504093,0.00010523992943066305,0.00024880404548,0.00035379831503234337,-0.0015221340820948737,HOLD,0.0,0.0352956262560583,-0.9453824589671436,-2.970766118917105,-0.0352956262560583,-0.0,1.6077282800471322,1.2174745021171764,-0.007499586865934755
2024-05-30,2024-05-29,5235.48,5262.514364555802,-0.0059929167225423186,-0.000842518774556284,-0.007394346936504093,0.0003523785109215073,-0.0015213717415233452,HOLD,0.0,-1.0385203546639985,-1.0738159809200567,-0.12843352195291313,1.0385203546639985,-0.0,1.598122111586622,1.2174745021171764,-0.005150397947986034
2024-05-31,2024-05-30,5277.51,5228.5004829977215,0.007995864911521267,-0.0013340082292141722,-0.0059929167225423186,0.00035125742027426293,-0.0015201657560287008,HOLD,0.0,-0.852164666062803,0.18635568860119556,1.2601716695212524,0.852164666062803,0.0,1.6109517035915537,1.2174745021171764,0.00932987314073544
2024-06-03,2024-05-31,5283.4,5275.846841532064,0.0011154342969863507,-0.0003151904188740316,0.007995864911521267,0.0003505346142451409,-0.0015183682439699011,HOLD,0.0,1.1302942705437582,1.982458936606561,1.7961032480053656,-1.1302942705437582,0.0,1.6127496169132065,1.2174745021171764,0.0014306247158603824
2024-06-04,2024-06-03,5291.34,5282.181173766743,0.0015016920495654063,-0.00023071636450798147,0.0011154342969863507,0.0003498118082160189,-0.001516570731911102,HOLD,0.0,0.16028007623474888,-0.9700141943090093,-2.9524731309155703,-0.16028007623474888,0.0,1.6151732895403579,1.2174745021171764,0.0017324084140733877
2024-06-05,2024-06-04,5354.03,5288.832744725879,0.011778026448059364,-0.0004739535698610502,0.0015016920495654063,0.0003482352185464206,-0.0015148787704418229,HOLD,0.0,0.21762615981079786,0.05734608357604898,1.0273602778850583,-0.21762615981079786,0.0,1.6343093143509517,1.2174745021171764,0.012251980017920414
2024-06-06,2024-06-05,5352.96,5358.517556695927,-0.0001998694317570937,0.0008378132157030484,0.011778026448059364,0.00034601829114646405,-0.001513265971914685,ENTER,1.0,1.6713113305225449,1.453685170711747,1.396339087135698,-1.6713113305225449,-0.0003998694317570937,1.6339826985183248,1.216987768601249,-0.0010376826474601422
2024-06-07,2024-06-06,5346.99,5349.156405359012,-0.001115893180715588,-0.0007108117043526722,-0.0001998694317570937,0.0003497085502118587,-0.0015116531733875467,HOLD,1.0,-0.028905094719786778,-1.7002164252423317,-3.153901595954079,0.028905094719786778,-0.001115893180715588,1.6321603653213348,1.2156304976747796,-0.00040508147636291586
2024-06-10,2024-06-07,5360.79,5340.8597503028695,0.0025775665246072776,-0.0011471438151925456,-0.001115893180715588,0.0003479185146321407,-0.0015088124162596418,HOLD,1.0,-0.16147736483123673,-0.13257227011144995,1.5676441551308817,0.16147736483123673,0.0025775665246072776,1.6363727938168886,1.2187679078565672,0.0037247103397998233
2024-06-11,2024-06-10,5375.32,5363.684323574776,0.002706754843456949,0.0005397604689459021,0.0025775665246072776,0.0003457015872321841,-0.0015054804756914305,HOLD,1.0,0.3735488378822979,0.5350262027135346,0.6675984728249846,-0.3735488378822979,0.002706754843456949,1.6408080536748864,1.2220712824899986,0.0021669943745110465
2024-06-12,2024-06-11,5421.03,5376.426422215338,0.008467727171883155,0.000205812558405907,0.002706754843456949,0.00034960529220769853,-0.0015021485351232188,HOLD,1.0,0.3957146452404448,0.022165807358146883,-0.5128603953553877,-0.3957146452404448,0.008467727171883155,1.6547609599453004,1.2324633853457578,0.008261914613477249
2024-06-13,2024-06-12,5433.74,5421.851240273566,0.0023418286723053683,0.00015148008300342006,0.008467727171883155,0.0003476018107178615,-0.001501665617182184,HOLD,1.0,1.231622784840343,0.8359081395998982,0.8137423322417513,-1.231622784840343,0.0023418286723053683,1.6586406676393923,1.2353529855928962,0.0021903485893019483
2024-06-14,2024-06-13,5431.6,5430.320126915073,-0.00039391312700232106,-0.00062957552847374,0.0023418286723053683,0.00034538488331790494,-0.0015016575363456788,HOLD,1.0,0.3418934991322651,-0.8897292857080779,-1.725637425307976,-0.3418934991322651,-0.00039391312700232106,1.65798743597414,1.2348664596661554,0.00023566240147141892
2024-06-17,2024-06-14,5473.23,5431.1395575161805,0.007635185920104703,-8.477465222427375e-05,-0.00039391312700232106,0.0003431679559179484,-0.0015016494555091734,HOLD,1.0,-0.05819647945499669,-0.40008997858726175,0.4896393071208161,0.05819647945499669,0.007635185920104703,1.6706949286023907,1.2443309803812126,0.007719960572328977
2024-06-18,2024-06-17,5487.03,5476.83916986507,0.002518189767846124,0.0006592049675267736,0.007635185920104703,0.0003388839049873905,-0.0014991193560312068,HOLD,1.0,1.1193900520105626,1.1775865314655594,1.5776765100528212,-1.1193900520105626,0.002518189767846124,1.674907357097942,1.2474683905629982,0.0018589848003193504
2024-06-20,2024-06-18,5473.17,5482.371600358778,-0.002529152276068203,-0.0008493444019975958,0.002518189767846124,0.0003450681794036257,-0.00149658925655324,HOLD,1.0,0.3692937891876804,-0.7500962628228822,-1.9276827942884416,-0.3692937891876804,-0.002529152276068203,1.6706766136958882,1.2443173394673785,-0.0016798078740706069
2024-06-21,2024-06-20,5464.62,5470.672653733138,-0.0015633874377698476,-0.0004563929488439858,-0.002529152276068203,0.000342555948642155,-0.0014943556910405804,HOLD,1.0,-0.3711588194289636,-0.7404526086166441,0.00964365420623814,0.3711588194289636,-0.0015633874377698476,1.6680667395192945,1.2423735092460533,-0.0011069944889258616
2024-06-24,2024-06-21,5447.87,5458.163975669512,-0.0030698792217993542,-0.0011821208030256252,-0.0015633874377698476,0.0003382718977115971,-0.0014939013293197646,HOLD,1.0,-0.22974176529008958,0.14141705413887404,0.8818696627555181,0.22974176529008958,-0.0030698792217993542,1.662953828120709,1.23856542080077,-0.001887758418773729
2024-06-25,2024-06-24,5469.3,5441.960286415108,0.003925930900576802,-0.001085363868784735,-0.0030698792217993542,0.00033398784678103917,-0.0014934469675989487,HOLD,1.0,-0.45510980835644704,-0.22536804306635747,-0.3667850972052315,0.45510980835644704,0.003925930900576802,1.6694953022264842,1.2434375005250957,0.005011294769361537
2024-06-26,2024-06-25,5477.9,5467.58343057962,0.0015711783413401292,-0.0003139046777578387,0.003925930900576802,0.0003300825358993403,-0.0014928071300428197,HOLD,1.0,0.58087989804046,1.035989706396907,1.2613577494632644,-0.58087989804046,0.0015711783413401292,1.6721204388251605,1.245392698174614,0.001885083019097968
2024-06-27,2024-06-26,5482.87,5473.579227968613,0.0009068706560970696,-0.0007890755514638302,0.0015711783413401292,0.0003271240751397899,-0.0014917036028984083,HOLD,1.0,0.232756481861016,-0.34812341617944403,-1.384113122576351,-0.232756481861016,0.0009068706560970696,1.6736375235804422,1.2465226205371844,0.0016959462075608997
2024-06-28,2024-06-27,5460.48,5478.7902250532525,-0.004091988512145761,-0.0007443717559868812,0.0009068706560970696,0.0003241656143802385,-0.001490600075753997,HOLD,1.0,0.13599854536893569,-0.09675793649208031,0.2513654796873637,-0.13599854536893569,-0.004091988512145761,1.6668030109706289,1.2414322861915172,-0.0033476167561588797
2024-07-01,2024-06-28,5475.09,5455.432809706215,0.002672015942936312,-0.0009247400087273992,-0.004091988512145761,0.00032148191180924256,-0.0014889341152499443,HOLD,1.0,-0.6108583160500337,-0.7468568614189695,-0.6500989249268891,0.6108583160500337,0.002672015942936312,1.6712626907039645,1.2447538487100616,0.0035967559516637115
2024-07-02,2024-07-01,5509.01,5475.848170834846,0.006176219776783398,0.000138466827997706,0.002672015942936312,0.00031916455348965416,-0.0014865182435997036,HOLD,1.0,0.41268634851754654,1.0235446645675803,1.7704015259865498,-0.41268634851754654,0.006176219776783398,1.6816167178466557,1.2524655119974677,0.006037752948785692
2024-07-03,2024-07-02,5537.02,5513.724464717467,0.005071516198198012,0.0008554075252435152,0.006176219776783398,0.00031684719517006575,-0.0014841023719494631,HOLD,1.0,0.9685162292424162,0.5558298807248696,-0.4677147838427107,-0.9685162292424162,0.005071516198198012,1.6901667266988618,1.2588335452722401,0.0042161086729544965
2024-07-05,2024-07-03,5567.19,5542.61550492485,0.005433988413196644,0.0010100522527253554,0.005071516198198012,0.00032115086062073025,-0.0014826727104045906,HOLD,1.0,0.7928489925609798,-0.17566723668143636,-0.731497117406306,-0.7928489925609798,0.005433988413196644,1.6993760721851519,1.2656926514450295,0.004423936160471289
2024-07-08,2024-07-05,5572.85,5573.922591680551,0.0010161544279974066,0.0012086032601655665,0.005433988413196644,0.00032627880063706077,-0.0014819827064387443,HOLD,1.0,0.846211876186662,0.0533628836256822,0.22903012030711856,-0.846211876186662,0.0010161544279974066,1.7011037783652134,1.266979444316691,-0.0001924488321681599
2024-07-09,2024-07-08,5576.98,5571.688916694136,0.0007408185037576231,-0.0002083681198017884,0.0010161544279974066,0.00033215182495365756,-0.0014812927024728977,HOLD,1.0,0.16209670808373222,-0.6841151681029298,-0.737478051728612,-0.16209670808373222,0.0007408185037576231,1.70236445442946,1.2679183938855867,0.0009491866235594115
2024-07-10,2024-07-09,5633.91,5577.22618792248,0.010156283642139385,4.41426164036002e-05,0.0007408185037576231,0.0003288146241452471,-0.0014800815162293215,HOLD,1.0,0.11915847338905662,-0.0429382346946756,0.6411769334082542,-0.11915847338905662,0.010156283642139385,1.7197422482158227,1.2808613476282764,0.010112141025735785
2024-07-11,2024-07-10,5584.54,5647.845282239698,-0.008801629230175578,0.0024704115588838594,0.010156283642139385,0.0003258561633856957,-0.0014786618570746533,HOLD,1.0,1.702164317296469,1.5830058439074124,1.625944078602088,-1.702164317296469,-0.008801629230175578,1.7046721326487644,1.2696371490286535,-0.011272040789059438
2024-07-12,2024-07-11,5615.35,5569.714367334896,0.005501853628775422,-0.0026582935815046183,-0.008801629230175578,0.0003315398176778642,-0.001477242197919985,EXIT,0.0,-1.5038264784862179,-3.2059907957826868,-4.788996639690099,1.5038264784862179,-0.0002,1.714076837137747,1.269383246989898,0.00816014721028004
2024-07-15,2024-07-12,5631.22,5621.53287108212,0.0028221956620431143,0.0011004602925946939,0.005501853628775422,0.00032839198689388306,-0.0014798787077786547,ENTER,1.0,0.9399616883256913,2.4437881668119092,5.6497789625945956,-0.9399616883256913,0.0026221956620431142,1.7189211299076328,1.272716186133158,0.0017217353694484205
2024-07-16,2024-07-15,5667.2,5637.768731657157,0.006369053660041146,0.0011622573329853727,0.0028221956620431143,0.0003352118613326273,-0.0014784590486239865,HOLD,1.0,0.48913827487610917,-0.4508234134495821,-2.8946115802614916,-0.48913827487610917,0.006369053660041146,1.7299039688402393,1.2808480524742116,0.005206796327055774
2024-07-17,2024-07-16,5588.27,5675.932699713493,-0.014025410555021267,0.0015397336291391797,0.006369053660041146,0.0003431679559179484,-0.001477039389469318,HOLD,1.0,1.1033913986961303,0.6142531238200212,1.0650765372696034,-1.1033913986961303,-0.014025410555021267,1.7058107093363304,1.2630090249506047,-0.015565144184160447
2024-07-18,2024-07-17,5544.59,5573.418663247985,-0.00784708046968241,-0.002661128788727365,-0.014025410555021267,0.00034728510680358157,-0.0014760525649575198,EXIT,0.0,-2.347467220883137,-3.450858619579267,-4.065111743399289,2.347467220883137,-0.0002,1.692477457402582,1.2627564484041114,-0.005185951680955045
2024-07-19,2024-07-18,5505.0,5541.5882848834835,-0.007165907407030048,-0.0005415238890689107,-0.00784708046968241,0.0003450681794036257,-0.0014782562401733194,HOLD,0.0,-1.2991534760495975,1.0483137448335396,4.499172364412807,1.2991534760495975,-0.0,1.6803926715954123,1.2627564484041114,-0.006624383517961137
2024-07-22,2024-07-19,5564.41,5496.479477993168,0.010734189165974684,-0.0015489777947605148,-0.007165907407030048,0.000342555948642155,-0.0014768984145390612,HOLD,0.0,-1.1952482489022427,0.10390522714735484,-0.9444085176861847,1.1952482489022427,0.0,1.6985274815172071,1.2627564484041114,0.012283166960735198
2024-07-23,2024-07-22,5555.74,5569.338697818697,-0.0015593317997986134,0.0008853618443202953,0.010734189165974684,0.0003382718977115971,-0.0014794730908773209,ENTER,1.0,1.755786073268494,2.9510343221707367,2.847129095023382,-1.755786073268494,-0.0017593317997986135,1.6958809775276114,1.2605367939558927,-0.0024446936441189088
2024-07-24,2024-07-23,5427.13,5549.7081557034435,-0.0234211784438898,-0.0010862857230301642,-0.0015593317997986134,0.00034475147548934583,-0.0014780534317226524,HOLD,1.0,-0.25670104933621196,-2.012487122604706,-4.963521444775443,0.25670104933621196,-0.0234211784438898,1.6566229754397117,1.2313565880660078,-0.022334892720859638
2024-07-25,2024-07-24,5399.22,5418.3322045007935,-0.005155950404247989,-0.0016223923449422799,-0.0234211784438898,0.00034194394136636023,-0.0014767574396088042,EXIT,0.0,-3.4552745821887365,-3.1985735328525244,-1.1860864102478184,3.4552745821887365,-0.0002,1.6481034914316783,1.2311103413738846,-0.003533558059305709
2024-07-26,2024-07-25,5459.1,5396.550767934343,0.011029442312487703,-0.0004944958868480212,-0.005155950404247989,0.0003376598904358037,-0.0014792702824266539,HOLD,0.0,-0.7561103047849067,2.69916427740383,5.897737810256354,0.7561103047849067,0.0,1.666381768121074,1.2311103413738846,0.011523938199335724
2024-07-29,2024-07-26,5463.54,5460.43098898379,0.0008129903108695657,0.00024378134770129694,0.011029442312487703,0.00033337583950524577,-0.0014778506232719858,HOLD,0.0,1.6765608740428988,2.4326711788278055,-0.2664930985760243,-1.6765608740428988,0.0,1.6677370712022535,1.2311103413738846,0.0005692089631682687
2024-07-30,2024-07-29,5436.44,5462.063700133655,-0.004972496433737206,-0.0002702459133331841,0.0008129903108695657,0.00032965989864797623,-0.0014766164646785474,HOLD,0.0,0.12413956419092502,-1.5524213098519737,-3.985092488679779,-0.12413956419092502,-0.0,1.6594648384319997,1.2311103413738846,-0.004702250520404022
2024-07-31,2024-07-30,5522.3,5433.713665737594,0.015670005291918088,-0.0005016183585639664,-0.004972496433737206,0.00032670143788842484,-0.001475629640166749,HOLD,0.0,-0.7624932515420395,-0.8866328157329645,0.6657884941190092,0.7624932515420395,0.0,1.6856734696369375,1.2311103413738846,0.016171623650482053
2024-08-01,2024-07-31,5446.68,5531.945543686976,-0.013788191433052432,0.001745129705468742,0.015670005291918088,0.00032374297712887344,-0.0014746428156549509,ENTER,1.0,2.36449166557464,3.1269849171166797,4.013617732849644,-2.36449166557464,-0.013988191433052433,1.6625905824750777,1.2140092199699084,-0.015533321138521175
2024-08-02,2024-08-01,5346.56,5440.398607473084,-0.018552885294603527,-0.001153917125130538,-0.013788191433052432,0.00032923726139661217,-0.001468845531041454,HOLD,1.0,-2.0286059045094254,-4.393097570084065,-7.520082487200745,2.0286059045094254,-0.018552885294603527,1.6320291084914014,1.1916934967948014,-0.01739896816947299
2024-08-05,2024-08-02,5186.33,5352.900464835626,-0.030427045496882243,0.0011851935148802957,-0.018552885294603527,0.00032627880063706077,-0.0014594404013516837,HOLD,1.0,-2.5617139925903474,-0.533108088080922,3.8599894820031433,2.5617139925903474,-0.030427045496882243,1.5831191506767357,1.1559798699035981,-0.031612239011762536
2024-08-06,2024-08-05,5240.03,5237.596844685984,0.010300905557720341,0.009836457759793315,-0.030427045496882243,0.00033215182495365756,-0.0014500352716619118,HOLD,1.0,-3.6790017255509855,-1.117287732960638,-0.5841796448797161,3.6790017255509855,0.010300905557720341,1.599510991996387,1.1679490502322367,0.0004644477979270263
2024-08-07,2024-08-06,5199.5,5188.062372117031,-0.007764756389251559,-0.009966934743623685,0.010300905557720341,0.0003401079195389786,-0.0014452883976243116,EXIT,0.0,1.2333539277182035,4.912355653269189,6.029643386229827,-1.2333539277182035,-0.0002,1.5871392726540137,1.167715483779614,0.002202178354372126
2024-08-08,2024-08-07,5319.31,5188.163129178951,0.022781128575607212,-0.002182757600282179,-0.007764756389251559,0.0003358238686084207,-0.001458096811396002,HOLD,0.0,-0.9232496508734467,-2.15660357859165,-7.068959231860839,0.9232496508734467,0.0,1.6237110884548935,1.167715483779614,0.02496388617588939
2024-08-09,2024-08-08,5344.16,5303.978953939553,0.004660780212150328,-0.0028863107781833324,0.022781128575607212,0.0003315398176778642,-0.001474360865794437,HOLD,0.0,2.556039265556017,3.4792889164294634,5.635892495021114,-2.556039265556017,0.0,1.6312965122313046,1.167715483779614,0.007547090990333661
2024-08-12,2024-08-09,5344.39,5324.421054403126,4.3036707511490135e-05,-0.003700392398921053,0.004660780212150328,0.00032839198689388306,-0.0014761935398877768,HOLD,0.0,0.5230206852202658,-2.0330185803357512,-5.512307496765215,-0.5230206852202658,0.0,1.6313667193728973,1.167715483779614,0.0037434291064325433
2024-08-13,2024-08-12,5434.43,5345.124428706773,0.016707226654933294,0.00013741105133003353,4.3036707511490135e-05,0.00032543352613433166,-0.0014784590486239865,HOLD,0.0,0.004898323476463938,-0.5181223617438019,1.5148962185919492,-0.004898323476463938,0.0,1.6588512890641691,1.167715483779614,0.01656981560360326
2024-08-14,2024-08-13,5455.21,5430.647084541829,0.0038164760676338005,-0.0006963439985921795,0.016707226654933294,0.00032247506537478026,-0.001477039389469318,HOLD,0.0,1.8486220506086684,1.8437237271322044,2.3618460888760064,-1.8486220506086684,0.0,1.6651943516828367,1.167715483779614,0.00451282006622598
2024-08-15,2024-08-14,5543.22,5449.944179376797,0.016004444012784447,-0.0009657490294698943,0.0038164760676338005,0.00032015770705519185,-0.0014760525649575198,HOLD,0.0,0.42181192151812474,-1.4268101290905437,-3.270533856222748,-0.42181192151812474,0.0,1.6920592670374415,1.167715483779614,0.01697019304225434
2024-08-16,2024-08-15,5554.25,5547.6187665480475,0.001987841126329215,0.0007932252684005854,0.016004444012784447,0.00031784034873560415,-0.0014750657404457215,ENTER,1.0,1.7269584840828516,1.305146562564727,2.7319566916552707,-1.7269584840828516,0.001787841126329215,1.6954261573494678,1.1698050408868486,0.0011946158579286296
2024-08-19,2024-08-16,5608.25,5554.820967214249,0.009675327436177383,0.0001027929727763182,0.001987841126329215,0.00032214401418626795,-0.0014728763009084996,HOLD,1.0,0.21453085782858028,-1.5124276262542713,-2.8175741888189982,-0.21453085782858028,0.009675327436177383,1.7119095732016292,1.1811782185810262,0.009572534463401065
2024-08-20,2024-08-19,5597.12,5610.713397681466,-0.0019865481747167735,0.00043914890061306854,0.009675327436177383,0.00031982665586667954,-0.0014634711712187278,HOLD,1.0,1.0374363099171489,0.8229054520885686,2.33533307834284,-1.0374363099171489,-0.0019865481747167735,1.708512158045433,1.1788340802896147,-0.002425697075329842
2024-08-21,2024-08-20,5620.85,5601.822045560328,0.004230718284185642,0.0008397303633685012,-0.0019865481747167735,0.00032458825163160255,-0.001454066041528956,HOLD,1.0,-0.2142933904925564,-1.2517297004097052,-2.074635152498274,0.2142933904925564,0.004230718284185642,1.7157557035671351,1.1838319600430023,0.0033909879208171402
2024-08-22,2024-08-21,5570.64,5622.964103175435,-0.00897294942546445,0.00037604734139998794,0.004230718284185642,0.0003300825358993403,-0.0014465242141000537,HOLD,1.0,0.45752219896809376,0.6718155894606501,1.9235452898703553,-0.45752219896809376,-0.00897294942546445,1.7004291793090414,1.1732570109314338,-0.009348996766864437
2024-08-23,2024-08-22,5634.61,5571.655790822178,0.011417986208501318,0.00018233061553218802,-0.00897294942546445,0.0003376598904358037,-0.0014436406423233225,HOLD,1.0,-0.9611806892555728,-1.4187028882236665,-2.0905184776843164,0.9611806892555728,0.011417986208501318,1.719955922125017,1.1867300142109987,0.011235655592969131
2024-08-26,2024-08-23,5616.84,5630.341840518435,-0.0031587066155740473,-0.0007577768189746255,0.011417986208501318,0.00033337583950524577,-0.0014407570705465915,HOLD,1.0,1.2184473985671178,2.1796280878226906,3.5983309760463573,-1.2184473985671178,-0.0031587066155740473,1.7145316573158902,1.1829873962920079,-0.002400929796599422
2024-08-27,2024-08-26,5625.8,5617.337346055583,0.0015939320118754097,8.854160666823255e-05,-0.0031587066155740473,0.00032965989864797623,-0.0014344750289801416,HOLD,1.0,-0.3381354617388305,-1.5565828603059484,-3.736210948128639,0.3381354617388305,0.0015939320118754097,1.7172666833535823,1.1848745013316346,0.0015053904052071772
2024-08-28,2024-08-27,5592.18,5623.509319874568,-0.0059939669454234235,-0.0004072570309798346,0.0015939320118754097,0.00032670143788842484,-0.0014236616943607318,HOLD,1.0,0.17141375492636604,0.5095492166651966,2.066132076971145,-0.17141375492636604,-0.0059939669454234235,1.7070042307434028,1.1777936451449997,-0.005586709914443589
2024-08-29,2024-08-28,5591.96,5598.933608712187,-3.934142455719325e-05,0.0012069593372350566,-0.0059939669454234235,0.00032374297712887344,-0.001412848359741324,HOLD,1.0,-0.6415271841954038,-0.8129409391217698,-1.3224901557869664,0.6415271841954038,-3.934142455719325e-05,1.7069370760862288,1.1777473099766171,-0.0012463007617922498
2024-08-30,2024-08-29,5648.4,5586.482793396987,0.010042467382856302,-0.000979958862350829,-3.934142455719325e-05,0.00032923726139661217,-0.0014072641178236394,HOLD,1.0,-0.004210410815349602,0.6373167733800542,1.450257712501824,0.004210410815349602,0.010042467382856302,1.7241652981361546,1.1896343868110504,0.01102242624520713
2024-09-03,2024-08-30,5528.93,5647.348889766168,-0.021378012454581707,-0.00018610722442989304,0.010042467382856302,0.00032627880063706077,-0.0014056016954322507,HOLD,1.0,1.0784091902743504,1.0826196010897,0.4453028277096458,-1.0784091902743504,-0.021378012454581707,1.6876972668054542,1.1644722842346895,-0.021191905230151815
2024-09-04,2024-09-03,5520.07,5547.470786803543,-0.0016037653903602234,0.0033478030412898573,-0.021378012454581707,0.00032332033987750937,-0.0014039392730408613,HOLD,1.0,-2.1935917337796513,-3.2720009240540016,-4.354620525143702,2.1935917337796513,-0.0016037653903602234,1.6849927656119312,1.1626062406352362,-0.00495156843165008
2024-09-05,2024-09-04,5503.41,5520.015188300709,-0.0030226412501868083,-9.929579048623333e-06,-0.0016037653903602234,0.0003288146241452471,-0.0014024543559920499,HOLD,1.0,-0.16453476628694333,2.029056967492708,5.3010578915467095,0.16453476628694333,-0.0030226412501868083,1.6799073265730997,1.1590974047021818,-0.003012711671138185
2024-09-06,2024-09-05,5408.42,5495.027278695338,-0.017410901670867673,-0.0015243479988014013,-0.0030226412501868083,0.0003258561633856957,-0.0014010404410802698,EXIT,0.0,-0.3098824562100376,-0.1453476899230943,-2.1744046574158022,0.3098824562100376,-0.0002,1.6509117770953794,1.158865608401644,-0.015886553672066272
2024-09-09,2024-09-06,5471.05,5415.618690180928,0.011513555690020993,0.0013301303604564443,-0.017410901670867673,0.0003228977026261453,-0.0014037017841278057,ENTER,1.0,-1.7381256759109516,-1.428243219700914,-1.2828955297778197,1.7381256759109516,0.011313555690020993,1.6700294869994698,1.1720509448793222,0.010183425329564549
2024-09-10,2024-09-09,5495.52,5459.665068019813,0.004462660724490419,-0.002083109115235026,0.011513555690020993,0.00032839198689388306,-0.0014022523681475102,EXIT,0.0,1.1436067930343605,2.8817324689453123,4.309975688646226,-1.1436067930343605,-0.0002,1.6774989163680334,1.1718165581298026,0.006545769839725445
2024-09-11,2024-09-10,5554.13,5495.723120111604,0.010608580303038906,3.6960352783906416e-05,0.004462660724490419,0.00032543352613433166,-0.0014051267176061393,HOLD,0.0,0.4427555265212647,-0.7008512665130958,-3.582583735458408,-0.4427555265212647,0.0,1.6953895275364634,1.1718165581298026,0.010571619950254999
2024-09-12,2024-09-11,5595.76,5551.1771101972745,0.007467372942029371,-0.0005317979670470831,0.010608580303038906,0.00032247506537478026,-0.00140346429521475,HOLD,0.0,1.043308778397985,0.6005532518767204,1.3014045183898162,-1.043308778397985,0.0,1.7080970201647119,1.1718165581298026,0.007999170909076455
2024-09-13,2024-09-12,5626.02,5596.816180464637,0.00539309687837175,0.00018872875211954854,0.007467372942029371,0.00032015770705519185,-0.00140205038030297,HOLD,0.0,0.7345295026115154,-0.3087792757864697,-0.9093325276631901,-0.7345295026115154,0.0,1.7173338380107575,1.1718165581298026,0.005204368126252201
2024-09-16,2024-09-13,5633.09,5628.440069821236,0.0012558720767881226,0.00043006414230845535,0.00539309687837175,0.00031784034873560415,-0.0014006364653911898,ENTER,1.0,0.5296041288885415,-0.20492537372297392,0.10385390206349576,-0.5296041288885415,0.0010558720767881225,1.719491944493624,1.1730544999517394,0.0008258079344796673
2024-09-17,2024-09-16,5634.58,5640.477183805056,0.00026447349073777104,0.0013105319269227326,0.0012558720767881226,0.00032214401418626795,-0.0013984442755104378,HOLD,1.0,0.12340997953436858,-0.40619414935417286,-0.20126877563119894,-0.12340997953436858,0.00026447349073777104,1.7199467646717688,1.1733647827991527,-0.0010460584361849615
2024-09-18,2024-09-17,5618.26,5642.526094810769,-0.002900603126386514,0.0014092438359665142,0.00026447349073777104,0.00032754671239115395,-0.0013915824358158497,HOLD,1.0,0.025997751953813306,-0.09741222758055527,0.3087819217736176,-0.025997751953813306,-0.002900603126386514,1.7149651101031131,1.1699662485241418,-0.004309846962353028
2024-09-19,2024-09-18,5713.64,5625.466099326848,0.016834291247587174,0.0012817993341051146,-0.002900603126386514,0.00033398784678103917,-0.0013847205961212614,HOLD,1.0,-0.28515702119975633,-0.31115477315356965,-0.21374254557301436,0.28515702119975633,0.016834291247587174,1.744079706473099,1.1898285156289454,0.015552491913482059
2024-09-20,2024-09-19,5702.55,5707.876011427538,-0.001942855451501302,-0.0010093211892403208,0.016834291247587174,0.00034194394136636023,-0.0013787908702640715,HOLD,1.0,1.621841717990065,1.9069987391898213,2.218153512343391,-1.621841717990065,-0.001942855451501302,1.7406945012545725,1.187519094972705,-0.0009335342622609811
2024-09-23,2024-09-20,5718.57,5701.402830874112,0.0028053309143558636,-0.00020118798223223811,-0.001942855451501302,0.0003376598904358037,-0.0013751914290003745,HOLD,1.0,-0.1870861999180594,-1.8089279179081243,-3.7159266570979455,0.1870861999180594,0.0028053309143558636,1.745584581290712,1.190855156191187,0.0030065188965881016
2024-09-24,2024-09-23,5732.93,5716.961005551487,0.002507969702996604,-0.0002814026665399003,0.0028053309143558636,0.00033337583950524577,-0.0013715919877366782,HOLD,1.0,0.2700435145285265,0.4571297144465859,2.2660576323547104,-0.2700435145285265,0.002507969702996604,1.749967948913622,1.1938455331635616,0.0027893723695365043
2024-09-25,2024-09-24,5722.26,5730.020009834349,-0.0018629115860662182,-0.0005077210012545965,0.002507969702996604,0.00032965989864797623,-0.001369144852675297,HOLD,1.0,0.2418077121301673,-0.028235802398359183,-0.4853655168449451,-0.2418077121301673,-0.0018629115860662182,1.7467109480406127,1.1916235747864576,-0.0013551905848116217
2024-09-26,2024-09-25,5745.37,5720.603485918511,0.0040304808028714945,-0.00028952789572294366,-0.0018629115860662182,0.00032670143788842484,-0.0013682341258836705,HOLD,1.0,-0.1795666093393694,-0.4213743214695367,-0.3931385190711775,0.1795666093393694,0.0040304808028714945,1.753765239528453,1.1964360825741691,0.004320008698594438
2024-09-27,2024-09-26,5738.17,5742.752839075843,-0.0012539688882462485,-0.0004556290015511114,0.0040304808028714945,0.00032374297712887344,-0.001367323399092044,HOLD,1.0,0.3890762238574656,0.568642833196835,0.9900171546663716,-0.3890762238574656,-0.0012539688882462485,1.7515674507481638,1.1949367292175466,-0.0007983398866951371
2024-09-30,2024-09-27,5762.48,5743.146751475736,0.004227593432856835,0.0008669304915385152,-0.0012539688882462485,0.00032115086062073025,-0.0013661216456026233,HOLD,1.0,-0.12120277648871691,-0.5102790003461826,-1.0789218335430175,0.12120277648871691,0.004227593432856835,1.758988040366055,1.1999991292313634,0.00336066294131832
2024-10-01,2024-09-30,5708.75,5758.401762492758,-0.009367852083837391,-0.000707973184979901,0.004227593432856835,0.00032627880063706077,-0.001364701622089857,HOLD,1.0,0.40895127741222553,0.5301540539009424,1.040433054247125,-0.40895127741222553,-0.009367852083837391,1.7425870415931533,1.188810204807573,-0.008659878898857491
2024-10-02,2024-10-01,5709.54,5715.904303609045,0.00013837448536691,0.0012524325645396827,-0.009367852083837391,0.00032332033987750937,-0.0013632815985770903,HOLD,1.0,-0.899306825028932,-1.3082581024411575,-1.8384121563420999,0.899306825028932,0.00013837448536691,1.7428281878621013,1.188974717189758,-0.0011140580791727727
2024-10-03,2024-10-02,5699.94,5705.558924004765,-0.001682811533125772,-0.0006975105836831725,0.00013837448536691,0.0003288146241452471,-0.0013609918973448312,HOLD,1.0,0.013283901391172873,0.9125907264201049,2.2208488288612624,-0.013283901391172873,-0.001682811533125772,1.739897802821717,1.186975579380929,-0.0009853009494425996
2024-10-04,2024-10-03,5751.07,5705.828097720804,0.008930275984438296,0.001032477285777037,-0.001682811533125772,0.0003258561633856957,-0.0013583543250247755,HOLD,1.0,-0.16274059900067978,-0.17602450039185263,-1.0886152268119575,0.16274059900067978,0.008930275984438296,1.7555051556461816,1.1976230706481614,0.007897798698661258
2024-10-07,2024-10-04,5695.94,5744.963533942673,-0.009632284107421896,-0.0010623606157054066,0.008930275984438296,0.0003315398176778642,-0.0013557167527047194,HOLD,1.0,0.8642999597844166,1.0270405587850964,1.203065059176949,-0.8642999597844166,-0.009632284107421896,1.7386768090548896,1.1861426052939164,-0.008569923491716489
2024-10-08,2024-10-07,5751.13,5711.423711026541,0.00964271689419327,0.0027146886743958584,-0.009632284107421896,0.00032839198689388306,-0.0013546418379163168,HOLD,1.0,-0.9268492630476922,-1.7911492228321089,-2.818189781617205,0.9268492630476922,0.00964271689419327,1.755523470552684,1.1976355652594668,0.006928028219797412
2024-10-09,2024-10-08,5792.04,5746.063186268647,0.007088203896394418,-0.0008814001778145928,0.00964271689419327,0.0003352118613326273,-0.0013538273660498566,HOLD,1.0,0.9220114680360618,1.8488607310837541,3.640009953915863,-0.9220114680360618,0.007088203896394418,1.7680111843029054,1.2061548077343829,0.00796960407420901
2024-10-10,2024-10-09,5780.05,5787.879159447532,-0.002072227971014584,-0.000718630359027597,0.007088203896394418,0.0003309278104020694,-0.0013530128941833964,HOLD,1.0,0.6772748709023729,-0.2447365971336889,-2.093597328217443,-0.6772748709023729,-0.002072227971014584,1.7643512554868424,1.2036579679085644,-0.0013535976119869871
2024-10-11,2024-10-10,5815.03,5778.819679943916,0.006033611862784838,-0.00021287895699099166,-0.002072227971014584,0.000327969349642518,-0.0013487751890871931,HOLD,1.0,-0.20119331025663925,-0.8784681811590122,-0.6337315840253233,0.20119331025663925,0.006033611862784838,1.7750288459777421,1.2109423262994847,0.006246490819775829
2024-10-14,2024-10-11,5859.85,5812.020441231985,0.007678060962994948,-0.0005176822531971117,0.006033611862784838,0.0003250108888829676,-0.001344537483990989,HOLD,1.0,0.5878752177491647,0.789068528005804,1.6675367091648161,-0.5878752177491647,0.007678060962994948,1.7887100811350383,1.2202758009444563,0.00819574321619206
2024-10-15,2024-10-14,5815.26,5853.375573490771,-0.007638509068755184,-0.001105490051050263,0.007678060962994948,0.00032214401418626795,-0.001340560318530954,HOLD,1.0,0.7492839459624524,0.16140872821328767,-0.6276597997925163,-0.7492839459624524,-0.007638509068755184,1.7750990531193345,1.2109902223094877,-0.006533019017704921
2024-10-16,2024-10-15,5842.47,5814.65069389606,0.004668155706577082,-0.00010478259387109161,-0.007638509068755184,0.00031982665586667954,-0.0013381463908879291,HOLD,1.0,-0.746887087843332,-1.4961710338057843,-1.657579762019072,0.746887087843332,0.004668155706577082,1.7834048632181758,1.2166565285363888,0.004772938300448173
2024-10-17,2024-10-16,5841.47,5835.980208578119,-0.00017117513483455582,-0.0011114132396010422,0.004668155706577082,0.00031750929754709113,-0.001335732463244904,HOLD,1.0,0.45609523023050025,1.2029823180738322,2.6991533518796165,-0.45609523023050025,-0.00017117513483455582,1.7830996147764666,1.216448285014634,0.0009402381047664864
2024-10-18,2024-10-17,5864.67,5836.218169327021,0.0039637370431258034,-0.0008994641663492469,-0.00017117513483455582,0.00031554788729818496,-0.0013332198364577352,HOLD,1.0,-0.0175950604708786,-0.47369029070137886,-1.676672608775211,0.0175950604708786,0.0039637370431258034,1.7901813786240646,1.221279534719306,0.00486320120947505
2024-10-21,2024-10-18,5853.98,5857.974641157734,-0.00182444274130944,-0.001142295066556628,0.0039637370431258034,0.00031447634722598457,-0.0013304604618102045,HOLD,1.0,0.4087008350908659,0.4262958955617445,0.8999861862631233,-0.4087008350908659,-0.00182444274130944,1.786918272782219,1.2190534114717655,-0.0006821476747528119
2024-10-22,2024-10-21,5851.2,5852.994898248002,-0.0004750033835065892,-0.0001682931351413349,-0.00182444274130944,0.00031340480715378384,-0.0013277010871626744,HOLD,1.0,-0.18958686006109943,-0.5982876951519653,-1.0245835907137097,0.18958686006109943,-0.0004750033835065892,1.7860696821142725,1.2184744944812906,-0.00030671024836525433
2024-10-23,2024-10-22,5797.42,5851.962675995199,-0.009233777411951749,0.00013033673330776813,-0.0004750033835065892,0.00030910499605177224,-0.0013247155392964818,HOLD,1.0,-0.04934850033348113,0.1402383597276183,0.7385260548795837,0.04934850033348113,-0.009233777411951749,1.7696534209192882,1.2072751578814147,-0.009364114145259518
2024-10-24,2024-10-23,5809.86,5802.576285683379,0.002143483186927142,0.0008890151162112061,-0.009233777411951749,0.00030050082357667776,-0.0013214284271387399,HOLD,1.0,-0.9532234829992215,-0.9038749826657404,-1.0441133423933586,0.9532234829992215,0.002143483186927142,1.7734507115341172,1.2098657072920207,0.001254468070715936
2024-10-25,2024-10-24,5808.12,5812.7712720875825,-0.00029953572187402244,0.0005009661031681245,0.002143483186927142,0.0003132517300006121,-0.0013181413149809984,HOLD,1.0,0.22570283795633952,1.1789263209555612,2.0828013036213013,-0.22570283795633952,-0.00029953572187402244,1.7729195792455479,1.2095033635641705,-0.0008005018250421469
2024-10-28,2024-10-25,5823.52,5817.69227051951,0.0026479514493722434,0.00164672755070811,-0.00029953572187402244,0.00031524173299184215,-0.00131618680843089,HOLD,1.0,-0.03220021070471964,-0.2579030486610592,-1.4368293696166203,0.03220021070471964,0.0026479514493722434,1.7776204052478337,1.212710313799169,0.0010012238986641334
2024-10-29,2024-10-28,5832.92,5823.656904850054,0.001612842692562566,2.3508675308767883e-05,0.0026479514493722434,0.00031883350230114184,-0.001315231756086507,HOLD,1.0,0.296196556905327,0.3283967676100466,0.5862998162711057,-0.296196556905327,0.001612842692562566,1.7804897405998743,1.2146678029036457,0.0015893340172537982
2024-10-30,2024-10-29,5813.67,5832.538077908045,-0.0033056916281388737,-6.547914184608893e-05,0.001612842692562566,0.00031651614398155344,-0.0013142767037421237,HOLD,1.0,0.20411394787751636,-0.09208260902781062,-0.4204793766378572,-0.20411394787751636,-0.0033056916281388737,1.7746137080970206,1.2106591151099002,-0.003240212486292785
2024-10-31,2024-10-30,5705.45,5818.703979309558,-0.0187901825995187,0.0008655119982838467,-0.0033056916281388737,0.0003150886558386704,-0.0013137170083726967,HOLD,1.0,-0.4209307615978533,-0.6250447094753697,-0.5329621004475591,0.4209307615978533,-0.0187901825995187,1.741579721735523,1.1881230011857893,-0.01965569459780255
2024-11-01,2024-10-31,5728.8,5708.382668618004,0.004084226330235197,0.0005138797400812601,-0.0187901825995187,0.00031850245111262877,-0.0013133154557932521,HOLD,1.0,-2.2913271546076253,-1.870396393009772,-1.2453516835344023,2.2913271546076253,0.004084226330235197,1.7487072728493727,1.1929854874187213,0.0035703465901539364
2024-11-04,2024-11-01,5712.69,5726.521391276025,-0.0028160686495120046,-0.00039782537323881483,0.004084226330235197,0.0003228977026261453,-0.0013129139032138075,HOLD,1.0,0.5289582975091578,2.8202854521167833,4.690681845126555,-0.5289582975091578,-0.0028160686495120046,1.7437897204534767,1.1896306842832793,-0.0024182432762731897
2024-11-05,2024-11-04,5782.76,5713.831397577798,0.012191061302749162,0.00019978041293258145,-0.0028160686495120046,0.0003204887582437049,-0.0013047198285330486,HOLD,1.0,-0.3645213195484396,-0.8934796170575974,-3.7137650691743804,0.3645213195484396,0.012191061302749162,1.7651784787638678,1.2042223078525154,0.011991280889816582
2024-11-06,2024-11-05,5929.04,5787.140853755989,0.024981233838897055,0.0007572846164758543,0.012191061302749162,0.00031817139992411646,-0.0012952270001687354,HOLD,1.0,1.552010253346171,1.9165315728946106,2.810011189952208,-1.552010253346171,0.024981233838897055,1.8098302208167254,1.2346841702145481,0.0242239492224212
2024-11-07,2024-11-06,5973.1,5921.794400253002,0.007403744412988189,-0.0012228000839618566,0.024981233838897055,0.00032247506537478026,-0.0012857341718044222,HOLD,1.0,3.0483134887049617,1.4963032353587906,-0.42022833753582,-3.0483134887049617,0.007403744412988189,1.8232794671583208,1.2438593797829849,0.008626544496950045
2024-11-08,2024-11-07,5995.54,5970.503228900328,0.0037498038698000613,-0.00043483881552703815,0.007403744412988189,0.00032015770705519185,-0.0012855388600505459,HOLD,1.0,0.9000776940222711,-2.1482357946826904,-3.6445390300414813,-0.9000776940222711,0.0037498038698000613,1.8301292421902204,1.2485323644111235,0.0041846426853270995
2024-11-11,2024-11-08,6001.35,5993.151531583001,0.0009685844338367389,-0.00039845356639756004,0.0037498038698000613,0.00031784034873560415,-0.0012853435482966693,HOLD,1.0,0.46819860174140515,-0.43187909228086596,1.7163567024018245,-0.46819860174140515,0.0009685844338367389,1.831902735636537,1.2497422592725091,0.0013670380002342988
2024-11-12,2024-11-11,5983.99,5997.294074692429,-0.0028968743715669376,-0.0006760639680296678,0.0009685844338367389,0.00031570096445135664,-0.0012850843520146643,HOLD,1.0,0.12094280185693758,-0.3472557998844676,0.08462329239639838,-0.12094280185693758,-0.0028968743715669376,1.826603622688507,1.2461271517348755,-0.0022208104035372697
2024-11-13,2024-11-12,5985.38,5973.449915813015,0.00023225951010807933,-0.0017629337033710354,-0.0028968743715669376,0.0003146294243791559,-0.0012844418485638866,EXIT,0.0,-0.3643974200634334,-0.48534022192037096,-0.13808442203590338,0.3643974200634334,-0.0002,1.82702791802248,1.2458779512254101,0.0019951932134791147
2024-11-14,2024-11-13,5949.17,5977.0310438518345,-0.006068115029117749,-0.001395865344064797,0.00023225951010807933,0.00031355788430695525,-0.0012853156466175442,HOLD,0.0,0.02925031269210374,0.39364773275553716,0.8789879546759081,-0.02925031269210374,-0.0,1.8159748719482798,1.2458779512254101,-0.004672249685052952
2024-11-15,2024-11-14,5870.62,5940.167455760128,-0.01329146396056835,-0.001514389846177433,-0.006068115029117749,0.00031033416354821306,-0.0012856783684461717,HOLD,0.0,-0.7601126895556125,-0.7893630022477163,-1.1830107350032535,0.7601126895556125,-0.0,1.7919976068522179,1.2458779512254101,-0.011777074114390917
2024-11-18,2024-11-15,5893.62,5867.219366283839,0.00391015982410714,-0.0005794309676911378,-0.01329146396056835,0.00030172999107312145,-0.0013006514735197708,HOLD,0.0,-1.6423737517166648,-0.8822610621610523,-0.092898059913336,1.6423737517166648,0.0,1.7990183210114714,1.2458779512254101,0.004489590791798278
2024-11-19,2024-11-18,5916.98,5892.121923493986,0.0039557737052682285,-0.00025421844866558294,0.00391015982410714,0.00029312581859802697,-0.0012911586451554592,HOLD,0.0,0.489727224380942,2.1321009760976066,3.0143620382586587,-0.489727224380942,0.0,1.8061489246097415,1.2458779512254101,0.004209992153933811
2024-11-20,2024-11-19,5917.11,5924.363771039165,2.1970426116624253e-05,0.0012471172425925882,0.0039557737052682285,0.0002881075066942362,-0.0012856504667670466,ENTER,1.0,0.49582460633858,0.006097381957637982,-2.1260035941399686,-0.49582460633858,-0.00017802957388337576,1.8061886069071622,1.2456561678472287,-0.001225146816475964
2024-11-21,2024-11-20,5948.71,5921.4436802322125,0.00532623530517462,0.0007321300460927061,2.1970426116624253e-05,0.00030050082357667776,-0.0012854551550131703,HOLD,1.0,0.002753763579280339,-0.49307084275929963,-0.4991682247169376,-0.002753763579280339,0.00532623530517462,1.8158344576650935,1.2523085259923317,0.004594105259081914
2024-11-22,2024-11-21,5969.34,5952.797551198237,0.003461979200411136,0.0006868964022197712,0.00532623530517462,0.0003132517300006121,-0.0012852598432592937,HOLD,1.0,0.6701575760276833,0.667403812448403,1.1604746552077025,-0.6701575760276833,0.003461979200411136,1.8221317330175046,1.2566515053763039,0.002775082798191365
2024-11-25,2024-11-22,5987.37,5965.963386189992,0.0030158820722512303,-0.0005658195340054523,0.003461979200411136,0.00031524173299184215,-0.0012848089933929024,HOLD,1.0,0.43532654588574216,-0.23483103014194118,-0.9022348425903441,-0.43532654588574216,0.0030158820722512303,1.8276353624214765,1.2604471388369434,0.0035817016062566825
2024-11-26,2024-11-25,6021.63,5987.768651293347,0.005705736188806654,6.657982092776114e-05,0.0030158820722512303,0.0003141701929196414,-0.0012841664899421248,HOLD,1.0,0.3832213619735958,-0.05210518391214636,0.18272584622979482,-0.3832213619735958,0.005705736188806654,1.8380931740343482,1.2676594739651472,0.0056391563678788925
2024-11-27,2024-11-26,5998.74,6024.4372493856235,-0.00380853961537575,0.0004660856324849157,0.005705736188806654,0.0003130986528474407,-0.0012835239864913471,HOLD,1.0,0.7790482135950204,0.3958268516214246,0.44793203553357097,-0.7790482135950204,-0.00380853961537575,1.83110603720368,1.2628407246632025,-0.004274625247860666
2024-11-29,2024-11-27,6032.38,5996.751483413968,0.005592178893918387,-0.0003315439983423397,-0.00380853961537575,0.0003150886558386704,-0.0012830769302578262,HOLD,1.0,-0.5185265834787479,-1.2975747970737683,-1.6934016486951928,0.5185265834787479,0.005592178893918387,1.8413745947826943,1.2699225388404587,0.005923722892260726
2024-12-02,2024-11-29,6047.15,6037.154250089691,0.0024454606033064152,0.00079112420409483,0.005592178893918387,0.00031401711576646975,-0.0012827080529112082,HOLD,1.0,0.7617229779851583,1.2802495614639062,2.5778243585376748,-0.7617229779851583,0.0024454606033064152,1.8458831142667038,1.273031884720307,0.0016543363992115852
2024-12-03,2024-12-02,6049.88,6048.395231701636,0.0004513504631038501,0.00020589922689405162,0.0024454606033064152,0.0003161850927930411,-0.0012823391755645902,HOLD,1.0,0.3540062141468922,-0.4077167638382661,-1.6879663253021724,-0.3540062141468922,0.0004513504631038501,1.8467164425125615,1.273606597939804,0.00024545123620979846
2024-12-04,2024-12-03,6086.49,6052.248566566412,0.006033123750501801,0.0003914297528119418,0.0004513504631038501,0.00031493557868549906,-0.0012796284054243721,HOLD,1.0,0.06644721209577852,-0.2875590020511137,0.12015776178715243,-0.06644721209577852,0.006033123750501801,1.8578915879634434,1.2813136495756337,0.005641693997689859
2024-12-05,2024-12-04,6075.11,6095.90942381918,-0.0018714648272304402,0.0015463990907832298,0.006033123750501801,0.00031817139992411646,-0.0012765273198185533,HOLD,1.0,0.8863705598369936,0.8199233477412151,1.1074823497923287,-0.8863705598369936,-0.0018714648272304402,1.8544178606968216,1.2789179585727455,-0.00341786391801367
2024-12-06,2024-12-05,6090.27,6071.352769221456,0.002492319655841513,-0.0006186543308558003,-0.0018714648272304402,0.00032247506537478026,-0.0012734262342127345,HOLD,1.0,-0.2784956945789467,-1.1648662544159403,-1.9847896021571554,0.2784956945789467,0.002492319655841513,1.8590454270730945,1.282109406341092,0.003110973986697313
2024-12-09,2024-12-06,6052.85,6087.567217119273,-0.006163180212196195,-0.00044388554008684545,0.002492319655841513,0.00032015770705519185,-0.0012694715466972247,HOLD,1.0,0.37335317399895535,0.651848868577902,1.8167151229938423,-0.37335317399895535,-0.006163180212196195,1.8476230303844299,1.274231835398378,-0.00571929467210935
2024-12-10,2024-12-09,6034.91,6051.494779650253,-0.0029682940713744443,-0.0002239229599092248,-0.006163180212196195,0.00031784034873560415,-0.0012655168591817142,HOLD,1.0,-0.9164306759463016,-1.289783849945257,-1.941632718523159,0.9164306759463016,-0.0029682940713744443,1.8421468733402115,1.2704551485273923,-0.0027443711114652197
2024-12-11,2024-12-10,6084.19,6029.4736219900215,0.008132661932885199,-0.0009012277043357633,-0.0029682940713744443,0.00031570096445135664,-0.001261485602952034,HOLD,1.0,-0.4399505442485517,0.4764801316977499,1.7662639816430068,0.4399505442485517,0.008132661932885199,1.857189516547518,1.2808294589511482,0.009033889637220962
2024-12-12,2024-12-11,6051.25,6091.359279908427,-0.005428741091956013,0.001177652124298934,0.008132661932885199,0.0003146294243791559,-0.0012569949344373302,HOLD,1.0,1.1949921310109664,1.634942675259518,1.1584625435617681,-1.1949921310109664,-0.005428741091956013,1.8471346328777,1.273895007137867,-0.006606393216254947
2024-12-13,2024-12-12,6051.09,6044.511050024263,-2.644116757721804e-05,-0.0011142665013169494,-0.005428741091956013,0.00031750929754709113,-0.0012525042659226264,HOLD,1.0,-0.7937127682168367,-1.9887048992278031,-3.623647574487321,0.7937127682168367,-2.644116757721804e-05,1.8470857931270273,1.2738613243118162,0.0010878253337397313
2024-12-16,2024-12-13,6074.08,6050.360707627857,0.0037921163249592382,-0.00012052974319305026,-2.644116757721804e-05,0.00031554788729818496,-0.0012486458558193677,HOLD,1.0,-0.004050895105213392,0.7896618731116233,2.7783667723394263,0.004050895105213392,0.0037921163249592382,1.8541034548018633,1.2787011253800409,0.003912646068152288
2024-12-17,2024-12-16,6050.61,6083.806904127665,-0.0038714440227618496,0.0016000981551638916,0.0037921163249592382,0.00031447634722598457,-0.0012463680917447204,HOLD,1.0,0.5810731868115484,0.5851240819167618,-0.20453779119486148,-0.5810731868115484,-0.0038714440227618496,1.846939273875009,1.2737602758336632,-0.005471542177925741
2024-12-18,2024-12-17,5872.16,6051.257226182874,-0.029936554508987356,0.00010696302833184404,-0.0038714440227618496,0.0003171782463585788,-0.0012440903276700734,HOLD,1.0,-0.5908325933389116,-1.17190578015046,-1.7570298620672218,0.5908325933389116,-0.029936554508987356,1.7924676894524478,1.2361933989034835,-0.030043517537319202
2024-12-19,2024-12-18,5867.08,5905.675141776434,-0.0008654734577540069,0.0056912381327183445,-0.029936554508987356,0.00031539481014501356,-0.001242743247337345,HOLD,1.0,-3.9054936425027096,-3.314661049163798,-2.142755269013338,3.9054936425027096,-0.0008654734577540069,1.7909170273685757,1.2351239691763578,-0.006556711590472351
2024-12-20,2024-12-19,5930.85,5845.854357010596,0.01081047625241105,-0.0036243123331535293,-0.0008654734577540069,0.00031916455348965416,-0.0012426370786605089,EXIT,0.0,-0.11296644664440274,3.7925271958583067,7.107188245022105,0.11296644664440274,-0.0002,1.8103827204962133,1.2348769690833552,0.01443478858556458
2024-12-23,2024-12-20,5974.07,5908.58154254935,0.007260895475461382,-0.003761748801914329,0.01081047625241105,0.00031684719517006575,-0.0012437649328022665,HOLD,0.0,1.3922342856977419,1.5052007323421446,-2.287326463516162,-1.3922342856977419,0.0,1.823575558146775,1.2348769690833552,0.01102264427737571
2024-12-24,2024-12-23,6040.04,5970.867811540184,0.010982197273833094,-0.0005361582600173206,0.007260895475461382,0.00031524173299184215,-0.0012479950660837541,HOLD,0.0,0.9297666283218307,-0.4624676573759112,-1.9676683897180558,-0.9297666283218307,0.0,1.8437127978461685,1.2348769690833552,0.011518355533850414
2024-12-26,2024-12-24,6037.59,6036.483989985276,-0.0004057087414679472,-0.0005889128561243929,0.010982197273833094,0.0003141701929196414,-0.001245717302009107,HOLD,0.0,1.388473090561179,0.4587064622393484,0.9211741196152596,-1.388473090561179,-0.0,1.8429649391639864,1.2348769690833552,0.00018320411465644565
2024-12-27,2024-12-26,5970.84,6039.955589513447,-0.011117304675595463,0.0003917334902467623,-0.0004057087414679472,0.0003130986528474407,-0.0012434395379344596,ENTER,1.0,-0.05202442318249077,-1.4404975137436697,-1.8992039759830182,0.05202442318249077,-0.011317304675595464,1.8225896056800654,1.2209802750727488,-0.011509038165842225
2024-12-30,2024-12-27,5906.94,5972.103233951894,-0.010759690191102678,0.00021154483143047913,-0.011117304675595463,0.0003150886558386704,-0.0012427129134296774,HOLD,1.0,-1.3980952427473992,-1.3460708195649085,0.09442669417876126,1.3980952427473992,-0.010759690191102678,1.803084230255004,1.2079133297891438,-0.010971235022533157
2024-12-31,2024-12-30,5881.63,5909.520372080228,-0.004293996454133975,0.00043674197517595717,-0.010759690191102678,0.00031401711576646975,-0.0012426067447528415,HOLD,1.0,-1.3309888649081345,0.06710637783926465,1.4131771974041731,1.3309888649081345,-0.004293996454133975,1.7953583921954084,1.202737674309833,-0.004730738429309932
2025-01-02,2024-12-31,5868.55,5881.371915620765,-0.00222634979255254,-4.388070003338179e-05,-0.004293996454133975,0.0003161850927930411,-0.0012425005760760054,HOLD,1.0,-0.5345461362354957,0.7964427286726388,0.7293363508333741,0.5345461362354957,-0.00222634979255254,1.7913657425778855,1.200062938092157,-0.0021824690925191584
2025-01-03,2025-01-02,5942.47,5872.131609835983,0.012517287272657995,0.0006101195937524871,-0.00222634979255254,0.00031493557868549906,-0.0012418818360092725,HOLD,1.0,-0.28064801338272194,0.2538981228527738,-0.542544605819865,0.28064801338272194,0.012517287272657995,1.8139297073888434,1.2151788785516855,0.011907167678905508
2025-01-06,2025-01-03,5975.38,5945.653791359601,0.0055228222624901235,0.0005356255522897542,0.012517287272657995,0.00031817139992411646,-0.0012411776673775566,HOLD,1.0,1.5651550740522293,1.8458030874349514,1.5919049645821777,-1.5651550740522293,0.0055228222624901235,1.8239754336054133,1.2219086621085473,0.004987196710200369
2025-01-07,2025-01-06,5909.03,5982.184250196005,-0.011166004769812332,0.0011380663800817541,0.0055228222624901235,0.00032247506537478026,-0.0012404734987458408,HOLD,1.0,0.692230563665811,-0.8729245103864183,-2.7187275978213696,-0.692230563665811,-0.011166004769812332,1.803722199498173,1.208340715010471,-0.012304071149894086
2025-01-08,2025-01-07,5918.25,5914.63455048747,0.001559107735282339,0.000948022651233858,-0.011166004769812332,0.000327969349642518,-0.0012378833798259794,HOLD,1.0,-1.3762092072285326,-2.0684397708943436,-1.1955152605079253,1.3762092072285326,0.001559107735282339,1.806536590130708,1.2102261177571811,0.000611085084048481
2025-01-10,2025-01-08,5827.04,5923.748115146588,-0.01553164435389398,0.000928579026646271,0.001559107735282339,0.0003345998540568339,-0.0012352932609061176,HOLD,1.0,0.19293177901440461,1.569140986242937,3.6375807571372807,-0.19293177901440461,-0.01553164435389398,1.7786948797626398,1.1915745359212278,-0.01646022338054025
2025-01-13,2025-01-10,5836.22,5829.375814047262,0.0015741742695762895,0.0004007774114771084,-0.01553164435389398,0.000342555948642155,-0.0012330459153269517,HOLD,1.0,-1.876975031326201,-2.0699068103406058,-3.639047796583543,1.876975031326201,0.0015741742695762895,1.7814970604575076,1.193451759046478,0.001173396858099181
2025-01-14,2025-01-13,5842.91,5840.352965012221,0.0011456334044925853,0.0007079072253823466,0.0015741742695762895,0.0003469684028893024,-0.0012328552097919604,HOLD,1.0,0.19155828261848054,2.0685333139446818,4.138440124285287,-0.19155828261848054,0.0011456334044925853,1.7835391725325256,1.1948198007357942,0.00043772617911023873
2025-01-15,2025-01-14,5949.91,5844.55779815855,0.01814713298542614,0.0002819769342557092,0.0011456334044925853,0.00035001832422433955,-0.0012326645042569694,HOLD,1.0,0.13976582122249243,-0.051792461395988115,-2.1203257753406697,-0.13976582122249243,0.01814713298542614,1.8162007557951416,1.2167002881433917,0.01786515605117043
2025-01-16,2025-01-15,5937.34,5952.663383772294,-0.0021148717634655867,0.0004626535342619049,0.01814713298542614,0.000348868626374979,-0.001231680226924364,HOLD,1.0,2.1287308869901342,1.9889650657676419,2.04075752716363,-2.1287308869901342,-0.0021148717634655867,1.8123637828828905,1.2141298420993416,-0.0025775252977274917
2025-01-17,2025-01-16,5996.66,5944.394110093643,0.009941425935723558,0.0011873874397580477,-0.0021148717634655867,0.0003506378722493013,-0.0012287120200977226,HOLD,1.0,-0.2483183276529743,-2.3770492146431086,-4.3660142804107505,0.2483183276529743,0.009941425935723558,1.830471120444931,1.226260220725684,0.00875403849596551
2025-01-21,2025-01-17,6049.24,6006.705617339638,0.008729996752231628,0.0016738004998279954,0.009941425935723558,0.0003523785109215073,-0.0012257438132710816,HOLD,1.0,1.155407987208074,1.4037263148610484,3.780775529504157,-1.155407987208074,0.008729996752231628,1.8465210835098704,1.2370123331358855,0.0070561962524036325
2025-01-22,2025-01-21,6086.37,6055.826158870425,0.0061192005774426406,0.0010881658032891842,0.008729996752231628,0.00035501528998448833,-0.0012238605534160433,HOLD,1.0,1.006899493265368,-0.14850849394270593,-1.5522348088037543,-1.006899493265368,0.0061192005774426406,1.8578549581504404,1.2446050667568587,0.005031034774153457
2025-01-23,2025-01-22,6118.71,6093.491685368934,0.005299445097723066,0.0011694198775818597,0.0061192005774426406,0.0003616736496835985,-0.0012234238895231428,HOLD,1.0,0.7113128910354101,-0.29558660222995803,-0.1470781082872521,-0.7113128910354101,0.005299445097723066,1.8677266927552338,1.251218290707902,0.004130025220141206
2025-01-24,2025-01-23,6101.24,6121.172383080239,-0.0028592607828965555,0.0004023540482485061,0.005299445097723066,0.0003689720948306388,-0.0012229872256302424,HOLD,1.0,0.6147418937112595,-0.09657099732415053,0.1990156049058075,-0.6147418937112595,-0.0028592607828965555,1.8623940024786174,1.2476458410349043,-0.0032616148311450615
2025-01-27,2025-01-24,6012.28,6100.548631287277,-0.014687984883634542,-0.00011332251923943033,-0.0028592607828965555,0.0003743825775013182,-0.0012217944694052842,HOLD,1.0,-0.33120977190927786,-0.9459516656205373,-0.8493806682963868,0.33120977190927786,-0.014687984883634542,1.8352391011043885,1.2294543629061194,-0.014574662364395112
2025-01-28,2025-01-27,6067.7,6020.449842932378,0.009175576254676798,0.0013579369427302417,-0.014687984883634542,0.00037146924067864485,-0.0012200346439312823,HOLD,1.0,-1.6582052778762262,-1.3269955059669483,-0.3810438403464109,1.6582052778762262,0.009175576254676798,1.8521559697437764,1.2407872284400379,0.007817639311946557
2025-01-29,2025-01-28,6039.31,6064.945139953127,-0.004689853570095437,-0.00045412357526968764,0.009175576254676798,0.0003762716410977974,-0.0012182748184572803,HOLD,1.0,1.0278517895753314,2.6860570674515576,4.013052573418506,-1.0278517895753314,-0.004689853570095437,1.8434899664837223,1.2349817421082456,-0.004235729994825749
2025-01-30,2025-01-29,6071.17,6037.445066069289,0.0052615707224354935,-0.000308846860821926,-0.004689853570095437,0.00037396638652665,-0.001216452940896776,HOLD,1.0,-0.5246425330913311,-1.5524943226666625,-4.23855139011822,0.5246425330913311,0.0052615707224354935,1.8532151818364975,1.24149681060176,0.005570417583257419
2025-01-31,2025-01-30,6040.53,6071.737213470518,-0.005059581291424919,9.342300998597025e-05,0.0052615707224354935,0.0003710530497039767,-0.0012146062425016713,HOLD,1.0,0.6128373294321852,1.1374798625235163,2.689974185190179,-0.6128373294321852,-0.005059581291424919,1.8438623695826049,1.2352312205627998,-0.005153004301410889
2025-02-03,2025-01-31,5994.57,6040.339777068688,-0.007637696973120001,-3.149159536314965e-05,-0.005059581291424919,0.00036813971288130436,-0.0012127595441065663,HOLD,1.0,-0.5875260804365309,-1.2003634098687161,-2.3378432723922327,0.5875260804365309,-0.007637696973120001,1.829833151201763,1.2258328355043573,-0.007606205377756851
2025-02-04,2025-02-03,6037.88,6001.141722203068,0.007198897488333245,0.0010956786913037067,-0.007637696973120001,0.00036409359857281416,-0.0012123094971510527,HOLD,1.0,-0.8810273542851907,-0.29350127384865987,0.9068621360200563,0.8810273542851907,0.007198897488333245,1.8430534612120817,1.2346893206410225,0.006103218797029538
2025-02-05,2025-02-04,6061.48,6034.840596252465,0.0039010377290882303,-0.0005035159701605847,0.007198897488333245,0.0003706368587293095,-0.0012120922254354712,HOLD,1.0,0.8388915231715495,1.7199188774567402,2.0134201513054,-0.8388915231715495,0.0039010377290882303,1.8502573244363592,1.2395152973028847,0.004404553699248815
2025-02-06,2025-02-05,6083.57,6056.482692556878,0.003637700027498525,-0.0008247768792816788,0.0039010377290882303,0.0003677235219066362,-0.0012118749537198895,HOLD,1.0,0.4887368780680444,-0.3501546451035051,-2.070073522560245,-0.4887368780680444,0.003637700027498525,1.8570002625136597,1.2440324932546025,0.004462476906780204
2025-02-07,2025-02-06,6025.99,6083.891455602631,-0.00950991348210728,5.283856519762496e-05,0.003637700027498525,0.0003634886113505095,-0.0012117254513375974,HOLD,1.0,0.4581305530321307,-0.030606325035913706,0.3195483200675914,-0.4581305530321307,-0.00950991348210728,1.8394240572401885,1.232257928161804,-0.009562752047304904
2025-02-10,2025-02-07,6066.44,6023.577605527218,0.006690160848149773,-0.00040041179633820115,-0.00950991348210728,0.00035925370079438424,-0.0012115759489553053,HOLD,1.0,-1.1847591376628825,-1.6428896906950132,-1.6122833656590996,1.1847591376628825,0.006690160848149773,1.8517713567072247,1.2405295703640222,0.007090572644487974
2025-02-11,2025-02-10,6068.5,6069.166307121441,0.0003395154850025506,0.00044930712126126516,0.006690160848149773,0.0003554209483018701,-0.0012112391353319273,HOLD,1.0,0.8288704209053608,2.013629558568243,3.6565192492632566,-0.8288704209053608,0.0003395154850025506,1.8524001684971407,1.2409508208692528,-0.00010979163625871459
2025-02-12,2025-02-11,6051.97,6070.510859458841,-0.002727618689451816,0.0003313053263589914,0.0003395154850025506,0.0003628836241282063,-0.0012097784542620326,HOLD,1.0,0.04211662246972024,-0.7867537984356405,-2.8003833570038834,-0.04211662246972024,-0.002727618689451816,1.8473544117557277,1.2375705923005829,-0.0030589240158108077
2025-02-13,2025-02-12,6115.07,6051.919202678185,0.010372377459622939,-8.393553669446756e-06,-0.002727618689451816,0.0003586487135720796,-0.001208317773192138,HOLD,1.0,-0.33797902798559065,-0.3800956504553109,0.4066581479803296,0.33797902798559065,0.010372377459622939,1.8666155884274218,1.250473945154971,0.010380771013292385
2025-02-14,2025-02-13,6114.63,6121.609806491851,-7.195597605580417e-05,0.0010688858772024369,0.010372377459622939,0.00035521811914317896,-0.0012071364655604653,HOLD,1.0,1.2752906584398602,1.613269686425451,1.9933653368807618,-1.2752906584398602,-7.195597605580417e-05,1.8664812791130725,1.2503839693189034,-0.001140841853258241
2025-02-18,2025-02-14,6129.58,6117.273642359197,0.0024419717448793676,0.0004322536340467065,-7.195597605580417e-05,0.0003622786369059031,-0.0012066535915243475,HOLD,1.0,-0.009072638877812374,-1.2843632973176726,-2.8976329837431236,0.009072638877812374,0.0024419717448793676,1.8710447433165875,1.2534411028398715,0.0020097181108326614
2025-02-19,2025-02-18,6144.15,6138.448563277727,0.0023741775065797555,0.001445801136970566,0.0024419717448793676,0.00036938828580530695,-0.0012061707174882295,HOLD,1.0,0.30820450837522234,0.31727714725303474,1.6016404445707073,-0.30820450837522234,0.0023741775065797555,1.8754922131122547,1.2564205299569624,0.0009283763696091895
2025-02-20,2025-02-19,6117.52,6147.349948941784,-0.004343623971148958,0.0005206767322734061,0.0023741775065797555,0.00037479876847598535,-0.0012052958445927684,HOLD,1.0,0.29997157077065384,-0.008232937604568502,-0.32551008485760324,-0.29997157077065384,-0.004343623971148958,1.8673634471096048,1.250974946969445,-0.004864300703422364
2025-02-21,2025-02-20,6013.13,6119.348083856951,-0.01721137399126249,0.000298782966037067,-0.004343623971148958,0.00037716883988903505,-0.001203898306551516,HOLD,1.0,-0.5470307912590863,-0.8470023620297401,-0.8387694244251716,0.5470307912590863,-0.01721137399126249,1.8354985622798408,1.2296281798621622,-0.017510156957299558
2025-02-24,2025-02-21,5983.25,6016.523516206646,-0.004981513054854503,0.0005641918600716093,-0.01721137399126249,0.000376383790946702,-0.001202500768510264,HOLD,1.0,-2.0891825500126884,-1.5421517587536022,-0.6951493967238621,2.0891825500126884,-0.004981513054854503,1.8263777388416453,1.223518002630957,-0.0055457049149261126
2025-02-25,2025-02-24,5955.25,5986.138176202666,-0.004690715138396584,0.0004825937994827844,-0.004981513054854503,0.00037784173898246345,-0.0012010971951339716,HOLD,1.0,-0.603570300885713,1.4856122491269754,3.0277640078805774,0.603570300885713,-0.004690715138396584,1.8178307824738558,1.2177922676084065,-0.0051733089378793685
2025-02-26,2025-02-25,5956.06,5954.60986188512,0.0001360051919139238,-0.00010749717006236753,-0.004690715138396584,0.00037945935833967874,-0.0011996890952563999,HOLD,1.0,-0.5674537835512344,0.036116517334478515,-1.449495731792497,0.5674537835512344,0.0001360051919139238,1.818078033711638,1.2179579049429874,0.00024350236197629132
2025-02-27,2025-02-26,5861.57,5954.364444970968,-0.015991702852089063,-0.0002847178198090074,0.0001360051919139238,0.0003785501205917703,-0.0011982809953788277,HOLD,1.0,0.01652299867669029,0.5839767822279247,0.5478602648934462,-0.01652299867669029,-0.015991702852089063,1.7892351084547713,1.1986355941472493,-0.015706985032280057
2025-02-28,2025-02-27,5954.5,5859.820583352042,0.01572975043189828,-0.0002984998492298144,-0.015991702852089063,0.0003777295891335586,-0.0011968183652438554,HOLD,1.0,-1.8882486795669393,-1.9047716782436297,-2.4887484604715544,1.8882486795669393,0.01572975043189828,1.8176018461425776,1.2176388997060181,0.016028250281128097
2025-03-03,2025-02-28,5849.72,5954.067785870353,-0.01775343937549323,-7.258876761821693e-05,0.01572975043189828,0.00037694454019122556,-0.001195333923005923,HOLD,1.0,1.8103850975623372,3.6986337771292765,5.603405455372906,-1.8103850975623372,-0.01775343937549323,1.7856179144205493,1.1962123812894936,-0.017680850607875012
2025-03-04,2025-03-03,5778.15,5854.466315445963,-0.01231023460336722,0.0008110458221046867,-0.01775343937549323,0.0003761594912488928,-0.0011938494807679906,HOLD,1.0,-1.9790978168565643,-3.7894829144189015,-7.4881166915481785,1.9790978168565643,-0.01231023460336722,1.7637712834475987,1.181576993590784,-0.013121280425471907
2025-03-05,2025-03-04,5842.63,5775.784895396628,0.011097475685101443,-0.00040940245168743925,-0.01231023460336722,0.00037761743928465397,-0.0011930508327736191,HOLD,1.0,-1.3532709381574302,0.6258268786991341,4.415309793118036,1.3532709381574302,0.011097475685101443,1.7834537029688475,1.1947625433855686,0.011506878136788882
2025-03-06,2025-03-05,5738.52,5839.199969094645,-0.017979700568309553,-0.0005872420696074422,0.011097475685101443,0.000376832390342321,-0.001192366483819841,HOLD,1.0,1.208363939715104,2.5616348778725344,1.9358079991734003,-1.208363939715104,-0.017979700568309553,1.7516742877027636,1.1734730336285129,-0.01739245849870211
2025-03-07,2025-03-06,5770.2,5746.126914175992,0.005505404600508967,0.0013247103450821508,-0.017979700568309553,0.00037604734139998794,-0.0011916821348660629,HOLD,1.0,-1.9024476506497487,-3.110811590364853,-5.672446468237387,1.9024476506497487,0.005505404600508967,1.7613445583360314,1.1799512938254537,0.004180694255426816
2025-03-10,2025-03-07,5614.56,5766.042243436752,-0.027343518375984033,-0.0007208164765500362,0.005505404600508967,0.0003775052894357491,-0.0011905591611529487,HOLD,1.0,0.5808985479770818,2.4833461986268306,5.594157788991684,-0.5808985479770818,-0.027343518375984033,1.7138356908688006,1.1481243867215423,-0.026622701899433998
2025-03-11,2025-03-10,5572.07,5630.781425736449,-0.007596604935653062,0.0028850056878807176,-0.027343518375984033,0.00037672024049341634,-0.0011894361874398344,HOLD,1.0,-2.719747941644345,-3.300646489621427,-5.783992688248258,2.719747941644345,-0.007596604935653062,1.70086568458068,1.139435583824822,-0.010481610623533779
2025-03-12,2025-03-11,5599.3,5567.835174337522,0.004874971275235396,-0.0007602983688280113,-0.007596604935653062,0.0003781781885291775,-0.0011882477951715262,HOLD,1.0,-0.7532735520080243,1.9664743896363208,5.267120879257748,0.7532735520080243,0.004874971275235396,1.7091775996483554,1.1450038611342523,0.005635269644063407
2025-03-13,2025-03-12,5521.52,5588.933911467661,-0.013988405225353162,-0.0018530344611252868,0.004874971275235396,0.00037739313958684453,-0.001186666891572054,EXIT,0.0,0.48547473863617707,1.2387482906442013,-0.7277260989921195,-0.48547473863617707,-0.0002,1.6854353758524074,1.144774883260576,-0.012135370764227875
2025-03-14,2025-03-13,5638.94,5521.224972550544,0.02104291988140794,-5.34337160297815e-05,-0.013988405225353162,0.0003766080906445115,-0.0011892757626236752,HOLD,0.0,-1.3767849842513669,-1.862259722887544,-3.1010080135317453,1.3767849842513669,0.0,1.7212776478776077,1.144774883260576,0.021096353597437723
2025-03-17,2025-03-14,5675.12,5627.776611011491,0.006395603934347349,-0.0019816585482925787,0.02104291988140794,0.00037521495945065257,-0.001188021951800173,HOLD,0.0,1.991038828657082,3.3678238129084486,5.230083535795993,-1.991038828657082,0.0,1.7323215364985562,1.144774883260576,0.008377262482639928
2025-03-18,2025-03-17,5614.66,5669.823523847496,-0.010710674253909147,-0.0009337158049610927,0.006395603934347349,0.0003723016226279802,-0.0011902383115206302,HOLD,0.0,0.6036510967646928,-1.3873877318923893,-4.755211544800838,-0.6036510967646928,-0.0,1.7138662157129703,1.144774883260576,-0.009776958448948055
2025-03-19,2025-03-18,5675.29,5618.645800545041,0.010740629118979328,0.0007096398483365613,-0.010710674253909147,0.00036938828580530695,-0.001189115337807516,ENTER,1.0,-1.0046199471358002,-1.6082710439004928,-0.22088331200810352,1.0046199471358002,0.010540629118979327,1.7323734287336487,1.1569053497915103,0.010030989270642766
2025-03-20,2025-03-19,5662.89,5668.69423374282,-0.002187300773803358,-0.0011628660379878549,0.010740629118979328,0.00037479876847598535,-0.0011877961084288198,HOLD,1.0,1.0651400967556452,2.0697600438914456,3.6780310877919384,-1.0651400967556452,-0.002187300773803358,1.7285883480564854,1.1543776152902927,-0.001024434735815503
2025-03-21,2025-03-20,5667.56,5668.004961812193,0.0008243274123156397,0.0009028346263680368,-0.002187300773803358,0.0003718854316533121,-0.001186215204829348,HOLD,1.0,-0.21686772288238768,-1.282007819638033,-3.3517678635294788,0.21686772288238768,0.0008243274123156397,1.730013858279253,1.1553295927193783,-7.850721405239713e-05
2025-03-24,2025-03-21,5767.57,5672.862884377743,0.017492157944607456,0.0009352181692544074,0.0008243274123156397,0.000376383790946702,-0.001184634301229876,HOLD,1.0,0.0826281454924925,0.2994958683748802,1.581503688012913,-0.0826281454924925,0.017492157944607456,1.760541754934342,1.1757165868699246,0.01655693977535305
2025-03-25,2025-03-24,5776.65,5771.09431087369,0.0015730819184724965,0.0006108698352484783,0.017492157944607456,0.00037784173898246345,-0.0011835895774977782,HOLD,1.0,1.7148106942480192,1.6321825487555268,1.3326866803806467,-1.7148106942480192,0.0015730819184724965,1.763313410785038,1.1775675408433963,0.0009622120832240181
2025-03-26,2025-03-25,5712.2,5784.437093442173,-0.01121969145510704,0.0013471215218536332,0.0015730819184724965,0.00037945935833967874,-0.0011829469886662114,HOLD,1.0,0.15588164280389416,-1.558929051444125,-3.191111600199652,-0.15588164280389416,-0.01121969145510704,1.7436401487170432,1.1644294369237633,-0.012566812976960672
2025-03-27,2025-03-26,5693.31,5725.707537879917,-0.003312437106650634,0.002361890776705463,-0.01121969145510704,0.00038132110059036173,-0.0011823043998346445,HOLD,1.0,-1.101962658727516,-1.25784430153141,0.30108474991271494,1.101962658727516,-0.003312437106650634,1.7378740056532014,1.160578718800536,-0.005674327883356097
2025-03-28,2025-03-27,5580.94,5704.089902517093,-0.019934580336265384,0.0018916429753773065,-0.003312437106650634,0.0003841352110804515,-0.001182016239514715,HOLD,1.0,-0.328008674943954,0.773953983783562,2.031798285314972,0.328008674943954,-0.019934580336265384,1.7035732382586195,1.1376721441310356,-0.02182622331164269
2025-03-31,2025-03-28,5611.85,5606.645553361545,0.005523212456949977,0.004595379132585813,-0.019934580336265384,0.0003877024378861451,-0.001181869850599441,HOLD,1.0,-1.931803873364602,-1.6037951984206478,-2.3777491822042096,1.931803873364602,0.005523212456949977,1.7130084675917738,1.14397313392399,0.0009278333243641643
2025-04-01,2025-03-31,5633.07,5630.608721079738,0.0037741531622366153,0.0033371238363139473,0.005523212456949977,0.0003914449396836828,-0.0011817234616841668,HOLD,1.0,0.5340062266284271,2.4658100999930292,4.069605298413677,-0.5340062266284271,0.0037741531622366153,1.7194858395247916,1.1482988215139776,0.000437029325922668
2025-04-02,2025-04-01,5670.97,5645.184596126373,0.006705592339420363,0.0021483112803376003,0.0037741531622366153,0.0003916423690163162,-0.0011787224352662392,HOLD,1.0,0.36437870548509405,-0.16962752114333307,-2.6354376211363624,-0.36437870548509405,0.006705592339420363,1.7310547554654752,1.1560247197072147,0.004557281059082763
2025-04-03,2025-04-02,5396.52,5688.658003208775,-0.04960587756339585,0.003114189566575704,0.006705592339420363,0.00039489886267738366,-0.0011752456359312017,HOLD,1.0,0.6536335461991847,0.28925484071409063,0.4588823618574237,-0.6536335461991847,-0.04960587756339585,1.6472793206390686,1.1000782089121215,-0.05272006712997156
2025-04-04,2025-04-03,5074.08,5459.260050643495,-0.06160907367588031,0.011558957330524963,-0.04960587756339585,0.0004007774114771084,-0.0011717688365961644,HOLD,1.0,-4.1320806023738035,-4.785714148572988,-5.074968989287079,4.1320806023738035,-0.06160907367588031,1.5488550130951584,1.0343489578982041,-0.07316803100640527
2025-04-07,2025-04-04,5062.25,5174.99194159833,-0.002334179209082521,0.01969255426482826,-0.06160907367588031,0.0004018022253785169,-0.0011716168237268698,HOLD,1.0,-4.327103568043562,-0.19502296566975819,4.59069118290323,4.327103568043562,-0.002334179209082521,1.54524392402977,1.0319374176442213,-0.022026733473910782
2025-04-08,2025-04-07,4982.77,5078.68930764675,-0.01582508719681286,0.003242169497005804,-0.002334179209082521,0.00040298507882977817,-0.001171464810857575,HOLD,1.0,-0.1640573739436593,4.163046194099902,4.35806915976966,0.1640573739436593,-0.01582508719681286,1.5209827778829204,1.0157354548896427,-0.019067256693818663
2025-04-09,2025-04-08,5456.9,5016.187095277841,0.09089490164871528,0.006684141031113162,-0.01582508719681286,0.00040435231175586724,-0.0011711022311272567,HOLD,1.0,-1.111906404425792,-0.9478490304821328,-5.110895224582035,1.111906404425792,0.09089490164871528,1.6657102215493211,1.1123866451365994,0.08421076061760212
2025-04-10,2025-04-09,5268.05,5320.278769171727,-0.035220587845119056,-0.025355160748185352,0.09089490164871528,0.0004101379281611492,-0.001169476250230795,EXIT,0.0,4.871107354309567,5.983013758735359,6.930862789217492,-4.871107354309567,-0.0002,1.6080640533330082,1.112164190053822,-0.009865427096933704
2025-04-11,2025-04-10,5363.36,5336.60021302995,0.01793036925211311,0.012928510884744228,-0.035220587845119056,0.00040682433545346933,-0.00117144309473339,ENTER,1.0,-1.8373871672908624,-6.7084945216004295,-12.691508280335789,1.8373871672908624,0.01773036925211311,1.6371572823120732,1.1320591228769232,0.0050018583673688815
2025-04-14,2025-04-11,5405.97,5353.31511432901,0.007913254093152133,-0.0018746278123572867,0.01793036925211311,0.0004129781504820171,-0.001170869948142048,EXIT,0.0,0.935576195730538,2.7729633630214003,9.481457884621829,-0.935576195730538,-0.0002,1.650163918413198,1.1318327336920209,0.00978788190550942
2025-04-15,2025-04-14,5396.63,5388.101692560151,-0.0017292137684190578,-0.003310766181704929,0.007913254093152133,0.0004096645577743383,-0.0011715733914784998,HOLD,0.0,0.4120343946735347,-0.5235418010570032,-3.2965051640784035,-0.4120343946735347,-0.0,1.647312897967656,1.1318327336920209,0.0015815524132858712
2025-04-16,2025-04-15,5275.7,5414.246000376089,-0.02266331270099542,0.0032589433024074106,-0.0017292137684190578,0.0004063509650666584,-0.0011737555790733289,ENTER,1.0,-0.09031796744576563,-0.5023523621193003,0.021189438937702865,0.09031796744576563,-0.022863312700995418,1.6103992039120654,1.1062488683798242,-0.02592225600340283
2025-04-17,2025-04-16,5282.7,5320.76237304924,0.0013259586728278094,0.00850522431149749,-0.02266331270099542,0.00041250478009520616,-0.0011717036882236095,HOLD,1.0,-1.1753084464917722,-1.0849904790460065,-0.5826381169267062,1.1753084464917722,0.0013259586728278094,1.6125359430040112,1.107716681575922,-0.00717926563866968
2025-04-21,2025-04-17,5158.2,5287.498574695799,-0.023849649226388436,0.0009079441585767918,0.0013259586728278094,0.0004150866698627644,-0.0011715516753543148,HOLD,1.0,0.0688545460066702,1.2441629924984425,2.329153471544449,-0.0688545460066702,-0.023849649226388436,1.5745325120115266,1.081610575445307,-0.024757593384965228
2025-04-22,2025-04-21,5287.76,5209.013616191521,0.024807034313980125,0.009802831307504959,-0.023849649226388436,0.0004175642187631036,-0.0011713996624850202,HOLD,1.0,-1.227603978086445,-1.2964585240931152,-2.5406215165915578,1.227603978086445,0.024807034313980125,1.6140805001190466,1.1087777008291018,0.015004203006475167
2025-04-23,2025-04-22,5375.86,5269.84295502355,0.01652384547479535,-0.0033941534368271443,0.024807034313980125,0.00042326589003370335,-0.0011704053821716303,EXIT,0.0,1.2558563987572486,2.4834603768436936,3.779918900936809,-1.2558563987572486,-0.0002,1.6409728878334082,1.1085559674630117,0.019917998911622496
2025-04-24,2025-04-23,5484.77,5369.61928676998,0.02005659908960844,-0.0011615515260204785,0.01652384547479535,0.0004201957593495345,-0.00117152995923013,HOLD,0.0,0.8330900748824127,-0.4227663238748359,-2.9062267007185296,-0.8330900748824127,0.0,1.6742174956196858,1.1085559674630117,0.021218150615628917
2025-04-25,2025-04-24,5525.21,5477.371414381959,0.007346095426564503,-0.0013498433311095205,0.02005659908960844,0.0004171256286653656,-0.001171377946360835,HOLD,0.0,1.0035212616759348,0.1704311867935221,0.593197510668358,-1.0035212616759348,0.0,1.6865617426023047,1.1085559674630117,0.008695938757674023
2025-04-28,2025-04-25,5528.75,5529.299432029502,0.0006404944691347225,0.0007398667921347705,0.007346095426564503,0.0004156675591663265,-0.0011716602559752396,ENTER,1.0,0.3670127173949057,-0.6365085442810291,-0.8069397310745512,-0.3670127173949057,0.00044049446913472254,1.6876423220859462,1.1090443878007366,-9.937232300004796e-05
2025-04-29,2025-04-28,5560.83,5542.269407697701,0.005785627496395662,0.0024423070577257308,0.0006404944691347225,0.0004197571692517955,-0.001171508243105945,HOLD,1.0,0.032027274435039166,-0.33498544295986654,0.30152310132116256,-0.032027274435039166,0.005785627496395662,1.697434692095899,1.1154795031451912,0.0033433204386699314
2025-04-30,2025-04-29,5569.06,5563.913069674032,0.001478900779794401,0.0005542725317168625,0.005785627496395662,0.00042527244501884657,-0.0011713562302366502,HOLD,1.0,0.28906106342298976,0.2570337889879506,0.5920192319478171,-0.28906106342298976,0.001478900779794401,1.6999468867711434,1.1171304071129222,0.0009246282480775385
2025-05-01,2025-04-30,5604.14,5581.975529098351,0.006279331841724911,0.002316472732974636,0.001478900779794401,0.0004285509747433159,-0.001169940816201213,HOLD,1.0,0.07393939945277472,-0.21512166397021504,-0.47215545295816563,-0.07393939945277472,0.006279331841724911,1.710655002106214,1.1241673100519316,0.003962859108750275
2025-05-02,2025-05-01,5686.67,5613.4121121486605,0.014619229243407972,0.0016531439600361167,0.006279331841724911,0.00043038236764738,-0.0011683148353047513,HOLD,1.0,0.314040219643017,0.24010082019024226,0.4552224841604573,-0.314040219643017,0.014619229243407972,1.7358471560002684,1.1407224867781707,0.012966085283371856
2025-05-05,2025-05-02,5650.38,5678.161453084452,-0.0064020400278312906,-0.0014973470641226876,0.014619229243407972,0.0004309733575625256,-0.0011666888544082897,EXIT,0.0,0.7276978710674229,0.4136576514244059,0.17355683123416366,-0.7276978710674229,-0.0002,1.724769690050732,1.140494365093744,-0.004904692963708603
2025-05-06,2025-05-05,5606.91,5669.517001298637,-0.007723033885545405,0.0033811296211761054,-0.0064020400278312906,0.000430655132223601,-0.001169708533216004,ENTER,1.0,-0.3186412847699703,-1.0463391558373931,-1.459996807261799,0.3186412847699703,-0.007923033885545406,1.7115005402897436,1.1314938922019604,-0.01110416350672151
2025-05-07,2025-05-06,5631.28,5628.7918624755,0.004337004125959609,0.003895064217336764,-0.007723033885545405,0.00043135744050778,-0.0011680825523195425,HOLD,1.0,-0.38460316780518095,-0.06596188303521067,0.9803772728021825,0.38460316780518095,0.004337004125959609,1.7189394448141355,1.136411842758142,0.00044193990862284507
2025-05-08,2025-05-07,5663.94,5638.307847367844,0.0057829933406665646,0.001247223656100228,0.004337004125959609,0.00043218962022249747,-0.0011664977135872681,HOLD,1.0,0.216124618992024,0.600727786797205,0.6666896698324156,-0.216124618992024,0.0057829933406665646,1.728908858920277,1.1430027440779986,0.004535769684566336
2025-05-09,2025-05-08,5659.91,5666.77606547861,-0.000711772086374296,0.0005005977594790799,0.0057829933406665646,0.000434946638724257,-0.001165159727840116,HOLD,1.0,0.2879015322984153,0.0717769133063913,-0.5289508734908137,-0.2879015322984153,-0.000711772086374296,1.7276787077001976,1.142189476095174,-0.0012123698458533759
2025-05-12,2025-05-09,5844.19,5670.614019268969,0.032040014309449916,0.0018894134878680107,-0.000711772086374296,0.000437343706535235,-0.0011638217420929637,HOLD,1.0,-0.03543674405239175,-0.32333827635080703,-0.39511518965719833,0.03543674405239175,0.032040014309449916,1.7839298905379095,1.179377819488412,0.030150600821581906
2025-05-13,2025-05-12,5886.55,5810.799308174869,0.0072220821737154495,-0.005729869379962786,0.032040014309449916,0.0004389082080693573,-0.0011627345867911173,EXIT,0.0,1.5639535126588908,1.5993902567112825,1.9227285330620896,-1.5639535126588908,-0.0002,1.7968602145286066,1.1791419675104982,0.012951951553678235
2025-05-14,2025-05-13,5892.58,5884.19950055487,0.0010238448046244741,-0.0003993797465933572,0.0072220821737154495,0.00043806578416636857,-0.001164968587019094,HOLD,0.0,0.35208544798708136,-1.2118680646718094,-2.811258321383092,-0.35208544798708136,0.0,1.7987008626320975,1.1791419675104982,0.0014232245512178312
2025-05-15,2025-05-14,5916.93,5895.762851013031,0.004123800988772075,0.0005399997490063543,0.0010238448046244741,0.00043722336026337955,-0.001163630601271942,ENTER,1.0,0.04992048469080076,-0.3021649632962806,0.9097031013755288,-0.04992048469080076,0.003923800988772075,1.806133662187655,1.18377777497365,0.0035838012397657205
2025-05-16,2025-05-15,5958.38,5909.763138752332,0.0069808987439632375,-0.0012119807355896652,0.004123800988772075,0.0004387878617975019,-0.0011626688611927484,EXIT,0.0,0.20101258245269457,0.1510920977618938,0.4532570610581744,-0.20101258245269457,-0.0002,1.8187862100963983,1.1835410430926325,0.008192879479552903
2025-05-19,2025-05-16,5963.6,5946.038003718658,0.0008756935229854435,-0.0020735160172448562,0.0069808987439632375,0.0004379454378945129,-0.0011647774461980723,HOLD,0.0,0.33999326863886853,0.13898068618617396,-0.01211141157571985,-0.33999326863886853,0.0,1.8203796069621092,1.1835410430926325,0.0029492095402302997
2025-05-20,2025-05-19,5940.46,5964.823830818723,-0.003887754118519382,0.00020519573086509642,0.0008756935229854435,0.0004371030139915238,-0.001167385703363916,HOLD,0.0,0.042895703188658346,-0.29709756545021015,-0.43607825163638414,-0.042895703188658346,-0.0,1.813316158021013,1.1835410430926325,-0.004092949849384479
2025-05-21,2025-05-20,5844.61,5939.735083402381,-0.016266702451147808,-0.00012203782739753273,-0.003887754118519382,0.0004358443069501073,-0.0011659242911242027,HOLD,0.0,-0.19047748333838385,-0.2333731865270422,0.06372437892316796,0.19047748333838385,-0.0,1.7840580948834266,1.1835410430926325,-0.016144664623750273
2025-05-22,2025-05-21,5842.01,5868.241858181031,-0.0004449532958030744,0.0040352068878547025,-0.016266702451147808,0.0004342733875548695,-0.0011645863053770507,ENTER,1.0,-0.7931500079796835,-0.6026725246412996,-0.3692993381142574,0.7931500079796835,-0.0006449532958030744,1.7832644489349883,1.18277796049894,-0.004480160183657777
2025-05-23,2025-05-22,5802.82,5839.014848022338,-0.006730909417987263,-0.0005128235034633814,-0.0004449532958030744,0.0004369826677196684,-0.0011632483196298985,HOLD,1.0,-0.021695611462552035,0.7714543965171314,1.374126921158431,0.021695611462552035,-0.006730909417987263,1.7713017625045024,1.1748435221340698,-0.006218085914523882
2025-05-27,2025-05-23,5921.54,5818.04306010066,0.020252543913121812,0.002619954943058352,-0.006730909417987263,0.0004356198898936445,-0.0011625374099960108,HOLD,1.0,-0.3295644111584135,-0.30786879969586145,-1.079323196212993,0.3295644111584135,0.020252543913121812,1.807540857503924,1.1988796671373205,0.01763258897006346
2025-05-28,2025-05-27,5888.55,5890.799744601137,-0.0055867628115837675,-0.005204781687450863,0.020252543913121812,0.00043770474535080166,-0.001162077330807429,EXIT,0.0,0.9883360224768486,1.3179004336352622,1.6257692333311238,-0.9883360224768486,-0.0002,1.7974707114120179,1.198639915179888,-0.00038198112413290446
2025-05-29,2025-05-28,5912.17,5896.871344992041,0.004003150916718212,0.001412142363227033,-0.0055867628115837675,0.0004368623214478129,-0.0011630571788088767,ENTER,1.0,-0.27421460962181793,-1.2625506320986666,-2.5804510657339286,0.27421460962181793,0.003803150916718212,1.8046806796051322,1.2032072032098617,0.0025910085534911792
2025-05-30,2025-05-29,5911.69,5910.350994778304,-8.119175975807025e-05,-0.0003077186730060523,0.004003150916718212,0.00043842682298193527,-0.001162471684397642,HOLD,1.0,0.19706471942515652,0.47127932904697445,1.733829961145641,-0.19706471942515652,-8.119175975807025e-05,1.8045341603531122,1.2031095166654044,0.00022652691324798207
2025-06-02,2025-05-30,5935.94,5911.339594803094,0.004093651450133962,-5.927502662473352e-05,-8.119175975807025e-05,0.0004375843990789462,-0.0011620116052090603,HOLD,1.0,-0.004006471850961991,-0.2010711912761185,-0.672350520323093,0.004006471850961991,0.004093651450133962,1.8119364350644984,1.2080447222968111,0.004152926476758695
2025-06-03,2025-06-02,5970.37,5934.98773896017,0.005783504036175557,-0.00016043582486760765,0.004093651450133962,0.00043674197517595717,-0.0011615515260204785,HOLD,1.0,0.20336570073338456,0.20737217258434654,0.40844336386046504,-0.20336570073338456,0.005783504036175557,1.822446138912463,1.2150516967252405,0.005943939861043165
2025-06-04,2025-06-03,5970.81,5967.821969878444,7.369455953210036e-05,-0.0004268703613872974,0.005783504036175557,0.00043517105578071933,-0.0011605965849303642,HOLD,1.0,0.28729775571743243,0.08393205498404788,-0.12344011760029866,-0.28729775571743243,7.369455953210036e-05,1.8225804482268133,1.2151412427243253,0.0005005649209193978
2025-06-05,2025-06-04,5939.3,5974.461483985759,-0.005291315280564035,0.0006113689595733125,7.369455953210036e-05,0.000433600136385482,-0.0011596416438402499,HOLD,1.0,0.0037229346108346557,-0.28357482110659776,-0.36750687609064564,-0.0037229346108346557,-0.005291315280564035,1.812962069828633,1.2087285281080085,-0.0059026842401373476
2025-06-06,2025-06-05,6000.36,5952.080917674043,0.01022818611570031,0.0021496111652738155,-0.005291315280564035,0.00043651755811949483,-0.0011585778230170998,HOLD,1.0,-0.26750885768296145,-0.2712317922937961,0.012343028812801637,0.26750885768296145,0.01022818611570031,1.831600539679245,1.2211550706174417,0.008078574950426496
2025-06-09,2025-06-06,6005.88,5989.958645689423,0.0009195219134294774,-0.0017349592161831054,0.01022818611570031,0.00043818613043822405,-0.001156860723795735,EXIT,0.0,0.5163274148567554,0.7838362725397168,1.055068064833513,-0.5163274148567554,-0.0002,1.8332855110774682,1.2209108640247914,0.002654481129612583
2025-06-10,2025-06-09,6038.81,6013.684368523388,0.0054679833266551015,0.0012986110612449896,0.0009195219134294774,0.000437343706535235,-0.0011595052236845192,ENTER,1.0,0.04665349372079937,-0.469673921135956,-1.2535101936756727,-0.04665349372079937,0.005267983326655102,1.8433373422628703,1.227359573032052,0.004169372265410112
2025-06-11,2025-06-10,6022.24,6037.771043953299,-0.002747689533666886,-0.0001720612887842051,0.0054679833266551015,0.0004389082080693573,-0.0011583325231283334,HOLD,1.0,0.27971456715512644,0.23306107343432708,0.7027349945702831,-0.27971456715512644,-0.002747689533666886,1.8382793755837885,1.2239917988968916,-0.002575628244882681
2025-06-12,2025-06-11,6045.26,6031.695592923282,0.0038152107599636054,0.0015688809335140472,-0.002747689533666886,0.00043806578416636857,-0.0011566154239069685,HOLD,1.0,-0.14060124179551511,-0.4203158089506416,-0.6533768823849686,0.14060124179551511,0.0038152107599636054,1.845306194711876,1.228670505027933,0.002246329826449558
2025-06-13,2025-06-12,5976.97,6051.809861820709,-0.01136074330540815,0.001082884125755417,0.0038152107599636054,0.000439601950653324,-0.0011548983246856038,HOLD,1.0,0.19580329029717225,0.3364045320926874,0.756720341043329,-0.19580329029717225,-0.01136074330540815,1.8244607786277272,1.2147908854932314,-0.012443627431163567
2025-06-16,2025-06-13,6033.11,6006.178380467426,0.009348881754855043,0.004874918908518647,-0.01136074330540815,0.0004410743632841538,-0.0011529011286398392,HOLD,1.0,-0.5822738811094921,-0.7780771714066643,-1.1144817034993517,0.5822738811094921,0.009348881754855043,1.8415974261451409,1.226201074989178,0.004473962846336396
2025-06-17,2025-06-16,5982.72,6024.938802089238,-0.008387318295762114,-0.0013553103484087619,0.009348881754855043,0.0004453606360378052,-0.001150530470161542,EXIT,0.0,0.4785157699814067,1.0607896510908987,1.838866822497563,-0.4785157699814067,-0.0002,1.8262159571675407,1.225955859296567,-0.007032007947353352
2025-06-18,2025-06-17,5980.87,6010.619787187431,-0.0003092717177288762,0.004652555169730195,-0.008387318295762114,0.00044259809638138307,-0.0011546530247968374,ENTER,1.0,-0.4284653919275596,-0.9069811619089663,-1.967770812999865,0.4284653919275596,-0.0005092717177288762,1.8256512475503814,1.2253316736037938,-0.004961826887459071
2025-06-20,2025-06-18,5967.84,5981.820707077011,-0.0021809894398643337,0.0001589453580790747,-0.0003092717177288762,0.0004477285271718817,-0.0011525624631429396,HOLD,1.0,-0.01589753245441888,0.41256785947314073,1.319549021382107,0.01589753245441888,-0.0021809894398643337,1.8216738603549425,1.2226621503225554,-0.0023399347979434085
2025-06-23,2025-06-20,6025.17,5981.799063173941,0.009560641855696161,0.0023363165112564297,-0.0021809894398643337,0.00044496598751545956,-0.0011501918046646425,HOLD,1.0,-0.11209312689695353,-0.09619559444253464,-0.5087634539156753,0.11209312689695353,0.009560641855696161,1.839173753517988,1.2344076430096904,0.007224325344439732
2025-06-24,2025-06-23,6092.18,6019.777045244546,0.011060286796933383,-0.0008954717850676122,0.009560641855696161,0.00044956621447430554,-0.001147821146186345,HOLD,1.0,0.492082343187695,0.6041754700846486,0.7003710645271832,-0.492082343187695,0.011060286796933383,1.8596284515967565,1.2481363272058357,0.011955758582000995
2025-06-25,2025-06-24,6092.16,6077.226727429852,-3.2829024796399153e-06,-0.002457519981180531,0.011060286796933383,0.0004473338786495352,-0.0011471007712906083,EXIT,0.0,0.5682188011522307,0.07613645796453566,-0.5280390121201128,-0.5682188011522307,-0.0002,1.8596223466279225,1.2478867249014571,0.002454237078700891
2025-06-26,2025-06-25,6141.02,6091.067458813169,0.00798815349977744,-0.00017935168549608368,-3.2829024796399153e-06,0.00044457133899311304,-0.0011498531391677428,HOLD,0.0,-0.00017037786281282107,-0.5683891790150435,-0.6445256369795791,0.00017037786281282107,0.0,1.8745367854897128,1.2478867249014571,0.008167505185273522
2025-06-27,2025-06-26,6173.07,6136.9183929379105,0.005205430912106124,-0.0006681263716108116,0.00798815349977744,0.0004418087993366918,-0.0011474824806894453,HOLD,0.0,0.4143277061183117,0.41449808398112453,0.982887262996168,-0.4143277061183117,0.0,1.8843199980464116,1.2478867249014571,0.005873557283716935
2025-06-30,2025-06-27,6204.95,6172.676893862165,0.005151077553744443,-6.36828441967422e-05,0.005205430912106124,0.0004407345757539624,-0.001147092162510221,HOLD,0.0,0.2699416676412774,-0.1443860384770343,-0.5588841224581589,-0.2699416676412774,0.0,1.8940513183680214,1.2478867249014571,0.005214760397941185
2025-07-01,2025-06-30,6198.01,6210.3472370382515,-0.0011190878184379471,0.0008694495629391985,0.005151077553744443,0.00043994173818351546,-0.0011470319010475087,ENTER,1.0,0.26720664053970705,-0.002735027101570364,0.14165101137546393,-0.26720664053970705,-0.0013190878184379472,1.891932894182575,1.2462417379035264,-0.0019885373813771454
2025-07-02,2025-07-01,6227.42,6208.585906816703,0.004733849037258153,0.001704884959230568,-0.0011190878184379471,0.0004414141508143453,-0.0011469716395847965,HOLD,1.0,-0.06190399237655615,-0.3291106329162632,-0.3263756058146928,0.06190399237655615,0.004733849037258153,1.9009102508531706,1.2521552439339698,0.003028964078027585
2025-07-03,2025-07-02,6279.35,6234.351827678101,0.008304350113371939,0.001112494834423782,0.004733849037258153,0.000446544581604843,-0.0011467405056530863,HOLD,1.0,0.29562347673692735,0.3575274691134835,0.6866381020297467,-0.29562347673692735,0.008304350113371939,1.9167618024309991,1.2625968749493002,0.007191855278948157
2025-07-07,2025-07-03,6229.98,6283.727029193473,-0.007893349417233964,0.000696808490532215,0.008304350113371939,0.0004500844009003863,-0.0011465093717213759,HOLD,1.0,0.5187859074719235,0.2231624307349962,-0.1343650383784873,-0.5187859074719235,-0.007893349417233964,1.9016916868639393,1.252669986383406,-0.00859015790776618
2025-07-08,2025-07-07,6225.52,6248.290702143015,-0.0007161495228000803,0.00293481616528781,-0.007893349417233964,0.00045176850678514826,-0.0011462173720556388,HOLD,1.0,-0.4971740546993318,-1.0159599621712554,-1.2391223929062516,0.4971740546993318,-0.0007161495228000803,1.900330278813927,1.251773208522278,-0.0036509656880878904
2025-07-09,2025-07-08,6263.26,6227.980336895209,0.0060438433346767795,0.0003951237580857958,-0.0007161495228000803,0.00045732491130560205,-0.0011455601779857413,HOLD,1.0,-0.06504297271534622,0.4321310819839856,1.448091044155241,0.06504297271534622,0.0060438433346767795,1.9118503550039379,1.2593616382260826,0.005648719576590983
2025-07-10,2025-07-09,6280.46,6269.612140146767,0.002742409872004359,0.0010136767725160713,0.0060438433346767795,0.00045415924418914063,-0.001144902983915844,HOLD,1.0,0.6128077494988973,0.6778507222142435,0.24571964023025789,-0.6128077494988973,0.002742409872004359,1.917100628201293,1.2628200640582352,0.0017287330994882875
2025-07-11,2025-07-10,6259.75,6288.4573197387745,-0.0033029779929130143,0.001272555243155484,0.002742409872004359,0.00046003834026256846,-0.0011444124003433958,HOLD,1.0,0.2838140195496218,-0.32899372994927545,-1.006844452163519,-0.2838140195496218,-0.0033029779929130143,1.9107789329735485,1.258655878070801,-0.004575533236068498
2025-07-14,2025-07-11,6268.56,6271.209496260086,0.0014064149836947593,0.0018289899441515912,-0.0033029779929130143,0.00046188371130574874,-0.001144338343014572,HOLD,1.0,-0.341666084081004,-0.6254801036306259,-0.29648637368135045,0.341666084081004,0.0014064149836947593,1.9134681717449853,1.2604273159534332,-0.0004225749604568319
2025-07-15,2025-07-14,6243.76,6281.528663805054,-0.003964098180953002,0.00206670546615537,0.0014064149836947593,0.0004633399539065072,-0.0011442642856857482,HOLD,1.0,0.14570033513048228,0.48736641921148627,1.112846522842112,-0.14570033513048228,-0.003964098180953002,1.9058980103906573,1.2554407484745143,-0.006030803647108372
2025-07-16,2025-07-15,6263.7,6251.748247608352,0.003188499806256573,0.0012785792363624307,-0.003964098180953002,0.00046557081775146415,-0.0011439329321138087,HOLD,1.0,-0.4349691669476023,-0.5806695020780845,-1.068035921289571,0.4349691669476023,0.003188499806256573,1.9119846643182883,1.2594501095845794,0.0019099205698941421
2025-07-17,2025-07-16,6297.36,6272.802781095419,0.005359433132147373,0.0014522044710718073,0.003188499806256573,0.00047205387807939284,-0.0011432585168843813,HOLD,1.0,0.3499402829984754,0.7849094499460777,1.3655789520241624,-0.3499402829984754,0.005359433132147373,1.9222593268661363,1.2662181685095946,0.003907228661075566
2025-07-18,2025-07-17,6296.79,6306.288152574786,-9.051821685268635e-05,0.0014167571103365264,0.005359433132147373,0.000478707875045207,-0.001142584101654954,HOLD,1.0,0.6368798909142597,0.28693960791578427,-0.49796984203029343,-0.6368798909142597,-9.051821685268635e-05,1.9220853352543639,1.2661035578860875,-0.0015072753271892128
2025-07-21,2025-07-18,6305.6,6302.434127101592,0.0013981477220053051,0.0008959484206662713,-9.051821685268635e-05,0.00048167946432100183,-0.0011412406449210683,HOLD,1.0,-0.011402763481291527,-0.6482826543955512,-0.9352222623113355,0.011402763481291527,0.0013981477220053051,1.9247745740258,1.267874995768719,0.0005021993013390339
2025-07-22,2025-07-21,6309.62,6313.191287215572,0.0006373254110627613,0.001203171993032016,0.0013981477220053051,0.000482672798890164,-0.001139395407058839,HOLD,1.0,0.1807271558145695,0.192129919295861,0.8404125736914122,-0.1807271558145695,0.0006373254110627613,1.9260016727614615,1.2686833022713506,-0.0005658465819692547
2025-07-23,2025-07-22,6358.91,6314.552907645984,0.00778152614671157,0.0007815019539314696,0.0006373254110627613,0.00048378447642284184,-0.0011375501691966094,HOLD,1.0,0.08618666227429964,-0.09454049354026986,-0.2866704128361309,-0.08618666227429964,0.00778152614671157,1.9410473684531844,1.2785941051356993,0.007000024192780101
2025-07-24,2025-07-23,6363.35,6364.197306297857,0.00069798922208264,0.0008311344823140453,0.00778152614671157,0.000490382773982175,-0.0011369783974496752,HOLD,1.0,1.0515684568063073,0.9653817945320077,1.0599222880722776,-1.0515684568063073,0.00069798922208264,1.9424026715343643,1.2794868615714425,-0.0001331452602314053
2025-07-25,2025-07-24,6388.64,6368.253976564199,0.003966444948062531,0.0007703627627361901,0.00069798922208264,0.0004959248865898777,-0.0011369160121488596,HOLD,1.0,0.09432665205188137,-0.9572418047544259,-1.9226235992864336,-0.09432665205188137,0.003966444948062531,1.9501224046251255,1.284571953972322,0.0031960821853263405
2025-07-28,2025-07-25,6389.77,6392.42920329703,0.00017686081491241623,0.0005929399720438452,0.003966444948062531,0.0005004396660764491,-0.0011368536268480441,HOLD,1.0,0.5367983293257904,0.442471677273909,1.3997134820283348,-0.5367983293257904,0.00017686081491241623,1.9504673353642532,1.284799164506643,-0.00041607915713142893
2025-07-29,2025-07-28,6370.86,6394.349229451424,-0.002963805680808562,0.0007163934511374901,0.00017686081491241623,0.0005005478352466702,-0.001135122395796767,HOLD,1.0,0.023921186925122604,-0.5128771424006678,-0.9553488196745769,-0.023921186925122604,-0.002963805680808562,1.9446950873315785,1.2809969068039675,-0.0036801991319460525
2025-07-30,2025-07-29,6362.9,6377.8882883759825,-0.0012502200507658046,0.0011025849642684012,-0.002963805680808562,0.0005007266797702455,-0.0011331130237870796,HOLD,1.0,-0.4002297650192159,-0.42415095194433855,0.08872619045632929,0.4002297650192159,-0.0012502200507658046,1.9422653097355942,1.279396379500251,-0.002352805015034206
2025-07-31,2025-07-30,6339.39,6365.700202339651,-0.0037016989606790673,0.00043998591208960637,-0.0012502200507658046,0.0005009661031681245,-0.0011311036517773919,HOLD,1.0,-0.1728424854742697,0.22738727954494622,0.6515382314892848,0.1728424854742697,-0.0037016989606790673,1.9350889188710698,1.2746691939587447,-0.004141684872768674
2025-08-01,2025-07-31,6238.01,6348.633763525209,-0.016121328046944328,0.0014570850958260228,-0.0037016989606790673,0.0005008371828769589,-0.0011294870491067597,HOLD,1.0,-0.5148972181560884,-0.34205473268181863,-0.5694420122267648,0.5148972181560884,-0.016121328046944328,1.904142831850844,1.254284588675975,-0.017578413142770352
2025-08-04,2025-08-01,6329.94,6247.661754519148,0.014629536175940316,0.0015460532090614614,-0.016121328046944328,0.0005032594331976438,-0.001127870446436127,HOLD,1.0,-2.1619469959595095,-1.6470497778034212,-1.3049950451216026,2.1619469959595095,0.014629536175940316,1.9322043210969422,1.2727690704637544,0.013083482966878855
2025-08-05,2025-08-04,6299.19,6332.395681230604,-0.004869703735275621,0.00038787176761266215,0.014629536175940316,0.0005082283149282676,-0.0011262643105030212,HOLD,1.0,1.9166075568901466,4.078554552849656,5.725604330653077,-1.9166075568901466,-0.004869703735275621,1.9228179315144602,1.2665861289324345,-0.0052575755028882835
2025-08-06,2025-08-05,6345.06,6302.961085926152,0.00725550368351513,0.0005984829118459534,-0.004869703735275621,0.0005055527632271622,-0.0011247209749950739,HOLD,1.0,-0.6352197950834354,-2.551827351973582,-6.630381904823238,0.6352197950834354,0.00725550368351513,1.9368196775355464,1.2758092680557391,0.006657020771669176
2025-08-07,2025-08-06,6340.0,6345.725106155971,-0.0007977889372803304,0.00010481718049991351,0.00725550368351513,0.0005099278374702052,-0.0011231776394871264,HOLD,1.0,0.9433285455935949,1.5785483406770302,4.130375692650612,-0.9433285455935949,-0.0007977889372803304,1.935275120420513,1.274791847433026,-0.0009026061177802439
2025-08-08,2025-08-07,6389.45,6340.210056062538,0.007769424248420975,3.313132221441351e-05,-0.0007977889372803304,0.0005078460932566805,-0.001121966280599268,HOLD,1.0,-0.12084356811842834,-1.0641721137120232,-2.6427204543890532,0.12084356811842834,0.007769424248420975,1.950369655862907,1.2847348217004633,0.007736292926206562
2025-08-11,2025-08-08,6373.45,6393.991253577289,-0.002507268470623103,0.0007104900281921226,0.007769424248420975,0.0005051705415555761,-0.001121584863261632,HOLD,1.0,1.1753252732948292,1.2961688414132575,2.360340955125281,-1.1753252732948292,-0.002507268470623103,1.9454856807956002,1.2815176813914844,-0.0032177584988152255
2025-08-12,2025-08-11,6445.76,6380.287479010587,0.01128162608098826,0.0010722315206686068,-0.002507268470623103,0.0005096643772961353,-0.0011212034459239962,HOLD,1.0,-0.3782136576621005,-1.5535389309569296,-2.849707772370187,0.3782136576621005,0.01128162608098826,1.9675581956154113,1.296057144875377,0.010209394560319654
2025-08-13,2025-08-12,6466.58,6453.78343839623,0.0032248249415864905,0.0012439881255084796,0.01128162608098826,0.0005130893595590493,-0.0011199776443832302,HOLD,1.0,1.672792518820407,2.0510061764825074,3.604545107439437,-1.672792518820407,0.0032248249415864905,1.973913468171745,1.3002434487024361,0.001980836816078011
2025-08-14,2025-08-13,6468.54,6473.29856725424,0.0003030509210582011,0.0010384282701044359,0.0032248249415864905,0.0005162611992930694,-0.001117625997238291,HOLD,1.0,0.4806643410198354,-1.1921281778005715,-3.243134354283079,-0.4806643410198354,0.0003030509210582011,1.9745117551174898,1.300637548390286,-0.0007353773490462348
2025-08-15,2025-08-14,6449.8,6473.6119254861505,-0.002901303595573168,0.0007837839912556345,0.0003030509210582011,0.0005189477695701578,-0.0011152743500933522,HOLD,1.0,0.04516263505264505,-0.43550170596719034,0.756626471833381,-0.04516263505264505,-0.002901303595573168,1.968791399319908,1.2968694728033954,-0.0036850875868288026
2025-08-18,2025-08-15,6449.15,6450.586423064141,-0.00010078339718333496,0.00012192240438762452,-0.002901303595573168,0.0005202699175197007,-0.001113695848973768,HOLD,1.0,-0.43313710023757485,-0.4782997352902199,-0.04279802932302956,0.43313710023757485,-0.00010078339718333496,1.968592987832799,1.2967387764783433,-0.00022270580157095947
2025-08-19,2025-08-18,6411.37,6452.27107084872,-0.005875362532782091,0.00048383366335640483,-0.00010078339718333496,0.0005195579917007161,-0.0011126972073732006,HOLD,1.0,-0.01602402017547042,0.4171130800621044,0.8954128153523243,0.01602402017547042,-0.005875362532782091,1.957060701705118,1.2891423039237648,-0.006359196196138496
2025-08-20,2025-08-19,6395.78,6410.784248786498,-0.0024345787627044757,-9.136549171755669e-05,-0.005875362532782091,0.0005188460658817315,-0.0011116985657726331,HOLD,1.0,-0.9239837134719436,-0.9079596932964732,-1.3250727733585776,0.9239837134719436,-0.0024345787627044757,1.9523018784989106,1.2860076028352034,-0.002343213270986919
2025-08-21,2025-08-20,6370.17,6396.412726432458,-0.004012241056242871,9.892384308235035e-05,-0.0024345787627044757,0.0005174519288989741,-0.0011106601907619326,HOLD,1.0,-0.3871975293869898,0.5367861840849538,1.444745877381427,0.3871975293869898,-0.004012241056242871,1.9444844659068021,1.2808581676281436,-0.0041111648993252215
2025-08-22,2025-08-21,6466.91,6372.35168333368,0.015072248733122962,0.00034242568452543627,-0.004012241056242871,0.0005157849074507075,-0.0011096059223871788,HOLD,1.0,-0.6878566106763054,-0.3006590812893156,-0.8374452653742694,0.6878566106763054,0.015072248733122962,1.9740142001575076,1.3003098022213087,0.014729823048597525
2025-08-25,2025-08-22,6439.32,6483.132905840632,-0.00427546108007526,0.002505461093059232,0.015072248733122962,0.0005141178860024414,-0.001108551654012425,HOLD,1.0,2.4991671077183466,3.187023718394652,3.487682799683968,-2.4991671077183466,-0.00427546108007526,1.9655923956508226,1.2947622459010144,-0.006780922173134492
2025-08-26,2025-08-25,6465.94,6442.266167185126,0.004125455473914741,0.0004574230530710513,-0.00427546108007526,0.0005172137829777934,-0.0011075277462863013,HOLD,1.0,-0.7045122306701826,-3.2036793383885294,-6.390703056783181,0.7045122306701826,0.004125455473914741,1.973718109169053,1.3001147630900771,0.0036680324208436896
2025-08-27,2025-08-26,6481.4,6474.571562743472,0.0023881364585491838,0.0013340375272990032,0.004125455473914741,0.0005155467615295267,-0.0011065088986682821,HOLD,1.0,0.6790537617541518,1.3835659924243344,4.587245330812864,-0.6790537617541518,0.0023881364585491838,1.9784372500778384,1.3032233249136282,0.0010540989312501805
2025-08-28,2025-08-27,6501.86,6492.0194275792865,0.0031517534019496196,0.0016371057777544904,0.0023881364585491838,0.0005186426585048787,-0.001105490051050263,HOLD,1.0,0.39363288204166097,-0.2854208797124908,-1.6689868721368253,-0.39363288204166097,0.0031517534019496196,1.9846826331951573,1.3073372430837353,0.0015146476241951292
2025-08-29,2025-08-28,6460.26,6508.889208669723,-0.006418725150927784,0.001080523379689842,0.0031517534019496196,0.0005199648064544214,-0.0011047966572457814,HOLD,1.0,0.5214132728102516,0.12778039076859066,0.41320127048108146,-0.5214132728102516,-0.006418725150927784,1.9719842980201614,1.2989726782803912,-0.007499248530617626
2025-09-02,2025-08-29,6415.54,6461.526034891537,-0.006946392429263426,0.00019595354576671108,-0.006418725150927784,0.0005251613782783115,-0.0011041032634412995,HOLD,1.0,-1.04766037389975,-1.5690736467100017,-1.6968540374785923,1.04766037389975,-0.006946392429263426,1.9583335877070347,1.2899807711167923,-0.007142345975030137
2025-09-03,2025-09-02,6448.26,6418.9898572627335,0.005087154738689037,0.0005375899833006087,-0.006946392429263426,0.0005205750285849798,-0.0011031015750675313,HOLD,1.0,-1.127552219103894,-0.07989184520414394,1.4891818015058578,1.127552219103894,0.005087154738689037,1.9683213167196802,1.2965598230486564,0.004549564755388428
2025-09-04,2025-09-03,6502.08,6458.049471329688,0.008311798740471943,0.001517005806937157,0.005087154738689037,0.0005296460242832152,-0.0011002501192780426,HOLD,1.0,0.838194393358075,1.965746612461969,2.045638457666113,-0.838194393358075,0.008311798740471943,1.984749787852334,1.3073814787629845,0.006794792933534786
2025-09-05,2025-09-04,6481.5,6516.665083142746,-0.0031701606545500027,0.0022406290547260874,0.008311798740471943,0.0005361166600424678,-0.0010973986634885545,HOLD,1.0,1.3541461707522684,0.5159517773941934,-1.4497948350677756,-1.3541461707522684,-0.0031701606545500027,1.9784677749220119,1.3032434320405613,-0.00541078970927609
2025-09-08,2025-09-05,6495.15,6482.117586306777,0.00210377948614493,9.527993295576834e-05,-0.0031701606545500027,0.0005373935401995232,-0.0010951565533500055,HOLD,1.0,-0.5162730539960255,-1.8704192247482938,-2.386371002142487,0.5162730539960255,0.00210377948614493,1.9826344161513065,1.305988054866658,0.0020084995531891615
2025-09-09,2025-09-08,6512.61,6502.353643472118,0.002684552987744837,0.001108465811175608,0.00210377948614493,0.0005367059893457243,-0.001094437807338806,HOLD,1.0,0.3437662817674859,0.8600393357635114,2.7304585605118055,-0.3437662817674859,0.002684552987744837,1.987964053943507,1.3094987592288325,0.0015760871765692292
2025-09-10,2025-09-09,6532.04,6521.788679416025,0.0029790012563317703,0.0014083781168518848,0.002684552987744837,0.000537874659420984,-0.0010937190613276066,HOLD,1.0,0.43911654574854286,0.09535026398105695,-0.7646890717824545,-0.43911654574854286,0.0029790012563317703,1.993895031165867,1.3134055739915482,0.0015706231394798855
2025-09-11,2025-09-10,6587.47,6544.319956969567,0.00845006098923129,0.001878192496976487,0.0029790012563317703,0.0005387998568122034,-0.0010922549553775505,HOLD,1.0,0.5058846911557014,0.06676814540715859,-0.028582118573898363,-0.5058846911557014,0.00845006098923129,2.010814952289669,1.3245509544494678,0.006571868492254803
2025-09-12,2025-09-11,6584.29,6602.571220905059,-0.0004828512001093799,0.0022897923138081055,0.00845006098923129,0.0005393869164241935,-0.001089797036175686,HOLD,1.0,1.4396679876021001,0.9337832964463987,0.8670151510392401,-1.4396679876021001,-0.0004828512001093799,2.009844262245044,1.3239115478130596,-0.0027726435139174854
2025-09-15,2025-09-12,6615.28,6589.016254977068,0.004695616136135783,0.0007175503382940094,-0.0004828512001093799,0.00053979636095497,-0.0010873391169738207,HOLD,1.0,-0.08424290318276323,-1.5239108907848633,-2.457694187231262,0.08424290318276323,0.004695616136135783,2.019303911453533,1.3301427464490125,0.003978065797841774
2025-09-16,2025-09-15,6606.76,6632.097834096709,-0.001288757435196075,0.0025390448347372557,0.004695616136135783,0.0005399518929942639,-0.0010861013521810783,HOLD,1.0,0.8180720126917115,0.9023149158744748,2.426225806659338,-0.8180720126917115,-0.001288757435196075,2.0167031947301934,1.3284296192344824,-0.003827802269933331
2025-09-17,2025-09-16,6600.35,6612.581993030205,-0.0009706893488914403,0.0008808295314086398,-0.001288757435196075,0.0005464225012260836,-0.001085778703195178,HOLD,1.0,-0.22488137315091736,-1.0429533858426288,-1.9452683017171035,0.22488137315091736,-0.0009706893488914403,2.0147465522188517,1.3271407523981962,-0.0018515188803000801
2025-09-18,2025-09-17,6631.96,6596.634107074995,0.004777708522363255,-0.0005631427594452541,-0.0009706893488914403,0.0005546048010714338,-0.0010854560542092777,HOLD,1.0,-0.17190986588173315,0.052971507269184204,1.095924893111813,0.17190986588173315,0.004777708522363255,2.0243954554611996,1.3334966152211227,0.0053408512818085094
2025-09-19,2025-09-18,6664.36,6644.118600853936,0.00487353856235373,0.0018316559608887446,0.004777708522363255,0.0005507043360392355,-0.0010848343157639551,HOLD,1.0,0.8649797224459606,1.0368895883276936,0.9839180810585094,-0.8649797224459606,0.00487353856235373,2.0342855049724973,1.3400113243468061,0.003041882601464985
2025-09-22,2025-09-19,6693.75,6674.7266678316855,0.004400330199851865,0.0015543297943766093,0.00487353856235373,0.0005556016091351472,-0.0010840929415348631,HOLD,1.0,0.8799968582595848,0.015017135813624294,-1.0218724525140694,-0.8799968582595848,0.004400330199851865,2.0432567566742583,1.345920808951863,0.002846000405475256
2025-09-23,2025-09-22,6656.92,6705.696154550191,-0.0055173400928314464,0.0017830823121371979,0.004400330199851865,0.0005576455501339487,-0.0010833515673057711,HOLD,1.0,0.8021059003155625,-0.07789095794402234,-0.09290809375764664,-0.8021059003155625,-0.0055173400928314464,2.032014456566201,1.3385153541031318,-0.0073004224049686445
2025-09-24,2025-09-23,6637.97,6647.997987510034,-0.0028507212670838555,-0.001341160289102776,-0.0055173400928314464,0.0005582997734618108,-0.0010769801444027536,EXIT,0.0,-0.9967122809227568,-1.7988181812383193,-1.720927223294297,0.9967122809227568,-0.0002,2.0262299985958596,1.3382476778008336,-0.0015095609779810794
2025-09-25,2025-09-24,6604.72,6628.477321914489,-0.0050216489054655256,-0.001431080902859035,-0.0028507212670838555,0.0005579474993621927,-0.0010839870309307072,HOLD,0.0,-0.5148922616087371,0.48182001931401963,2.280638200552339,0.5148922616087371,-0.0,2.0160804879091114,1.3382476778008336,-0.0035905680026064903
2025-09-26,2025-09-25,6643.7,6598.718952266055,0.005884492261081675,-0.0009090128971497944,-0.0050216489054655256,0.0005575952252625746,-0.001085363868784735,HOLD,0.0,-0.8989634572669112,-0.38407119565817405,-0.8658912149721937,0.8989634572669112,0.0,2.0279790721668376,1.3382476778008336,0.00679350515823147
2025-09-29,2025-09-26,6661.21,6648.482182901168,0.0026321125222388275,0.0007195482339462408,0.005884492261081675,0.0005564322825215753,-0.0010846224945556431,ENTER,1.0,1.050646851993343,1.9496103092602541,2.3336815049184283,-1.050646851993343,0.0024321125222388274,2.0333239723811225,1.3415064079287167,0.0019125642882925867
2025-09-30,2025-09-29,6688.46,6673.7347084816265,0.004082503589616593,0.001878479804515673,0.0026321125222388275,0.0005578971744908187,-0.001083881120326551,HOLD,1.0,0.4764746368207451,-0.5741722151725979,-2.523782524432852,-0.4764746368207451,0.004082503589616593,2.041641992417631,1.3469943072166932,0.00220402378510092
2025-10-01,2025-09-30,6711.2,6698.0963864880305,0.0033941192284689947,0.001439711285608553,0.004082503589616593,0.0005585513978186809,-0.0010822014046518056,HOLD,1.0,0.7541767376785058,0.2777021008577607,0.8518743160303586,-0.7541767376785058,0.0033941192284689947,2.048583341982039,1.3515739339986574,0.0019544079428604417
2025-10-02,2025-10-01,6715.35,6717.896317863198,0.0006181781816128051,0.0009972850383522943,0.0033941192284689947,0.0005619558051189877,-0.0010748916403031323,HOLD,1.0,0.6268281941279781,-0.12734854355052772,-0.4050506444082884,-0.6268281941279781,0.0006181781816128051,2.0498501230151245,1.3524097058168278,-0.0003791068567394892
2025-10-03,2025-10-02,6715.79,6716.642289629452,6.551938259136136e-05,0.00019241965087123157,0.0006181781816128051,0.0005679977323774402,-0.00106758187595446,HOLD,1.0,0.11493387997972447,-0.5118943141482536,-0.3845457705977259,-0.11493387997972447,6.551938259136136e-05,2.049984432329473,1.352498317768632,-0.0001269002682798702
2025-10-06,2025-10-03,6740.28,6714.111698478871,0.003639996973882731,-0.0002499350430919629,6.551938259136136e-05,0.0005636328463334537,-0.0010619977975791328,HOLD,1.0,0.012186656023849492,-0.10274722395587498,0.4091470901923786,-0.012186656023849492,0.003639996973882731,2.057459966666871,1.3574303784498263,0.003889932016974694
2025-10-07,2025-10-06,6714.59,6745.978031940394,-0.0038186963112334382,0.0008450130890207032,0.003639996973882731,0.0005616762982499102,-0.0010607279341371739,HOLD,1.0,0.6798332233922543,0.6676465673684048,0.7703937913242798,-0.6798332233922543,-0.0038186963112334382,2.0496181341994277,1.3522566488091634,-0.004663709400254142
2025-10-08,2025-10-07,6753.72,6712.826380229241,0.005810693412792389,-0.0002626893709049311,-0.0038186963112334382,0.0005672365579162746,-0.001059458070695215,HOLD,1.0,-0.7079889192120491,-1.3878221426043034,-2.055468709972708,0.7079889192120491,0.005810693412792389,2.061562505723409,1.3601370707958957,0.00607338278369732
2025-10-09,2025-10-08,6735.11,6761.406147918186,-0.0027593218696981836,0.0011374142812582272,0.005810693412792389,0.0005633533394643763,-0.0010581263506086467,HOLD,1.0,1.0791749845683218,1.787163903780371,3.1749860463846744,-1.0791749845683218,-0.0027593218696981836,2.0558818322232475,1.3563891880161079,-0.003896736150956411
2025-10-10,2025-10-09,6552.51,6733.467879781525,-0.027485959970572793,-0.00024384463471471645,-0.0027593218696981836,0.000571803604683271,-0.0010567121549959328,HOLD,1.0,-0.5106164911568728,-1.5897914757251947,-3.376955379505566,0.5106164911568728,-0.027485959970572793,2.000143466767602,1.3196152280166797,-0.027242115335858078
2025-10-13,2025-10-10,6654.72,6543.675694720203,0.01547819498378189,-0.0013491419296786798,-0.027485959970572793,0.0005664753834551075,-0.0010552979593832187,EXIT,0.0,-4.213090812380441,-3.7024743212235687,-2.112682845498374,4.213090812380441,-0.0002,2.0313429099944442,1.3193513313616216,0.01682733691346057
2025-10-14,2025-10-13,6644.31,6657.9863470157115,-0.0015655280311612785,0.0004907112041853094,0.01547819498378189,0.0005630738325952988,-0.0010579243226639732,HOLD,0.0,2.277080821472334,6.490171633852775,10.192645955076344,-2.277080821472334,-0.0,2.0281652737162803,1.3193513313616216,-0.0020562392353465878
2025-10-15,2025-10-14,6671.06,6658.272749651463,0.004017918538789189,0.00209925471495327,-0.0015655280311612785,0.0005611172845117546,-0.0010565101270512594,ENTER,1.0,-0.23006818295989753,-2.5071490044322315,-8.997320638285007,0.23006818295989753,0.003817918538789189,2.0363306695319343,1.324398135281533,0.0019186638238359193
2025-10-16,2025-10-15,6629.07,6674.739732563231,-0.00631424497513855,0.0005514443091034021,0.004017918538789189,0.000565714208993942,-0.0010550959314385453,HOLD,1.0,0.5894284207838162,0.8194966037437137,3.3266456081759452,-0.5894284207838162,-0.00631424497513855,2.02351328746467,1.3160619072007678,-0.006865689284241952
2025-10-17,2025-10-16,6664.01,6648.820041277682,0.005256882598063228,0.002974878656439876,-0.00631424497513855,0.0005627943257262207,-0.0010535675168356481,HOLD,1.0,-0.9259315249159238,-1.51535994569974,-2.3348565494434537,0.9259315249159238,0.005256882598063228,2.0341786680179026,1.3229985066087684,0.0022820039416233525
2025-10-20,2025-10-17,6735.13,6645.599265442454,0.01061570636531961,-0.0027665344538530885,0.005256882598063228,0.0005702812557609382,-0.0010519934146366774,EXIT,0.0,0.7680172925675316,1.6939488174834554,3.2093087631831954,-0.7680172925675316,-0.0002,2.055887937192083,1.322733933365653,0.013382240819172699
2025-10-21,2025-10-20,6735.35,6737.317609287922,3.2664017913575094e-05,0.0003247530620403778,0.01061570636531961,0.0005649530345327766,-0.0010548939034938716,HOLD,0.0,1.527352589372383,0.7593352968048513,-0.934613520678604,-1.527352589372383,0.0,2.055955091849256,1.322733933365653,-0.00029208904412680273
2025-10-22,2025-10-21,6699.4,6737.024462394136,-0.0053518056988171026,0.00024857717656697,3.2664017913575094e-05,0.0005625148188571433,-0.001053342645092938,HOLD,0.0,0.004699406369452493,-1.5226531830029304,-2.2819884798077816,-0.004699406369452493,-0.0,2.0449814103698998,1.322733933365653,-0.005600382875384073
2025-10-23,2025-10-22,6738.44,6699.953904889238,0.005810473980595532,8.26763579030342e-05,-0.0053518056988171026,0.000560558270773599,-0.0010517685428939672,HOLD,0.0,-0.7667546378718635,-0.771454044241316,0.7511991387616144,0.7667546378718635,0.0,2.0568983095341298,1.322733933365653,0.005727797622692498
2025-10-24,2025-10-23,6791.69,6743.428148138175,0.007871361907069385,0.0007399788087197773,0.005810473980595532,0.0005586017226900549,-0.0010501944406949967,ENTER,1.0,0.8296539149628993,1.5964085528347627,2.367862597076079,-0.8296539149628993,0.0076713619070693856,2.0731527890550137,1.332920125102338,0.007131383098349608
2025-10-27,2025-10-24,6875.16,6802.126113216574,0.012215109973364946,0.0015354209855324543,0.007871361907069385,0.0005622353119880652,-0.0010491549853477607,HOLD,1.0,1.119306782702436,0.2896528677395368,-1.3067556850952258,-1.119306782702436,0.012215109973364946,2.098631876484273,1.3493017389336956,0.010679688987832493
2025-10-28,2025-10-27,6890.89,6890.185634131842,0.0022853333884658156,0.0021831111980557824,0.012215109973364946,0.0005687589068386073,-0.0010481155300005247,HOLD,1.0,1.7961883045972136,0.6768815218947775,0.38722865415524066,-1.7961883045972136,0.0022853333884658156,2.1034334344723167,1.3523888694664274,0.00010222219041003313
2025-10-29,2025-10-28,6890.59,6899.362618943861,-4.3536688373535526e-05,0.0012287838727907297,0.0022853333884658156,0.000578654174833767,-0.0010466931684002365,HOLD,1.0,0.3471242753312407,-1.4490640292659729,-2.1259455511607506,-0.3471242753312407,-4.3536688373535526e-05,2.1033418599398064,1.3523299922153273,-0.0012723205611642652
2025-10-30,2025-10-29,6822.34,6892.462834319476,-0.009954191197687479,0.00027175900049355344,-4.3536688373535526e-05,0.0005814992018123135,-0.0010429733692816315,HOLD,1.0,-0.006662251421662783,-0.35378652675290345,1.0952775025130694,0.006662251421662783,-0.009954191197687479,2.0825086537933237,1.3389354175898316,-0.010225950198181032
2025-10-31,2025-10-30,6840.2,6807.887759568323,0.0026144494615607528,-0.0021206169262326076,-0.009954191197687479,0.0005802836211771746,-0.0010392535701630272,EXIT,0.0,-1.4958981109298695,-1.4892358595082067,-1.1354493327553032,1.4958981109298695,-0.0002,2.087960390962207,1.3386676572832368,0.00473506638779336
2025-11-03,2025-10-31,6851.97,6845.390633734042,0.0017192311955085415,0.0007585546173127886,0.0026144494615607528,0.0005778930003725999,-0.00104616176852615,ENTER,1.0,0.3930636785679376,1.888961789497807,3.3781976490060135,-0.3930636785679376,0.0015192311955085414,2.0915531651210943,1.340702948596162,0.0009606765781957529
2025-11-04,2025-11-03,6771.55,6854.347779848366,-0.011806190194192823,0.00034696114746673675,0.0017192311955085415,0.0005813255474358652,-0.001042441969407545,HOLD,1.0,0.2606146399489737,-0.1324490386189639,-2.021410828116771,-0.2606146399489737,-0.011806190194192823,2.06700508543904,1.3249674256551525,-0.01215315134165956
2025-11-05,2025-11-04,6796.29,6768.317643768591,0.0036468630849650907,-0.0004774575908506218,-0.011806190194192823,0.0005801099668007263,-0.0010387221702889407,HOLD,1.0,-1.7385207040836896,-1.9991353440326634,-1.8666863054136995,1.7385207040836896,0.0036468630849650907,2.0745569318868635,1.329808221944142,0.004124320675815712
2025-11-06,2025-11-05,6720.32,6795.00000112755,-0.011241102610423326,-0.0001898272903038303,0.0036468630849650907,0.0005771318259114343,-0.0010363186835699134,HOLD,1.0,0.5471186105484471,2.285639314632137,4.284774658664801,-0.5471186105484471,-0.011241102610423326,2.051367207770404,1.3149434162014348,-0.011051275320119496
2025-11-07,2025-11-06,6728.8,6717.742822041123,0.0012610492171649668,-0.0003835639146211406,-0.011241102610423326,0.000571803604683271,-0.001035670280050324,HOLD,1.0,-1.6437257849983569,-2.190844395546804,-4.476483710178941,1.6437257849983569,0.0012610492171649668,2.0539557145560785,1.3166026705478642,0.0016446131317861073
2025-11-10,2025-11-07,6832.43,6729.493627892476,0.015283571949666452,0.00010307813341984374,0.0012610492171649668,0.0005664753834551075,-0.0010350218765307342,HOLD,1.0,0.18438793535859296,1.8281137203569497,4.018958115903754,-0.18438793535859296,0.015283571949666452,2.0855886105701456,1.3368796195950763,0.015180493816246608
2025-11-11,2025-11-10,6846.61,6845.56984795203,0.002073245648702482,0.0019213119081991975,0.015283571949666452,0.0005630738325952988,-0.0010345144887657235,HOLD,1.0,2.1594555989091218,1.9750676635505289,0.14695394319357913,-2.1594555989091218,0.002073245648702482,2.0899170334735464,1.3396541746224764,0.0001519337405032845
2025-11-12,2025-11-11,6850.92,6851.573535603887,0.0006293105606971494,0.0007246998564764097,0.002073245648702482,0.0005710424302221055,-0.001034112862816647,HOLD,1.0,0.2929326293556888,-1.8665229695534329,-3.8415906331039618,-0.2929326293556888,0.0006293105606971494,2.0912326542573,1.3404974984707183,-9.538929577926033e-05
2025-11-13,2025-11-12,6737.49,6854.576800310453,-0.016695497821197947,0.0005336253695151566,0.0006293105606971494,0.0005797626580478294,-0.0010337112368675704,HOLD,1.0,0.08964426494337474,-0.20328836441231407,1.6632346051411189,-0.08964426494337474,-0.016695497821197947,2.05660832351451,1.318303014919381,-0.017229123190713104
2025-11-14,2025-11-13,6734.11,6738.354517827436,-0.0005017963821565274,0.00012830629315718008,-0.016695497821197947,0.0005756094769891017,-0.0010308933024769725,HOLD,1.0,-2.263968012069121,-2.3536122770124956,-2.1503239126001814,2.263968012069121,-0.0005017963821565274,2.0555765837815394,1.3176416611822421,-0.0006301026753137075
2025-11-17,2025-11-14,6672.41,6735.334679003046,-0.009204541614053596,0.00018184550820130898,-0.0005017963821565274,0.0005702812557609382,-0.001027108844709765,HOLD,1.0,-0.06828135959081062,2.1956866524783103,4.549298929490806,0.06828135959081062,-0.009204541614053596,2.0367427549282366,1.3055690204776889,-0.009386387122254905
2025-11-18,2025-11-17,6617.32,6682.353472488162,-0.00829065986303057,0.0014891277327551348,-0.009204541614053596,0.0005649530345327766,-0.0010233243869425571,HOLD,1.0,-1.274136111280434,-1.2058547516896232,-3.4015414041679337,1.274136111280434,-0.00829065986303057,2.019926618274614,1.2947897372294896,-0.009779787595785704
2025-11-19,2025-11-18,6642.16,6625.063632542633,0.003746757649478738,0.0011695225935363675,-0.00829065986303057,0.0005748483025279363,-0.0010226509929928162,HOLD,1.0,-1.1376315763608202,0.13650453491961367,1.3423592866092369,1.1376315763608202,0.003746757649478738,2.0275089895666096,1.2996501001970935,0.0025772350559423703
2025-11-20,2025-11-19,6538.76,6645.0437826049765,-0.01568966674838812,0.00043406915366682767,0.003746757649478738,0.0005806309299300715,-0.0010224961096793196,HOLD,1.0,0.514340977593197,1.651972553954017,1.5154680190344034,-0.514340977593197,-0.01568966674838812,1.9959463006941371,1.279418154510694,-0.016123735902054948
2025-11-21,2025-11-20,6602.99,6543.883654497273,0.009775031702355719,0.0007832751383497368,-0.01568966674838812,0.0005794153492949325,-0.001022341226365823,HOLD,1.0,-2.0722832333554875,-2.5866242109486843,-4.238596764902701,2.0722832333554875,0.009775031702355719,2.015552408104957,1.2919858321841693,0.008991756564005983
2025-11-24,2025-11-21,6705.12,6595.396059083654,0.015348836917048914,-0.0011507379342202914,0.009775031702355719,0.0005816728561887617,-0.0010215951175311835,EXIT,0.0,1.275535412070716,3.3478186454262033,5.934442856374888,-1.275535412070716,-0.0002,2.046727431456463,1.2917274608557265,0.016499574851269204
2025-11-25,2025-11-24,6765.88,6705.479036401216,0.009020920798512577,5.354516980602314e-05,0.015348836917048914,0.0005804572755536231,-0.001022473983491677,HOLD,0.0,1.9540397870811104,0.6785043750103943,-2.669314270415809,-1.9540397870811104,0.0,2.0652743267745635,1.2917274608557265,0.008967375628706553
2025-11-26,2025-11-25,6812.61,6762.71212509549,0.006882972184270031,-0.00046832293162770247,0.009020920798512577,0.000578654174833767,-0.001022234639389446,HOLD,0.0,1.147012482805251,-0.8070273042758593,-1.4855316792862536,-1.147012482805251,0.0,2.0795385864555183,1.2917274608557265,0.007351295115897733
2025-11-28,2025-11-26,6849.09,6812.02657067017,0.0053404900859028714,-8.564328702059202e-05,0.006882972184270031,0.0005733259536056036,-0.0010214885305548066,HOLD,0.0,0.8729904595687082,-0.2740220232365428,0.5330052810393165,-0.8729904595687082,0.0,2.0906740496089773,1.2917274608557265,0.0054261333729234635
2025-12-01,2025-11-28,6812.63,6850.4190030412965,-0.00533755435779959,0.00019402199672567943,0.0053404900859028714,0.0005679977323774402,-0.001020742421720167,HOLD,0.0,0.6806327113644428,-0.19235774820426543,0.08166427503227736,-0.6806327113644428,-0.0,2.0795446914243496,1.2917274608557265,-0.005531576354525269
2025-12-02,2025-12-01,6829.37,6816.027086998895,0.0024541868350880236,0.0004985211745464397,-0.00533755435779959,0.0005636328463334537,-0.001020079038065678,HOLD,0.0,-0.6781969036052221,-1.358829614969665,-1.1664718667653995,0.6781969036052221,0.0,2.0846545503385214,1.2917274608557265,0.0019556656605415838
2025-12-03,2025-12-02,6849.72,6829.45069507072,0.0029753463150949955,1.1815818147545515e-05,0.0024541868350880236,0.0005616762982499102,-0.0010196224673615641,HOLD,0.0,0.31178909634635116,0.9899859999515732,2.3488156149212385,-0.31178909634635116,0.0,2.0908663561272527,1.2917274608557265,0.00296353049694745
2025-12-04,2025-12-03,6857.12,6853.692338235479,0.0010797529874064793,0.0005797590043555264,0.0029753463150949955,0.0005597197501663661,-0.0010191658966574504,ENTER,1.0,0.37793928840829155,0.0661501920619404,-0.9238358078896328,-0.37793928840829155,0.0008797529874064793,2.093125194595882,1.292864361971079,0.0004999939830509529
2025-12-05,2025-12-04,6870.4,6859.8884770234845,0.001934800188635677,0.00040365609829768066,0.0010797529874064793,0.0005633533394643763,-0.0010188436065294312,HOLD,1.0,0.13723999955997707,-0.24069928884831449,-0.3068494809102549,-0.13723999955997707,0.001934800188635677,2.0971788939017464,1.2953682176316146,0.0015311440903379963
2025-12-08,2025-12-05,6846.51,6873.522652753327,-0.003483295312932455,0.0004544048865747698,0.001934800188635677,0.0005613967913808321,-0.001018700357169538,HOLD,1.0,0.2478893118370657,0.11064931227708863,0.3513486011254031,-0.2478893118370657,-0.003483295312932455,2.0898865086293754,1.2908639170495217,-0.003937700199507225
2025-12-09,2025-12-08,6840.51,6853.203042080633,-0.0008767431309877338,0.0009771069791875966,-0.003483295312932455,0.0005594402432972879,-0.001018557107809645,HOLD,1.0,-0.44529736095519057,-0.6931866727922562,-0.8038359850693448,0.44529736095519057,-0.0008767431309877338,2.088055017979133,1.289732656961929,-0.0018538501101753304
2025-12-10,2025-12-09,6886.68,6842.783234547077,0.006726820871525874,0.00033226424794457137,-0.0008767431309877338,0.0005630738325952988,-0.0010178761614995345,HOLD,1.0,-0.1123074970614175,0.33298986389377305,1.0261765366860294,0.1123074970614175,0.006726820871525874,2.1021483385327313,1.2984377033359464,0.006394556623581302
2025-12-11,2025-12-10,6901.0,6887.437471857879,0.0020772175085355116,0.00010998481175873812,0.006726820871525874,0.0005611172845117546,-0.001016791942476761,HOLD,1.0,0.857685618740468,0.9699931158018855,0.6370032519081125,-0.857685618740468,0.0020772175085355116,2.1065194962179743,1.3011376440783335,0.0019672326967767736
2025-12-12,2025-12-11,6827.41,6898.557425898321,-0.010720936344245757,-0.00035400760354888734,0.0020772175085355116,0.0005591607364282105,-0.0010157077234539873,HOLD,1.0,0.2648865855848589,-0.5927990331556091,-1.5627921489574947,-0.2648865855848589,-0.010720936344245757,2.084056263392778,1.2872627391040221,-0.01036692874069687
2025-12-15,2025-12-12,6816.51,6824.400125031028,-0.0015977816227152886,-0.00044094885442653076,-0.010720936344245757,0.0005583500983331848,-0.0010150808271245605,HOLD,1.0,-1.346666421088376,-1.611553006673235,-1.0187539735176259,1.346666421088376,-0.0015977816227152886,2.080729055378172,1.2852076166115622,-0.0011568327682887577
2025-12-16,2025-12-15,6800.26,6819.799909781315,-0.0023867639262764584,0.00048252201173372867,-0.0015977816227152886,0.0005579978242335667,-0.0010146368598724725,HOLD,1.0,-0.20111957742753309,1.145546843660843,2.757099850334078,0.20111957742753309,-0.0023867639262764584,2.0757687682004384,1.2821437872076682,-0.002869285938010187
2025-12-17,2025-12-16,6721.43,6800.313171708704,-0.011659917229323469,7.819039393891633e-06,-0.0023867639262764584,0.0005576455501339487,-0.0010141928926203842,HOLD,1.0,-0.3008091022560108,-0.09968952482847773,-1.2452363684893206,0.3008091022560108,-0.011659917229323469,2.051706033540701,1.2672809150901945,-0.01166773626871736
2025-12-18,2025-12-17,6774.76,6721.218571804886,0.007903012268158705,-3.1456330053222944e-05,-0.011659917229323469,0.0005565984171988611,-0.0010138338571745618,HOLD,1.0,-1.4485939029920825,-1.1477848007360716,-1.0480952759075939,1.4485939029920825,0.007903012268158705,2.067984932936917,1.2773359318354036,0.007934468598211928
2025-12-19,2025-12-18,6834.5,6778.729080346602,0.00877937282650798,0.0005856913207417068,0.007903012268158705,0.0005554354744578617,-0.0010134889770297834,HOLD,1.0,0.9756206035360181,2.4242145065281004,3.5719993072641723,-0.9756206035360181,0.00877937282650798,2.0862204748444784,1.2885995114408593,0.008193681505766274
2025-12-22,2025-12-19,6878.49,6835.800702847393,0.0064158365019491015,0.00019029615801312814,0.00877937282650798,0.0005575952252625746,-0.0010131440968850051,HOLD,1.0,1.0783468669008607,0.10272626336484258,-2.321488243163258,-1.0783468669008607,0.0064158365019491015,2.0996483537951534,1.2968935333163838,0.006225540343935973
2025-12-23,2025-12-22,6909.79,6885.047812982714,0.004540095467190142,0.000952925558539733,0.0064158365019491015,0.0005564322825215753,-0.0010126496577398236,HOLD,1.0,0.7874437148935085,-0.2909031520073522,-0.39362941537219476,-0.7874437148935085,0.004540095467190142,2.109202630020576,1.3027949401066552,0.0035871699086504087
2025-12-24,2025-12-23,6932.05,6919.097611036506,0.0032163381731979968,0.0013461115172475214,0.004540095467190142,0.0005578971744908187,-0.0010121552185946422,HOLD,1.0,0.5564155724508847,-0.23102814244262382,0.059875009564728354,-0.5564155724508847,0.0032163381731979968,2.1159974603329643,1.3069919150316185,0.0018702266559504754
2025-12-26,2025-12-24,6929.94,6936.309668351599,-0.0003044295972358668,0.0006143002615188874,0.0032163381731979968,0.0005585513978186809,-0.001011717627644758,HOLD,1.0,0.39444630257126523,-0.16196926987961946,0.06905887256300436,-0.39444630257126523,-0.0003044295972358668,2.115353386120964,1.3065940885674825,-0.0009187298587547542
2025-12-29,2025-12-26,6905.74,6934.613070020559,-0.003498205318253511,0.0006741032579870556,-0.0003044295972358668,0.0005619558051189877,-0.0010116211258666588,HOLD,1.0,-0.03736925889391027,-0.4318155614651755,-0.26984629158555606,0.03736925889391027,-0.003498205318253511,2.1079663738316636,1.3020313395475307,-0.004172308576240567
2025-12-30,2025-12-29,6896.24,6911.165839739829,-0.00137661429740632,0.0007853914735568674,-0.003498205318253511,0.0005679977323774402,-0.0010115246240885595,HOLD,1.0,-0.4285375183278444,-0.3911682594339342,0.04064730203124134,0.4285375183278444,-0.00137661429740632,2.105066513635451,1.3002401777421777,-0.0021620057709631872
2025-12-31,2025-12-30,6845.5,6900.255176891621,-0.007384833448339734,0.0005820575375846574,-0.00137661429740632,0.0005778930003725999,-0.001011242243746386,HOLD,1.0,-0.16856956201655365,0.25996795631129077,0.651136215745225,0.16856956201655365,-0.007384833448339734,2.089578207703249,1.290673488268109,-0.007966890985924392
2026-01-02,2025-12-31,6858.47,6848.202297005778,0.0018928827007993476,0.0003946773461619086,-0.007384833448339734,0.0005796043595782592,-0.0010104951669940273,HOLD,1.0,-0.8987106425154832,-0.7301410804989295,-0.9901090368102202,0.8987106425154832,0.0018928827007993476,2.093537279992187,1.2931188954907875,0.001498205354637439
2026-01-05,2026-01-02,6902.05,6861.498659062063,0.006334084134120843,0.0004414965057895004,0.0018928827007993476,0.0005794840803070513,-0.0010097480902416687,HOLD,1.0,0.23077792547317824,1.1294885679886615,1.859629648487591,-0.23077792547317824,0.006334084134120843,2.106840007081765,1.3013356145936612,0.005892587628331343
2026-01-06,2026-01-05,6944.82,6916.177038855806,0.006177589017273277,0.002044697013289075,0.006334084134120843,0.0005771318259114343,-0.001008819720031757,HOLD,1.0,0.7716624701523117,0.5408845446791335,-0.588604023309528,-0.7716624701523117,0.006177589017273277,2.1198954829335617,1.309399613584711,0.004132892003984203
2026-01-07,2026-01-06,6920.93,6953.403840365216,-0.003445904280642509,0.0012352429425893088,0.006177589017273277,0.0005795871768252295,-0.0010076496252117751,HOLD,1.0,0.7504532128470669,-0.02120925730524481,-0.5620938019843783,-0.7504532128470669,-0.003445904280642509,2.112603097661189,1.304895313002617,-0.004681147223231818
2026-01-08,2026-01-07,6921.46,6924.838518203747,7.657637160285446e-05,0.0005645794673553476,-0.003445904280642509,0.000580103784339896,-0.0010064795303917932,HOLD,1.0,-0.4664318667633995,-1.2168850796104664,-1.1956758223052217,0.4664318667633995,7.657637160285446e-05,2.1127648793352924,1.3049952409770205,-0.00048800309575249316
2026-01-09,2026-01-08,6966.28,6926.068441131973,0.006454636335169184,0.0006655976655618003,7.657637160285446e-05,0.0005796902733434076,-0.0010058538454015677,HOLD,1.0,0.010730408722397038,0.47716227548579654,1.694047355096263,-0.010730408722397038,0.006454636335169184,2.1264461144925857,1.3134457538313293,0.005789038669607383
2026-01-12,2026-01-09,6977.27,6972.958091406524,0.0015763564193846946,0.0009581717269850513,0.006454636335169184,0.0005807933443086354,-0.00100563646778366,HOLD,1.0,0.9003376565198912,0.8896072477974941,0.4124449723116976,-0.9003376565198912,0.0015763564193846946,2.1298007948669433,1.3155178452251017,0.0006181846923996433
2026-01-13,2026-01-12,6963.74,6987.501965956537,-0.001941036445421318,0.0014653970451476235,0.0015763564193846946,0.0005821406275085818,-0.001005419090165752,HOLD,1.0,0.22024124105314957,-0.6800964154667416,-1.5697036632642356,-0.22024124105314957,-0.001941036445421318,2.1256707834506523,1.3129668537275831,-0.0034064334905689417
2026-01-14,2026-01-13,6926.6,6972.061244781949,-0.005347614026380398,0.0011942256673655124,-0.001941036445421318,0.0005826807120140899,-0.0010046398931428003,HOLD,1.0,-0.2731408759493364,-0.49338211700248596,0.18671429846425563,0.2731408759493364,-0.005347614026380398,2.1143338563256657,1.305964353785391,-0.00654183969374591
2026-01-15,2026-01-14,6944.47,6931.685007281191,0.002576587081787096,0.0007338581226649526,-0.005347614026380398,0.0005837062010673325,-0.0010036359683578302,HOLD,1.0,-0.7504366301374984,-0.477295754188162,0.016086362814323962,0.7504366301374984,0.002576587081787096,2.119788645978965,1.3093336234129354,0.0018427289591221435
2026-01-16,2026-01-15,6940.01,6946.677023151193,-0.0006424439595011933,0.0003177596732775016,0.002576587081787096,0.0005849707710979418,-0.0010026320435728602,HOLD,1.0,0.36756039537436325,1.1179970255118616,1.5952927797000236,-0.36756039537436325,-0.0006424439595011933,2.118427237928951,1.3084927200811574,-0.0009602036327786949
2026-01-20,2026-01-16,6796.86,6945.493374672574,-0.020842474609839456,0.0007897985128304209,-0.0006424439595011933,0.0005843195242499066,-0.000996510886506405,HOLD,1.0,-0.09162991769031273,-0.45919031306467595,-1.5771873385765376,0.09162991769031273,-0.020842474609839456,2.074730923498637,1.2815027398247003,-0.021632273122669878
2026-01-21,2026-01-20,6875.62,6806.653653189518,0.011521080474656387,0.0014398713643020066,-0.020842474609839456,0.0005851983130907097,-0.0009895368573930345,HOLD,1.0,-2.7794961342156914,-2.6878662165253786,-2.2286759034607027,2.7794961342156914,0.011521080474656387,2.098772290767458,1.2963524139078209,0.010081209110354379
2026-01-22,2026-01-21,6913.35,6872.147802913099,0.00547250362606988,-0.0005051288631735006,0.011521080474656387,0.0005856913207417068,-0.0009825628282796649,HOLD,1.0,1.5147324120103012,4.294228546225993,6.982094762751371,-1.5147324120103012,0.00547250362606988,2.1102893144730515,1.3034661544252926,0.00597763248924338
2026-01-23,2026-01-22,6915.61,6918.67478316101,0.00032685032281776216,0.0007699210357874922,0.00547250362606988,0.0005854258550834775,-0.0009816514402045716,HOLD,1.0,0.7227323837698134,-0.7920000282404878,-5.086228574466481,-0.7227323837698134,0.00032685032281776216,2.1109791759513077,1.3038922623916183,-0.0004430707129697301
2026-01-26,2026-01-23,6950.23,6924.788014938432,0.004993577300732355,0.0013262647900520504,0.00032685032281776216,0.0005876097189424372,-0.0009807400521294795,HOLD,1.0,0.04411790905608837,-0.678614474713725,0.11338555352676272,-0.04411790905608837,0.004993577300732355,2.1215468770031936,1.310419633097022,0.0036673125106803043
2026-01-27,2026-01-26,6978.6,6961.408728410101,0.004073571036609991,0.0016071048183983565,0.004993577300732355,0.0005917662483773519,-0.0009794547687519317,HOLD,1.0,0.6720527551676271,0.6279348461115387,1.3065493208252636,-0.6720527551676271,0.004073571036609991,2.1302067752944147,1.3157686078778523,0.002466466218211634
2026-01-28,2026-01-27,6978.03,6990.309237235129,-8.168160943178293e-05,0.0016764716240510052,0.004073571036609991,0.0005925983757906298,-0.0009759261135596472,HOLD,1.0,0.5469661084961182,-0.12508664667150893,-0.7530214927830476,-0.5469661084961182,-8.168160943178293e-05,2.1300327836826405,1.3156611381695302,-0.0017581532334827882
2026-01-29,2026-01-28,6969.01,6984.496384692546,-0.0012934646000264394,0.0009262485852056073,-8.168160943178293e-05,0.0005933377513379154,-0.0009723974583673632,HOLD,1.0,-0.011147633549287484,-0.5581137420454056,-0.4330270953738967,0.011147633549287484,-0.0012934646000264394,2.127279442738446,1.3139604771711841,-0.0022197131852320466
2026-01-30,2026-01-29,6939.03,6979.077200501031,-0.0043111820838497295,0.0014435244208692933,-0.0012934646000264394,0.0005943719775024978,-0.0009696777855762838,HOLD,1.0,-0.17659680865285557,-0.16544917510356807,0.3926645669418376,0.17659680865285557,-0.0043111820838497295,2.11812809445608,1.308307947600185,-0.005754706504719023
2026-02-02,2026-01-30,6976.44,6945.738432454681,0.005376762714528027,0.0009663010239325868,-0.0043111820838497295,0.0005967045916643312,-0.0009689805687882185,HOLD,1.0,-0.5868680066028288,-0.41027119794997324,-0.24482202284640517,0.5868680066028288,0.005376762714528027,2.1295474386603286,1.3153613542463196,0.00441046169059544
2026-02-03,2026-02-02,6917.81,6982.74936797199,-0.008439512459453624,0.0009039734665564705,0.005376762714528027,0.0005987938279365134,-0.0009682833520001532,HOLD,1.0,0.746437887764425,1.3333058943672538,1.743577092317227,-0.746437887764425,-0.008439512459453624,2.1116507225230627,1.3043070577570688,-0.009343485926010095
2026-02-04,2026-02-03,6882.72,6925.988495469953,-0.005085322899976319,0.0011815393620593331,-0.008439512459453624,0.0005998043052308333,-0.0009675645554664112,HOLD,1.0,-1.1589219395725736,-1.9053598273369987,-3.2386657217042525,1.1589219395725736,-0.005085322899976319,2.100939554703575,1.2976910716781371,-0.006266862262035652
2026-02-05,2026-02-04,6798.4,6887.186317428766,-0.012326632274291427,0.0006487070401836424,-0.005085322899976319,0.0006050785430256201,-0.0009668169859384338,HOLD,1.0,-0.7103153501823369,0.4486065893902367,2.3539664167272356,0.7103153501823369,-0.012326632274291427,2.0752010060988657,1.281793096580516,-0.01297533931447507
2026-02-06,2026-02-05,6932.3,6809.741087795673,0.019504358091879226,0.0016668096469907696,-0.012326632274291427,0.0006102321299768857,-0.0009660694164104562,HOLD,1.0,-1.6784625418367791,-0.9681471916544422,-1.4167537810446789,1.6784625418367791,0.019504358091879226,2.1160737724433942,1.3070390508686034,0.017837548444888458
2026-02-09,2026-02-06,6964.82,6935.1286949703,0.004680114924299872,0.0004079624379909141,0.019504358091879226,0.0006107197869492802,-0.0009656504095929499,HOLD,1.0,2.5972707096624723,4.275733251499251,5.243880443153694,-2.5972707096624723,0.004680114924299872,2.126000451767695,1.3131704805433493,0.004272152486308958
2026-02-10,2026-02-09,6941.81,6979.2994140072415,-0.003309215963660961,0.002076777856168712,0.004680114924299872,0.0006104572024256832,-0.0009654778248082974,HOLD,1.0,0.6217064259547227,-1.9755642837077496,-6.2512975352070015,-0.6217064259547227,-0.003309215963660961,2.1189766851240246,1.308832098107436,-0.005385993819829673
2026-02-11,2026-02-10,6941.47,6948.190576166663,-4.897978000428793e-05,0.0009187294961544553,-0.003309215963660961,0.0006109197476809618,-0.0009653052400236447,HOLD,1.0,-0.4387739113071827,-1.0604803372619054,0.9150839464458442,0.4387739113071827,-4.897978000428793e-05,2.118872900653844,1.308767993369139,-0.0009677092761587432
2026-02-12,2026-02-11,6832.76,6947.414737745988,-0.015784876133702497,0.0008560425435543569,-4.897978000428793e-05,0.000611244178492104,-0.0009626771079847482,HOLD,1.0,-0.00679524085885301,0.43197867044832966,1.492459007710235,0.00679524085885301,-0.015784876133702497,2.085689342555907,1.288271446015457,-0.016640918677256852
2026-02-13,2026-02-12,6836.17,6842.8478806879,0.0004989417709708732,0.0014753102905017148,-0.015784876133702497,0.0006125414803515424,-0.0009590667570441533,HOLD,1.0,-2.102502610265416,-2.0957073694065627,-2.5276860398548924,2.102502610265416,0.0004989417709708732,2.0867302397421263,1.2889143788319042,-0.0009763685195308416
2026-02-17,2026-02-13,6843.22,6841.610852860795,0.0010307478073485754,0.0007955754235724479,0.0004989417709708732,0.0006145776154824408,-0.0009554564061035584,HOLD,1.0,0.06738343426158662,2.1698860445270025,4.265593413933566,-0.06738343426158662,0.0010307478073485754,2.088882241256158,1.2902436094348242,0.00023517238377612749
2026-02-18,2026-02-17,6881.31,6850.676075363298,0.005550659701347271,0.0010889634416784157,0.0010307478073485754,0.0006181832170086292,-0.0009510624099383591,HOLD,1.0,0.14088454978187404,0.07350111552028742,-2.096384929006715,-0.14088454978187404,0.005550659701347271,2.1005091544007675,1.2974252255575525,0.004461696259668855
2026-02-19,2026-02-18,6861.89,6892.189119895139,-0.0028261268009792673,0.0015797179878328928,0.005550659701347271,0.0006221773293073452,-0.0009465378062357249,HOLD,1.0,0.7569151939565474,0.6160306441746733,0.542529528654386,-0.7569151939565474,-0.0028261268009792673,2.094581229662825,1.2937637137407152,-0.0044058447888121605
2026-02-20,2026-02-19,6909.51,6870.021435235104,0.006915809547171747,0.0011843123550397206,-0.0028261268009792673,0.0006265044508396564,-0.0009420132025330914,HOLD,1.0,-0.4019479384618616,-1.1588631324184089,-1.7748937765930823,0.4019479384618616,0.006915809547171747,2.1091171604568957,1.3027421479692327,0.005731497192132027
2026-02-23,2026-02-20,6837.75,6916.997811737272,-0.010439993392095559,0.001083109715228042,0.006915809547171747,0.0006332408665885308,-0.000940888962992347,HOLD,1.0,0.990982794152673,1.3929307326145346,2.5517938650329435,-0.990982794152673,-0.010439993392095559,2.0872125322800255,1.2892122773216383,-0.011523103107323601
2026-02-24,2026-02-23,6890.07,6842.780809907428,0.007622514474642017,0.0007354700200017687,-0.010439993392095559,0.000637166168299444,-0.0009397647234516031,HOLD,1.0,-1.5223373671754372,-2.51332016132811,-3.906250893942645,1.5223373671754372,0.007622514474642017,2.1031831307501188,1.2990768652854368,0.006887044454640248
2026-02-25,2026-02-24,6946.13,6895.844682135582,0.00810342532877506,0.0008377655899485153,0.007622514474642017,0.0006378118369660681,-0.000938546825329615,HOLD,1.0,1.1160111366933445,2.638348503868782,5.151668665196892,-1.1160111366933445,0.00810342532877506,2.120295358392196,1.309646605370501,0.007265659738826545
2026-02-26,2026-02-25,6908.86,6953.108127641308,-0.00538002407756899,0.0010041022628027702,0.00810342532877506,0.0006434869446948509,-0.0009367669757201594,HOLD,1.0,1.1826619983498294,0.06665086165648493,-2.571697642212297,-1.1826619983498294,-0.00538002407756899,2.1089187489697885,1.3026195947930783,-0.006384126340371761
2026-02-27,2026-02-26,6878.88,6910.07129015622,-0.004348797881100097,0.0001753088041165497,-0.00538002407756899,0.0006476046890211851,-0.0009349871261107041,HOLD,1.0,-0.7844221410075243,-1.9670841393573537,-2.033735001013839,0.7844221410075243,-0.004348797881100097,2.099767400687419,1.2969670652220775,-0.004524106685216647
2026-03-02,2026-02-27,6881.62,6883.384530978716,0.00039824134823795987,0.0006546206301201783,-0.004348797881100097,0.0006462996651489869,-0.0009334306375554406,HOLD,1.0,-0.6351981946000463,0.14922394640747794,2.1163080857648318,0.6351981946000463,0.00039824134823795987,2.1006037814176963,1.2974836739954112,-0.00025637928188221846
2026-03-03,2026-03-02,6816.63,6897.0724896532965,-0.009488874510841683,0.002242955366506992,0.00039824134823795987,0.0006480456294861681,-0.0009324325516356577,HOLD,1.0,0.05822382182824262,0.6934220164282889,0.544198070020811,-0.05822382182824262,-0.009488874510841683,2.0807656851911793,1.2852302418133155,-0.011731829877348676
2026-03-04,2026-03-03,6869.5,6825.901556842846,0.007726108548736121,0.0013592137546641439,-0.009488874510841683,0.0006498897581709499,-0.000931434465715875,HOLD,1.0,-1.367193986900765,-1.4254178087290077,-2.1188398251572966,1.367193986900765,0.007726108548736121,2.0969041703042115,1.2951985286184766,0.006366894794071978
2026-03-05,2026-03-04,6830.71,6872.728482387695,-0.0056627020540442885,0.0004698630140269722,0.007726108548736121,0.0006537335916296981,-0.0009305997305698991,HOLD,1.0,1.1018553946288911,2.469049381529656,3.8944671902586636,-1.1018553946288911,-0.0056627020540442885,2.0850635832504083,1.2878849321521963,-0.006132565068071261
2026-03-06,2026-03-05,6740.02,6852.066136184899,-0.013365729048958386,0.0031216111868429767,-0.0056627020540442885,0.0006516638351519103,-0.0009299827964556663,HOLD,1.0,-0.803739116535605,-1.9055945111644963,-4.374643892694152,0.803739116535605,-0.013365729048958386,2.0573806020720267,1.2707859359282483,-0.01648734023580136
2026-03-09,2026-03-06,6795.99,6770.499717380851,0.008269840075943335,0.004512005419147864,-0.013365729048958386,0.0006553082807311675,-0.0009293658623414333,HOLD,1.0,-1.8463947439101396,-1.0426556273745344,0.8629388837899619,1.8463947439101396,0.008269840075943335,2.0744653573543514,1.2813387071119993,0.003757834656795471
2026-03-10,2026-03-09,6781.48,6793.146764152754,-0.0021373651385516723,-0.00041845717473894424,0.008269840075943335,0.0006582881000454548,-0.0009282291713508895,HOLD,1.0,1.1295309252435863,2.975925669153726,4.018581296528261,-1.1295309252435863,-0.0021373651385516723,2.070036202465189,1.278602943133508,-0.001718907963812728
2026-03-11,2026-03-10,6775.8,6785.393318425178,-0.0008379262407114396,0.0005768932077216533,-0.0021373651385516723,0.0006566835819531464,-0.0009267026627031126,HOLD,1.0,-0.2939791079310094,-1.4235100331745958,-4.399435702328322,0.2939791079310094,-0.0008379262407114396,2.068302391316295,1.2775320169172546,-0.001414819448433093
2026-03-12,2026-03-11,6672.62,6779.227211293486,-0.015344854576946787,0.0005056738452963968,-0.0008379262407114396,0.000655079063860838,-0.0009251761540553355,HOLD,1.0,-0.11534782227750973,0.17863128565349967,1.6021413188280955,0.11534782227750973,-0.015344854576946787,2.036806857100996,1.258078114277636,-0.015850528422243184
2026-03-13,2026-03-12,6632.19,6683.846165682843,-0.006077520001309011,0.0016810087619212252,-0.015344854576946787,0.0006531422326360443,-0.0009231043769920317,HOLD,1.0,-2.0736358756110747,-1.958288053333565,-2.1369193389870644,2.0736358756110747,-0.006077520001309011,2.0244656626027924,1.2504553067207467,-0.007758528763230237
2026-03-16,2026-03-13,6699.38,6631.463230568126,0.010079918404358068,-0.00010958812326694644,-0.006077520001309011,0.0006564543650828163,-0.0009208144925625165,HOLD,1.0,-0.8174242277045579,1.2562116479065168,3.214499701240082,0.8174242277045579,0.010079918404358068,2.0449753054010658,1.2631235342682938,0.010189506527625014
2026-03-17,2026-03-16,6716.09,6693.615915570901,0.002491155157688496,-0.0008607610756135591,0.010079918404358068,0.0006548498469905084,-0.0009185246081330014,HOLD,1.0,1.3344925194665052,2.151916747171063,0.8957050992645463,-1.3344925194665052,0.002491155157688496,2.050076006861987,1.2662740936122379,0.003351916233302055
2026-03-18,2026-03-17,6624.7,6722.938125046463,-0.01370105213122308,0.0010191400115358773,0.002491155157688496,0.0006528465531392178,-0.0009179335674511557,HOLD,1.0,0.3361603162243271,-0.998332203242178,-3.150248950413241,-0.3361603162243271,-0.01370105213122308,2.02217935177441,1.2490431170447371,-0.014720192142758957
2026-03-19,2026-03-18,6606.49,6634.339815444563,-0.002752588617910945,0.0014540746957885306,-0.01370105213122308,0.0006562251482124867,-0.0009176256673939216,HOLD,1.0,-1.8163624595046564,-2.1525227757289835,-1.1541905724868056,1.8163624595046564,-0.002752588617910945,2.016620777650931,1.2456097426788961,-0.0042066633136994755
2026-03-20,2026-03-19,6506.48,6601.227295501927,-0.01525389582947767,-0.0007969136011688194,-0.002752588617910945,0.0006592049675267736,-0.0009173177673366875,HOLD,1.0,-0.3693592641122847,1.4470031953923717,3.599525971121355,0.3693592641122847,-0.01525389582947767,1.9860928809958425,1.2267535224522224,-0.014456982228308851
2026-03-23,2026-03-20,6581.0,6513.141094810176,0.011388106093258799,0.001023239515629537,-0.01525389582947767,0.0006576004494344652,-0.0009168890101027523,HOLD,1.0,-1.9988841155398043,-1.6295248514275196,-3.0765280468198912,1.9988841155398043,0.011388106093258799,2.008839994871826,1.2408037727401102,0.01036486657762926
2026-03-24,2026-03-23,6556.37,6589.563763285548,-0.0037496133331575976,0.0013004400793077138,0.011388106093258799,0.0006611227769372821,-0.0009164602528688172,HOLD,1.0,1.4667076298872948,3.465591745427099,5.095116596854618,-1.4667076298872948,-0.0037496133331575976,2.0013217257525926,1.2361599500805485,-0.0050500534124653116
2026-03-25,2026-03-24,6591.9,6562.699123408478,0.005404526448369751,0.0009648739312166775,-0.0037496133331575976,0.0006652780306600493,-0.0009157387541923762,HOLD,1.0,-0.48349593813226793,-1.9502035680195626,-5.415795313446662,0.48349593813226793,0.005404526448369751,2.0121672028864297,1.242858895232569,0.0044396525171530735
2026-03-26,2026-03-25,6477.16,6589.5041399741285,-0.017559479899018626,-0.0003635212192591822,0.005404526448369751,0.0006707010210169537,-0.0009132608068608987,HOLD,1.0,0.6930742254657565,1.1765701635980244,3.126773731617587,-0.6930742254657565,-0.017559479899018626,1.9771429966850034,1.2212254314908586,-0.017195958679759444
2026-03-27,2026-03-26,6368.85,6482.200843574862,-0.016863223156244445,0.0007779463647837452,-0.017559479899018626,0.0006677240636681141,-0.0009107828595294216,HOLD,1.0,-2.17176672034304,-2.8648409458087967,-4.0414111094068215,2.17176672034304,-0.016863223156244445,1.94408153796375,1.2008043014763499,-0.01764116952102819
2026-03-30,2026-03-27,6343.72,6382.334461986498,-0.003953572367091596,0.00211501402922209,-0.016863223156244445,0.0006732526987445298,-0.0009089760034314279,HOLD,1.0,-2.0223105149804543,0.14945620536258586,3.0142971511713825,2.0223105149804543,-0.003953572367091596,1.936410644623659,1.1960662071428194,-0.006068586396313686
2026-03-31,2026-03-30,6528.52,6345.819825071344,0.028714924185273105,0.00033095370193975343,-0.003953572367091596,0.0006758280147758501,-0.0009088468754171452,HOLD,1.0,-0.4758727463853515,1.5464377685951027,1.3969815632325169,0.4758727463853515,0.028714924185273105,1.99282055665106,1.2309090178406432,0.02838397048333335
2026-04-01,2026-03-31,6575.32,6519.7651609545865,0.00714297472893044,-0.0013419143207220755,0.028714924185273105,0.00067473044227389,-0.0009087177474028624,EXIT,0.0,3.135134188926892,3.611006935312244,2.064569166717141,-3.135134188926892,-0.0002,2.0071061837229336,1.2306628606536143,0.008484889049652515
2026-04-02,2026-04-01,6582.69,6584.91214263046,0.0011202303039326011,0.0014577469797082952,0.00714297472893044,0.0006728274191232674,-0.0009089575565722446,ENTER,1.0,0.7789186569653107,-2.3562155319615816,-5.967222467273825,-0.7789186569653107,0.0009202303039326012,2.009355864738311,1.2317958751490936,-0.00033751667577569403
2026-04-06,2026-04-02,6611.83,6588.07381829394,0.004416992414478571,0.0008175408302940479,0.0011202303039326011,0.0006756712187041413,-0.000908828428557962,HOLD,1.0,0.12272165900661623,-0.6561969979586945,1.7000185340028873,-0.12272165900661623,0.004416992414478571,2.018250804329647,1.2372487419561062,0.0035994515841845233
2026-04-07,2026-04-06,6616.85,6623.740995430434,0.000758957090345902,0.0017998465876488923,0.004416992414478571,0.0006786877628410084,-0.0009086993005436793,HOLD,1.0,0.4828705736434448,0.3601489146368286,1.016345912595523,-0.4828705736434448,0.000758957090345902,2.019783151507012,1.2381881170889528,-0.0010408894973029904
2026-04-08,2026-04-07,6782.81,6633.961052473745,0.024772044477339605,0.002582643721496858,0.000758957090345902,0.0006849649576600629,-0.0009080803427301635,HOLD,1.0,0.08295658607778585,-0.399913987565659,-0.7600629022024876,-0.08295658607778585,0.024772044477339605,2.070442182892656,1.2692436344290892,0.022189400755842748
2026-04-09,2026-04-08,6824.66,6769.28273864555,0.006151052613166286,-0.0019963360800294523,0.024772044477339605,0.0006913568419603714,-0.000907094012567223,EXIT,0.0,2.5582115785957704,2.4752549925179848,2.875168980083644,-2.5582115785957704,-0.0002,2.0832168301780816,1.2689898110853837,0.008147388693195739
2026-04-10,2026-04-09,6816.89,6823.6490315783585,-0.0011391668601081761,-0.00014814559388290463,0.006151052613166286,0.0006878876110510158,-0.000908680853684496,HOLD,0.0,0.6329885225668018,-1.9252230560289685,-4.400478048546953,-0.6329885225668018,-0.0,2.0808450497860225,1.2689898110853837,-0.0009910212662252716
2026-04-13,2026-04-10,6886.24,6815.387982953551,0.01012186151436012,-0.0002203618579969887,-0.0011391668601081761,0.0006844820965201351,-0.0009079394384211721,HOLD,0.0,-0.11724852662835528,-0.7502370491951571,1.1749860068338114,0.11724852662835528,0.0,2.102014029218382,1.2689898110853837,0.010342223372357108
2026-04-14,2026-04-13,6967.38,6887.575710330251,0.011714039770858165,0.000193949209504454,0.01012186151436012,0.0006811020685406445,-0.0009069531082582314,HOLD,0.0,1.0343096487154835,1.1515581753438386,1.9017952245389957,-1.0343096487154835,0.0,2.1267818877784648,1.2689898110853837,0.01152009056135371
2026-04-15,2026-04-14,7022.95,6959.56324786423,0.007944100281507716,-0.0011225367717048363,0.011714039770858165,0.0006777220405611549,-0.0009059667780952908,HOLD,0.0,1.1833714072287407,0.1490617585132572,-1.0024964168305814,-1.1833714072287407,0.0,2.1437445436841047,1.2689898110853837,0.009066637053212551
2026-04-16,2026-04-15,7041.28,7019.0287920812025,0.002606614137922847,-0.0005584979266503773,0.007944100281507716,0.0006762984029909757,-0.0009077985341121805,HOLD,0.0,0.7983578205404285,-0.3850135866883122,-0.5340753452015694,-0.7983578205404285,0.0,2.1493397476205875,1.2689898110853837,0.0031651120645732242
2026-04-17,2026-04-16,7126.06,7035.33596791362,0.011968515194247686,-0.0008445257657400051,0.002606614137922847,0.0006752008304890157,-0.0009068122039492399,HOLD,0.0,0.2725697457044959,-0.5257880748359326,-0.1407744881476204,-0.2725697457044959,0.0,2.175218710508486,1.2689898110853837,0.012813040959987691
2026-04-20,2026-04-17,7109.14,7117.553564498005,-0.0023772069191974055,-0.0011944211312360919,0.011968515194247686,0.0006741032579870556,-0.0009058258737862994,HOLD,0.0,1.2503739550522346,0.9778042093477387,1.5035922841836713,-1.2503739550522346,-0.0,2.1700539068748053,1.2689898110853837,-0.0011827857879613136
2026-04-21,2026-04-20,7064.01,7108.459561282394,-0.006368401170700366,-9.571780597603699e-05,-0.0023772069191974055,0.000671126300638216,-0.000907657629803189,HOLD,0.0,-0.24871891149828124,-1.4990928665505159,-2.4768970758982545,0.24871891149828124,-0.0,2.1562780447005827,1.2689898110853837,-0.006272683364724329
2026-04-22,2026-04-21,7137.9,7058.409414055412,0.010405736514160324,-0.0007931482664531968,-0.006368401170700366,0.0006681493432893774,-0.0009066712996402483,HOLD,0.0,-0.6634823852679593,-0.4147634737696781,1.0843293927808377,0.6634823852679593,0.0,2.1788328520582914,1.2689898110853837,0.011198884780613521
2026-04-23,2026-04-22,7108.4,7132.486870747383,-0.004141432114161958,-0.0007586521040071634,0.010405736514160324,0.0006652780306600493,-0.0009058224505790622,HOLD,0.0,1.076310573014923,1.7397929582828824,2.1545564320525603,-1.076310573014923,-0.0,2.169828023027944,1.2689898110853837,-0.0033827800101547947
2026-04-24,2026-04-23,7165.08,7105.209690005605,0.007942043275907196,-0.0004489091958411961,-0.004141432114161958,0.0006630405863477898,-0.0009057984881284027,HOLD,0.0,-0.4281052374781816,-1.5044158104931045,-3.244208768775987,0.4281052374781816,0.0,2.1871295047038783,1.2689898110853837,0.008390952471748392
2026-04-27,2026-04-24,7173.91,7160.936839551346,0.0012316071238149817,-0.000578410679055795,0.007942043275907196,0.0006608031420355302,-0.0009057745256777433,HOLD,0.0,0.8167693121245565,1.244874549602738,2.7492903600958423,-0.8167693121245565,0.0,2.1898248484441494,1.2689898110853837,0.0018100178028707767
2026-04-28,2026-04-27,7138.8,7168.056636127799,-0.004906138729193543,-0.0008162568419942714,0.0012316071238149817,0.0006587465337861139,-0.0009053044391109787,HOLD,0.0,0.1266882277537442,-0.6900810843708123,-1.9349556339735503,-0.1266882277537442,-0.0,2.1791075756558267,1.2689898110853837,-0.004089881887199272
2026-04-29,2026-04-28,7135.95,7135.76304379601,-0.00039930647301922306,-0.00042550601941290165,-0.004906138729193543,0.0006571420156938061,-0.0009037190422539504,HOLD,0.0,-0.5043921401580577,-0.6310803679118019,0.059000716459010394,0.5043921401580577,-0.0,2.1782376175969635,1.2689898110853837,2.619954639367859e-05
2026-04-30,2026-04-29,7209.01,7145.821127745384,0.010186244049721793,0.0013823396592696911,-0.00039930647301922306,0.0006555374976014976,-0.0009021336453969225,ENTER,1.0,-0.041139999087671415,0.46325214107038626,1.094332508982188,0.041139999087671415,0.009986244049721793,2.200539068748057,1.281725739238091,0.008803904390452102
2026-05-01,2026-04-30,7230.12,7203.766198254748,0.002924000966883611,-0.0007276602237486653,0.010186244049721793,0.0006585173169157844,-0.0009009631736377859,HOLD,1.0,1.0482762812800757,1.0894162803677472,0.6261641392973609,-1.0482762812800757,0.002924000966883611,2.2069828633524824,1.2854789911208464,0.003651661190632276
2026-05-04,2026-05-01,7200.75,7234.151874095581,-0.0040704462796039564,0.0005574942499840284,0.002924000966883611,0.000656912798823476,-0.0009003459353425051,HOLD,1.0,0.3017086265328255,-0.7465676547472502,-1.8359839351149974,-0.3017086265328255,-0.0040704462796039564,2.1980177166195562,1.280257152760042,-0.004627940529587985
2026-05-05,2026-05-04,7259.22,7208.7631493681765,0.00808719778459377,0.001112202766482324,-0.0040704462796039564,0.0006553082807311675,-0.0008997286970472244,HOLD,1.0,-0.42580785383229286,-0.7275164803651184,0.019051174382131775,0.42580785383229286,0.00808719778459377,2.215865593006149,1.2906528248389069,0.006974995018111445
2026-05-06,2026-05-05,7365.12,7258.307705365963,0.014482958012582259,-0.00012568181769697024,0.00808719778459377,0.0006582881000454548,-0.0008988154901627976,HOLD,1.0,0.8701650364117308,1.2959728902440237,2.023489370609142,-0.8701650364117308,0.014482958012582259,2.248191402982887,1.3094813124932871,0.014608639830279229
2026-05-07,2026-05-06,7337.11,7366.833356263665,-0.0038103109376628197,0.00023260408582034505,0.014482958012582259,0.0006566835819531464,-0.0008976803068365114,HOLD,1.0,1.532802346881175,0.6626373104694441,-0.6333355797745797,-1.532802346881175,-0.0038103109376628197,2.239641394130683,1.3045012752959388,-0.004042915023483164
2026-05-08,2026-05-07,7398.93,7328.590812804979,0.0083903630375044,-0.0011617839831845602,-0.0038103109376628197,0.000655079063860838,-0.0008965451235102249,EXIT,0.0,-0.40309183475899235,-1.9358941816401671,-2.598531492109611,0.40309183475899235,-0.0002,2.258511852796991,1.304240401129166,0.009552147020688961
2026-05-11,2026-05-08,7412.84,7397.750265499491,0.001878236576624559,-0.00015945934923782044,0.0083903630375044,0.0006531422326360443,-0.0008986533211161854,HOLD,0.0,0.8831338435812572,1.2862256783402497,3.222119859980417,-0.8831338435812572,0.0,2.262757858621131,1.304240401129166,0.0020376959258623793
2026-05-12,2026-05-11,7400.96,7417.690835602093,-0.00160391021166717,0.0006541688667591899,0.001878236576624559,0.0006510724761582566,-0.000897518137789899,ENTER,1.0,0.20327615481822764,-0.6798576887630297,-1.9660833671032794,-0.20327615481822764,-0.00180391021166717,2.2591315071336573,1.3018897893348356,-0.0022580790784263597
2026-05-13,2026-05-12,7444.25,7395.759598075544,0.005832200784963604,-0.0007029128455272663,-0.00160391021166717,0.0006541914549272394,-0.0008963829544636126,HOLD,1.0,-0.17344957729127863,-0.3767257321095063,0.3031319566535234,0.17344957729127863,0.005832200784963604,2.27234571217514,1.3095048567018124,0.00653511363049087
2026-05-14,2026-05-13,7501.24,7446.213423487487,0.007626417898904947,0.00026371556653756293,0.005832200784963604,0.000652530318786526,-0.0008959960853121838,HOLD,1.0,0.6294661879896025,0.8029157652808812,1.1796414973903875,-0.6294661879896025,0.007626417898904947,2.2897418208680054,1.3195298668483602,0.007362702332367384
2026-05-15,2026-05-14,7408.5,7500.564962061102,-0.012440350542895828,-8.999422950241548e-05,0.007626417898904947,0.0006506186794850841,-0.000895733935189898,HOLD,1.0,0.8213771393690406,0.19191095137943803,-0.6110048139014431,-0.8213771393690406,-0.012440350542895828,2.261433080384127,1.3032161374047604,-0.012350356313393413
2026-05-18,2026-05-15,7403.05,7410.6281659500455,-0.0007359122098584692,0.0002872187811379625,-0.012440350542895828,0.0006487070401836424,-0.0008954717850676122,HOLD,1.0,-1.3176399482308538,-2.1390170875998944,-2.3309280389793323,1.3176399482308538,-0.0007359122098584692,2.259769476376825,1.3022574375398943,-0.0010231309909964318
2026-05-19,2026-05-18,7353.61,7399.344188552278,-0.0067007283473188295,-0.0005007043425461099,-0.0007359122098584692,0.0006481926096411623,-0.0008944765910807801,HOLD,1.0,-0.07815899110738675,1.239480957123467,3.3784980447233615,0.07815899110738675,-0.0067007283473188295,2.2446779934188457,1.293560534545592,-0.00620002400477272
2026-05-20,2026-05-19,7432.97,7354.807185472501,0.010734160570107676,0.0001627891648774828,-0.0067007283473188295,0.0006476781790986823,-0.0008934813970939478,HOLD,1.0,-0.7166775586391855,-0.6385185675317987,-1.8779995246552659,0.7166775586391855,0.010734160570107676,2.268902509752689,1.3075206118438898,0.010571371405230193
2026-05-21,2026-05-20,7445.72,7433.472506674934,0.0017138609811624406,6.760281417695572e-05,0.010734160570107676,0.0006467684518913437,-0.0008926225357838548,HOLD,1.0,1.1426134557757694,1.8592910144149548,2.4978095819467536,-1.1426134557757694,0.0017138609811624406,2.272794427384451,1.3097634418029793,0.0016462581669854847
2026-05-22,2026-05-21,7473.47,7443.468664678673,0.003720045391482074,-0.00030241209097252005,0.0017138609811624406,0.0006434869446948509,-0.0008925816705341974,HOLD,1.0,0.18326793833657695,-0.9593455174391925,-2.818636531854147,-0.18326793833657695,0.003720045391482074,2.281265071641812,1.3146448952433494,0.004022457482454594
2026-05-26,2026-05-22,7519.12,7472.972671351635,0.006089693785401806,-6.654809568861734e-05,0.003720045391482074,0.0006402054374983581,-0.00089254080528454,HOLD,1.0,0.399250416723932,0.21598247838735507,1.1753279958265477,-0.399250416723932,0.006089693785401806,2.295199663005723,1.3226751060380484,0.0061562418810904235
2026-05-27,2026-05-26,7520.36,7521.447120605546,0.00016489931870111718,0.000309445861376742,0.006089693785401806,0.0006377621701455585,-0.0008924742708312164,HOLD,1.0,0.6542721528946993,0.2550217361707673,0.03903925778341222,-0.6542721528946993,0.00016489931870111718,2.2955781710734393,1.3228932322458342,-0.00014454654267562482
2026-05-28,2026-05-27,7563.63,7512.3119674466425,0.005737224525953266,-0.0010707388998703101,0.00016489931870111718,0.0006374145024019917,-0.0008923435633687269,EXIT,0.0,0.01771568940489987,-0.6365564634897994,-0.8915781996605667,-0.01771568940489987,-0.0002,2.3087862711460856,1.322628680055486,0.006807963425823576
2026-05-29,2026-05-28,7580.06,7562.248420534005,0.002169881507951388,-0.00018267758492117748,0.005737224525953266,0.0006370668346584249,-0.0008925349673917319,HOLD,0.0,0.6228633512673236,0.6051476618624237,1.2417041253522232,-0.6228633512673236,0.0,2.3138015030433294,1.322628680055486,0.0023525590928725653
2026-06-01,2026-05-29,7599.96,7580.629480893158,0.002621868930305027,7.512598871482691e-05,0.002169881507951388,0.0006353136098958774,-0.0008924555983365751,HOLD,0.0,0.23643117252934984,-0.38643217873797375,-0.9915798406003975,-0.23643117252934984,0.0,2.319875947033292,1.322628680055486,0.0025467429415902
2026-06-02,2026-06-01,7609.78,7608.675011570341,0.0012912780053415673,0.0011460611051037897,0.002621868930305027,0.0006316863091080215,-0.0008923248908740854,ENTER,1.0,0.28723070778971105,0.05079953526036121,0.43723171399833494,-0.28723070778971105,0.0010912780053415672,2.32287348673085,1.3240728234809251,0.00014521690023777765
2026-06-03,2026-06-02,7553.68,7614.187257162679,-0.0073994003955917265,0.0005789893279920182,0.0012912780053415673,0.0006370171678379154,-0.0008921941834115958,HOLD,1.0,0.14493365816990675,-0.1422970496198043,-0.1930965848801655,-0.14493365816990675,-0.0073994003955917265,2.3057490491511072,1.3143116365087308,-0.007978389723583744
2026-06-04,2026-06-03,7584.31,7559.957102842287,0.004046777914474831,0.0008306542178432342,-0.0073994003955917265,0.0006347954240690413,-0.0008907653358927996,HOLD,1.0,-0.826492867056967,-0.9714265252268738,-0.8291294756070695,0.826492867056967,0.004046777914474831,2.315098808920581,1.319641140197827,0.0032161236966315966
2026-06-05,2026-06-04,7383.74,7590.437025584769,-0.02680135433175046,0.0008075292335870217,0.004046777914474831,0.0006373151687609727,-0.0008883628833317724,HOLD,1.0,0.4525224067695875,1.2790152738265546,2.2504417990534282,-0.4525224067695875,-0.02680135433175046,2.2538751289674686,1.284742721819692,-0.027608883565337482
2026-06-08,2026-06-05,7405.73,7420.727249193141,0.0029737395870199634,0.0049967790840496455,-0.02680135433175046,0.0006387990772712901,-0.0008859604307707452,HOLD,1.0,-2.7704593208577295,-3.222981727627317,-4.501997001453871,2.7704593208577295,0.0029737395870199634,2.260587542200597,1.2885688983173487,-0.002023039497029682
2026-06-09,2026-06-08,7386.65,7397.7017611330775,-0.002579708009296411,-0.0010846457474912863,0.0029737395870199634,0.0006448933049219189,-0.0008852602246279493,EXIT,0.0,0.315640391992988,3.0860997128507175,6.309081440478034,-0.315640391992988,-0.0002,2.2547634019328338,1.2883112103073453,-0.0014950622618051246
2026-06-10,2026-06-09,7266.99,7401.472314394966,-0.016332141340852147,0.0020046249339154844,-0.002579708009296411,0.0006416117977254261,-0.0008880196758230538,ENTER,1.0,-0.27493843832566167,-0.5905788303186497,-3.676678543169367,0.27493843832566167,-0.016532141340852145,2.2182373733982095,1.26718775635577,-0.01833676627476763
2026-06-11,2026-06-10,7394.3,7282.3594426832915,0.017367257579397943,0.0021127334195681215,-0.016332141340852147,0.0006473107287111965,-0.0008856172232620274,HOLD,1.0,-1.7004575239911839,-1.4255190856655222,-0.8349402553468726,1.7004575239911839,0.017367257579397943,2.2570985525118923,1.2893875492909002,0.015254524159829821
2026-06-12,2026-06-11,7431.46,7391.318306684108,0.0050129069696023265,-0.00040332345857502585,0.017367257579397943,0.0006482660997186595,-0.0008852574664028774,HOLD,1.0,1.7678621458447992,3.4683196698359833,4.8938387555015055,-1.7678621458447992,0.0050129069696023265,2.26844158460571,1.2958673568902181,0.005416230428177352
2026-06-15,2026-06-12,7554.29,7433.615937229847,0.01639327371130861,0.0002900674378075584,0.0050129069696023265,0.0006477516691761794,-0.0008852381588273742,HOLD,1.0,0.5208325374791922,-1.247029608365607,-4.71534927820159,-0.5208325374791922,0.01639327371130861,2.3059352507005446,1.3172859458951813,0.01610320627350105
2026-06-16,2026-06-15,7511.35,7558.25285654109,-0.005700403869527193,0.0005244460405556309,0.01639327371130861,0.0006472372386336993,-0.000885218851251871,HOLD,1.0,1.6756066592271135,1.1547741217479213,2.401803730113528,-1.6756066592271135,-0.005700403869527193,2.2928278826136617,1.3097982457252482,-0.006224849910082824
2026-06-17,2026-06-16,7420.1,7518.945590089343,-0.012222675763243984,0.0010107041063038115,-0.005700403869527193,0.0006439557314372066,-0.0008838823155488235,HOLD,1.0,-0.5956882386100089,-2.271294897837122,-3.4260690195850434,0.5956882386100089,-0.012222675763243984,2.2649739623079257,1.2938864469244433,-0.013233379869547795
2026-06-18,2026-06-17,7500.58,7434.241676089848,0.010787816708106135,0.0019040467320121464,-0.012222675763243984,0.0006476781790986823,-0.0008825457798457765,HOLD,1.0,-1.2629151990681844,-0.6672269604581755,1.6040679373789466,1.2629151990681844,0.010787816708106135,2.2895403568964787,1.3079202175270588,0.008883769976093988
2026-06-22,2026-06-18,7472.79,7500.562905564188,-0.0037119274964130256,-2.279084456401721e-06,0.010787816708106135,0.0006486335501061453,-0.0008806251544430494,HOLD,1.0,1.1105812127518047,2.373496411819989,3.0407233722781646,-1.1105812127518047,-0.0037119274964130256,2.2810575027014495,1.3030743118977508,-0.0037096484119566236
2026-06-23,2026-06-22,7365.46,7488.02505366327,-0.014466917855330053,0.0020366616223595774,-0.0037119274964130256,0.0006481191195636652,-0.0008751999908422404,HOLD,1.0,-0.3813110618496537,-1.4918922746014585,-3.8653886864214475,0.3813110618496537,-0.014466917855330053,2.248295187453069,1.2843585489904585,-0.01650357947768963
2026-06-24,2026-06-23,7358.22,7382.05849229193,-0.0009834498689897941,0.002251022680115243,-0.014466917855330053,0.0006500724968275293,-0.0008697748272414315,HOLD,1.0,-1.5012577509245801,-1.1199466890749266,0.3719455855265319,1.5012577509245801,-0.0009834498689897941,2.246085188735114,1.283096067639031,-0.003234472549105037
2026-06-25,2026-06-24,7357.49,7362.16039962191,-9.921369755261367e-05,0.0005353665610607856,-0.0009834498689897941,0.000653622684101635,-0.00086580460531799,HOLD,1.0,-0.10553697470524408,1.395720776219336,2.5156674652942623,0.10553697470524408,-9.921369755261367e-05,2.245862357372666,1.2829687732486232,-0.0006345802586133993
2026-06-26,2026-06-25,7354.02,7367.276863508213,-0.0004717394834852229,0.001329306608395771,-9.921369755261367e-05,0.000651711044800194,-0.0008654717375879663,HOLD,1.0,-0.01068286834842524,0.09485410635681883,-1.300866669862517,0.01068286834842524,-0.0004717394834852229,2.2448031452799455,1.2823636889545007,-0.0018010460918809939
2026-06-29,2026-06-26,7440.43,7356.991118146443,0.011681540390059197,0.0004039311999670022,-0.0004717394834852229,0.0006542592194313876,-0.0008651388698579425,HOLD,1.0,-0.054660109502890776,-0.04397724115446554,-0.13883134751128437,0.054660109502890776,0.011681540390059197,2.271179663127821,1.2974315085093229,0.011277609190092195
2026-06-30,2026-06-29,7499.36,7450.389970645652,0.007889040694017524,0.0013377332008031404,0.011681540390059197,0.0006533495927728579,-0.000864328689213265,HOLD,1.0,1.3433179782995264,1.397978087802417,1.4419553289568825,-1.3433179782995264,0.007889040694017524,2.2891679537975977,1.3077074789567913,0.0065513074932143835
2026-07-01,2026-06-30,7483.23,7504.295068944072,-0.002153166606271739,0.0006578489173968103,0.007889040694017524,0.0006543947484396841,-0.0008628820913490487,HOLD,1.0,0.9039306250616506,-0.4393873532378758,-1.8373654410402929,-0.9039306250616506,-0.002153166606271739,2.2842442964328673,1.30489479605644,-0.0028110155236685495
2026-07-02,2026-07-01,7483.24,7491.224383630942,1.3363204551808394e-06,0.0010677363175500237,-0.002153166606271739,0.000655104873211673,-0.0008614354934848324,HOLD,1.0,-0.2463560557136572,-1.1502866807753078,-0.710899327537432,0.2463560557136572,1.3363204551808394e-06,2.284247348917285,1.304896539815213,-0.0010663999970948429
2026-07-06,2026-07-02,7537.43,7486.1234600857915,0.007215421829322111,0.0003852481943060568,1.3363204551808394e-06,0.0006572032599414841,-0.0008608046334999894,HOLD,1.0,0.00015285295231923473,0.24650890866597644,1.3967955894412842,-0.00015285295231923473,0.007215421829322111,2.300788761973372,1.3143459686044257,0.006830173635016054
2026-07-07,2026-07-06,7503.85,7547.808536397235,-0.0044650529462266775,0.001375985936145325,0.007215421829322111,0.0006560733593946629,-0.0008607855769246762,HOLD,1.0,0.8746985835275356,0.8745457305752163,0.6280368219092399,-0.8746985835275356,-0.0044650529462266775,2.29053851930086,1.308490426645729,-0.0058410388823720025
2026-07-08,2026-07-07,7482.71,7513.715404550423,-0.0028211963280924124,0.0013138489100997229,-0.0044650529462266775,0.0006579845224098066,-0.0008607665203493629,HOLD,1.0,-0.5401022753345727,-1.4148008588621082,-2.2893465894373244,0.5401022753345727,-0.0028211963280924124,2.284085567243179,1.3048041206002596,-0.004135045238192135
2026-07-09,2026-07-08,7543.64,7494.626331969081,0.008109798313078898,0.0015912488334877094,-0.0028211963280924124,0.0006588659549942828,-0.0008604034348377257,HOLD,1.0,-0.34075403216411027,0.1993482431704624,1.6141491020325707,0.34075403216411027,0.008109798313078898,2.3026843547963702,1.3154288428022667,0.006518549479591188
2026-07-10,2026-07-09,7575.39,7553.133859368715,0.00420001106853185,0.001257733699752836,0.008109798313078898,0.0006617620467407841,-0.0008599027377515589,HOLD,1.0,0.983244704174418,1.3239987363385284,1.1246504931680659,-0.983244704174418,0.00420001106853185,2.312375992820558,1.3209652769055606,0.0029422773687790144
2026-07-13,2026-07-10,7515.34,7582.902336497566,-0.007958570189483538,0.0009911851474875303,0.00420001106853185,0.0006660229451830637,-0.0008594020406653923,HOLD,1.0,0.5155277742395395,-0.46771692993487846,-1.7917156662734068,-0.5155277742395395,-0.007958570189483538,2.294045823896071,1.3104940054755516,-0.00894975533697107
2026-07-14,2026-07-13,7543.59,7532.030517586065,0.0037519309990230454,0.002218397481667661,-0.007958570189483538,0.0006715515802594794,-0.0008564239200552005,HOLD,1.0,-0.9718737652313603,-1.4874015394708997,-1.0196846095360212,0.9718737652313603,0.0037519309990230454,2.302669092374284,1.3154201240084027,0.0015335335173553843
2026-07-15,2026-07-14,7572.4,7551.586161698335,0.0038118621254454865,0.0010594328096056728,0.0037519309990230454,0.0006752008304890157,-0.0008530328955243371,HOLD,1.0,0.4579027882283426,1.429776553459703,2.9171780929306026,-0.4579027882283426,0.0038118621254454865,2.311463299979855,1.320443893032526,0.0027524293158398138
2026-07-16,2026-07-15,7533.77,7580.1880760401755,-0.005114477621599889,0.0010279533353497313,0.0038118621254454865,0.0006772391794212271,-0.0008496418709934738,HOLD,1.0,0.4718810449808121,0.013978256752469498,-1.4157982967072333,-0.4718810449808121,-0.005114477621599889,2.2996715526767253,1.313707752893621,-0.00614243095694962
2026-07-17,2026-07-16,7457.69,7545.39851897098,-0.010149865742796749,0.0015423292420254286,-0.005114477621599889,0.0006835163742402805,-0.0008495377568449165,HOLD,1.0,-0.6310144654973976,-1.1028955104782097,-1.1168737672306792,0.6310144654973976,-0.010149865742796749,2.276448251231678,1.3004412361509872,-0.011692194984822178
2026-07-20,2026-07-17,7443.28,7471.855023713069,-0.0019341028794794823,0.0018975833410929607,-0.010149865742796749,0.000689870028713505,-0.0008494336426963593,HOLD,1.0,-1.2411865333774716,-0.610172067880074,0.4927234425981356,1.2411865333774716,-0.0019341028794794823,2.272049621186685,1.2979284797595398,-0.003831686220572443
2026-07-21,2026-07-20,7509.2,7448.712934488877,0.008817323558327317,0.0007296450856256515,-0.0019341028794794823,0.0006963128861165933,-0.000849149933828112,HOLD,1.0,-0.23909616973330605,1.0020903636441656,1.6122624315242398,0.23909616973330605,0.008817323558327317,2.292171598463989,1.3094233375891178,0.008087678472701665
2026-07-22,2026-07-21,7498.96,7515.2661620571225,-0.001364591207581256,0.0008075045490891822,0.008817323558327317,0.000697572413261474,-0.0008477886566417235,HOLD,1.0,1.0844470233848897,1.3235431931181958,0.3214528294740302,-1.0844470233848897,-0.001364591207581256,2.2890458544209165,1.3076377286058845,-0.0021720957566704383
2026-07-23,2026-07-22,7408.3,7504.7422775093855,-0.012163350976322818,0.0007707801299582631,-0.001364591207581256,0.0006985682425865412,-0.0008464273794553348,HOLD,1.0,-0.1688224156114904,-1.25326943899638,-2.576812632114576,0.1688224156114904,-0.012163350976322818,2.261372030695783,1.291828811572666,-0.012934131106281081
2026-07-24,2026-07-23,7411.98,7421.163471848834,0.0004966168082702893,0.0017348537389147798,-0.012163350976322818,0.0006998332661010006,-0.0008454536996537088,HOLD,1.0,-1.473823679016514,-1.3050012634050236,-0.051731824408643545,1.473823679016514,0.0004966168082702893,2.262495344961265,1.2924705148010167,-0.0012382369306444905
2026-07-27,2026-07-24,7413.18,7420.120912599142,0.00016188695469310233,0.0010977424526199611,0.0004966168082702893,0.000701061473684597,-0.0008454490133139888,HOLD,1.0,0.06040130580329119,1.5342249848198053,2.839226248224829,-0.06040130580329119,0.00016188695469310233,2.262861643091312,1.2926797658537392,-0.0009358554979268588
2026-07-28,2026-07-27,7428.78,7420.477443589842,0.0021021490079125016,0.000983903559360618,0.00016188695469310233,0.0007031071547319539,-0.0008454443269742687,HOLD,1.0,0.019691670380421487,-0.040709635422869705,-1.574934620242675,-0.019691670380421487,0.0021021490079125016,2.2676235187819365,1.2954000295391372,0.0011182454485518835
2026-07-29,2026-07-28,7316.15,7431.362479709978,-0.015277412729497897,0.0003475713290774007,0.0021021490079125016,0.0007070072121353981,-0.0008453042665669794,HOLD,1.0,0.2586427084709282,0.2389510380905067,0.2796606735133764,-0.2586427084709282,-0.015277412729497897,2.233243386792511,1.2757600744823192,-0.015624984058575297
2026-07-30,2026-07-29,7437.63,7324.712342748577,0.016468016385045914,0.001169650191948198,-0.015277412729497897,0.000704907181225851,-0.0008449837074029312,HOLD,1.0,-1.8249002807727843,-2.0835429892437123,-2.322494027334219,1.8249002807727843,0.016468016385045914,2.2703249674910424,1.2969432560529695,0.015298366193097716
2026-07-31,2026-07-30,7489.72,7427.89433381936,0.006979163942201438,-0.0013098317091195992,0.016468016385045914,0.0007081671188254788,-0.0008446631482388829,EXIT,0.0,1.912512041092658,3.7374123218654423,5.820955311109154,-1.912512041092658,-0.0002,2.2862253588195465,1.2966838933388949,0.008288995651321037
2026-08-03,2026-07-31,7600.5,7492.307093450987,0.014682620949146852,0.0003453596046200032,0.006979163942201438,0.0007067072077197487,-0.0008452584724006868,HOLD,0.0,0.8119663217020366,-1.1005457193906212,-4.837958041256064,-0.8119663217020366,0.0,2.3200407811918136,1.2966838933388949,0.014337261344526848
2026-08-04,2026-08-03,7736.52,7610.697738355324,0.017737939490634957,0.0013408201061510458,0.014682620949146852,0.0007046071768102017,-0.0008449379132366386,ENTER,1.0,1.7070989119329074,0.8951325902308708,1.9956783096214918,-1.7070989119329074,0.01753793949063496,2.3615606742327606,1.3196256444894907,0.01639711938448391
2026-08-05,2026-08-04,7723.55,7749.0693639018355,-0.0016778711924096967,0.0016207799850716561,0.017737939490634957,0.0007080804876777681,-0.0008446173540725903,HOLD,1.0,2.001402950958425,0.2943040390255176,-0.6008285512053532,-2.001402950958425,-0.0016778711924096967,2.3576016019438244,1.3174133391365632,-0.003298651177481353
2026-08-06,2026-08-05,7709.96,7713.107975934708,-0.001761103405828024,-0.0013528868326607283,-0.0016778711924096967,0.0007092066925980077,-0.0008442348227468106,EXIT,0.0,-0.19037756360614977,-2.1917805145645746,-2.486084553590092,0.19037756360614977,-0.0002,2.353453275621028,1.3171498828152464,-0.0004082165731672956
2026-08-07,2026-08-06,7757.64,7699.635131952214,0.006165164734458273,-0.0013400572181749052,-0.001761103405828024,0.0007086002745640324,-0.0008448921190703459,HOLD,0.0,-0.19972202326745986,-0.00934445966131009,2.1824360549032646,0.19972202326745986,0.0,2.368007521321605,1.3171498828152464,0.007505221952633178
2026-08-10,2026-08-07,7753.11,7756.235792088887,-0.0005841110363835611,-0.0001810260612843316,0.006165164734458273,0.0007079938565300575,-0.0008454423185429601,HOLD,0.0,0.6973338834031246,0.8970559066705845,0.9064003663318947,-0.6973338834031246,-0.0,2.366624745880675,1.3171498828152464,-0.0004030849750992295
2026-08-11,2026-08-10,7728.2,7756.5612145920495,-0.0032180766998877175,0.0004450403366081893,-0.0005841110363835611,0.0007061071988884495,-0.0008451668840681017,HOLD,0.0,-0.06624275246617421,-0.7635766358692988,-1.6606325425398833,0.06624275246617421,-0.0,2.3590210071977586,1.3171498828152464,-0.0036631170364959066
2026-08-12,2026-08-11,7748.5,7726.95993112492,0.002623299752730901,-0.00016047312137404347,-0.0032180766998877175,0.0007040071679789025,-0.0008448463249040533,HOLD,0.0,-0.3663581401182546,-0.3001153876520804,0.4634612482172184,0.3663581401182546,0.0,2.365217550564405,1.3171498828152464,0.0027837728741049446
2026-08-13,2026-08-12,7798.99,7748.384134791299,0.006494961886618356,-1.4953355486783406e-05,0.002623299752730901,0.0007019071370693554,-0.0008445257657400051,HOLD,0.0,0.3042669435105737,0.6706250836288283,0.9707404712809087,-0.3042669435105737,0.0,2.3806295443861782,1.3171498828152464,0.006509915242105139
2026-08-14,2026-08-13,7785.76,7804.832183780265,-0.0016978139755909893,0.0007488144871741303,0.006494961886618356,0.0007012493988812098,-0.0008441184455495329,ENTER,1.0,0.7507671992991706,0.44650025578859687,-0.22412482784023147,-0.7507671992991706,-0.0018978139755909894,2.3765911075023958,1.3146525478478468,-0.00244662846276512
2026-08-17,2026-08-14,7745.06,7783.4701984699905,-0.005241203383949511,-0.0002941444782214534,-0.0016978139755909893,0.0007037071635632531,-0.0008437111253590606,HOLD,1.0,-0.19740016945911665,-0.9481673687582872,-1.394667624546884,0.19740016945911665,-0.005241203383949511,2.364167495924935,1.3077802118527226,-0.0049470589057280575
2026-08-18,2026-08-17,7691.76,7748.046956213373,-0.006905594780615587,0.0003855851842785662,-0.005241203383949511,0.000701813174471049,-0.0008433198328066801,HOLD,1.0,-0.613726463720794,-0.41632629426167733,0.5318410744966099,0.613726463720794,-0.006905594780615587,2.347897753981968,1.298780322208001,-0.007291179964894153
2026-08-19,2026-08-18,7707.98,7692.1039693577895,0.002106529850241401,4.471820064620317e-05,-0.006905594780615587,0.0007011554362829033,-0.0008430247060828499,HOLD,1.0,-0.8034716508485353,-0.18974518712774135,0.22658110713393598,0.8034716508485353,0.002106529850241401,2.3528488837064514,1.3015191253981961,0.0020618116495951977
2026-08-20,2026-08-19,7641.16,7705.200376391398,-0.008706731728175043,-0.0003606813870800136,0.002106529850241401,0.0007004976980947578,-0.0008427295793590198,HOLD,1.0,0.24531317795873817,1.0487848288072734,1.2385300159350148,-0.24531317795873817,-0.008706731728175043,2.332452182831609,1.290236336916764,-0.00834605034109503
2026-08-21,2026-08-20,7674.37,7647.533949798166,0.004336781299793202,0.0008338122521626592,-0.008706731728175043,0.0006998332661010006,-0.0008417204443646793,HOLD,1.0,-1.0081185555080645,-1.2534317334668026,-2.302216562274076,1.0081185555080645,0.004336781299793202,2.342589483580687,1.2958439604646284,0.0035029690476305426
2026-08-24,2026-08-21,7652.86,7674.638548433068,-0.0028067712327999317,3.499228399639673e-05,0.004336781299793202,0.000701061473684597,-0.0008389262886940639,HOLD,1.0,0.5012144320601817,1.5093329875682462,2.7627647210350488,-0.5012144320601817,-0.0028067712327999317,2.3360235895995745,1.2922119224485307,-0.0028417635167963286
2026-08-25,2026-08-24,7677.28,7658.796545420039,0.0031858835803131313,0.0007754282758229648,-0.0028067712327999317,0.0007004037354964513,-0.0008361321330234477,HOLD,1.0,-0.3251413857907858,-0.8263558178509675,-2.3356888054192138,0.3251413857907858,0.0031858835803131313,2.3434777565460525,1.2963353240456061,0.0024104553044901663
2026-08-26,2026-08-25,7675.7,7677.877060026459,-0.00020582323504214628,7.776671048379609e-05,0.0031858835803131313,0.0007016252492744359,-0.0008332998301011495,HOLD,1.0,0.36884762876994637,0.6939890145607321,1.5203448324116997,-0.36884762876994637,-0.00020582323504214628,2.3429954640081587,1.296068535572087,-0.00028358994552594237
2026-08-27,2026-08-26,7730.99,7676.179159463426,0.007177432317728716,6.242355852392739e-05,-0.00020582323504214628,0.0007009675110862903,-0.000830416664176609,HOLD,1.0,-0.023844928750764088,-0.3926925575207105,-1.0866815720814427,0.023844928750764088,0.007177432317728716,2.3598726503501197,1.3054044436106722,0.007115008759204788
2026-08-28,2026-08-27,7711.76,7732.020106269684,-0.0024904903517271038,0.0001332348959391957,0.007177432317728716,0.0007003097728981447,-0.0008275334982520683,HOLD,1.0,0.8270761325063085,0.8509210612570726,1.243613618777783,-0.8270761325063085,-0.0024904903517271038,2.3540027228161016,1.3021573914930746,-0.0026237252476662993
2026-08-31,2026-08-28,7686.14,7712.331799510845,-0.003327729579037708,7.414368619413855e-05,-0.0024904903517271038,0.0006996386470987763,-0.0008259936604267196,HOLD,1.0,-0.28866531569279064,-1.115741448199099,-1.9666625094561716,0.28866531569279064,-0.003327729579037708,2.346182257739574,1.2978313657388938,-0.0034018732652318466
2026-09-01,2026-08-31,7631.47,7690.081663938809,-0.007138219622845554,0.0005126960460504734,-0.003327729579037708,0.0006989574805909904,-0.0008254613186757643,HOLD,1.0,-0.3857563136502162,-0.09709099795742554,1.0186504502416736,0.3857563136502162,-0.007138219622845554,2.3294943254314693,1.288600146848145,-0.007650915668896027
2026-09-02,2026-09-01,7666.6,7638.98889680828,0.004592744280895289,0.000984763780409817,-0.007138219622845554,0.0006982763140832046,-0.0008249289769248089,HOLD,1.0,-0.9004174253348654,-0.5146611116846491,-0.4175701137272236,0.9004174253348654,0.004592744280895289,2.3402177031886273,1.2945319690473778,0.003607980500485472
2026-09-03,2026-09-02,7747.71,7669.500062155889,0.010524084259268207,0.00037820073926276925,0.004592744280895289,0.0006995413375976639,-0.0008238473976583118,HOLD,1.0,0.5785175957105997,1.478935021045465,1.9935961327301142,-0.5785175957105997,0.010524084259268207,2.364976404295457,1.3082276735329945,0.010145883520005438
2026-09-04,2026-09-03,7718.6,7758.741264392259,-0.003764315389284789,0.0014227970107538223,0.010524084259268207,0.0006988601710898782,-0.0008225461233855984,HOLD,1.0,1.310560054393593,0.7320424586829932,-0.7468925623624718,-1.310560054393593,-0.003764315389284789,2.3560906221573736,1.3033123491885688,-0.005187112400038611
2026-09-08,2026-09-04,7673.52,7722.052300487774,-0.005857559438846138,0.00044717029800503286,-0.003764315389284789,0.0007001218477015319,-0.0008212448491128844,HOLD,1.0,-0.48670115430938227,-1.7972612087029751,-2.5293036673859683,0.48670115430938227,-0.005857559438846138,2.342330022405235,1.295700435020012,-0.0063047297368511715
2026-09-09,2026-09-08,7636.36,7679.0627509652595,-0.004854391147842918,0.000722061075453992,-0.005857559438846138,0.0006994440280965517,-0.0008201487488555155,HOLD,1.0,-0.783251901390226,-0.2965507470808438,1.5007104616221314,0.783251901390226,-0.004854391147842918,2.3309869903114153,1.2894258402883456,-0.00557645222329691
2026-09-10,2026-09-09,7591.7,7641.019055896828,-0.005865504606717309,0.0006099287088730796,-0.004854391147842918,0.0007006856232913708,-0.0008190868442673709,HOLD,1.0,-0.6482279713372779,0.1350239300529481,0.4315746771337919,0.6482279713372779,-0.005865504606717309,2.317354594904794,1.2818848445747755,-0.006475433315590388
2026-09-11,2026-09-10,7656.98,7599.971264740369,0.008562104890909694,0.001088921082286727,-0.005865504606717309,0.0007000278851032252,-0.0008180249396792261,HOLD,1.0,-0.8109770704458281,-0.16274909910855018,-0.2977730291614983,0.8109770704458281,0.008562104890909694,2.3372812131794083,1.2929075987212573,0.007473183808622967
2026-09-14,2026-09-11,7619.98,7660.392947063533,-0.004843905115350822,0.0004456308704906184,0.008562104890909694,0.00070124939888121,-0.0008174061054894922,HOLD,1.0,1.1771445431489862,1.9881216135948143,2.1508707127033646,-1.1771445431489862,-0.004843905115350822,2.3259870208362607,1.2866600205438707,-0.00528953598584144
2026-09-15,2026-09-14,7585.73,7630.107550435664,-0.004504894269672377,0.001328195905893496,-0.004843905115350822,0.0007005916606930644,-0.000816787271299758,HOLD,1.0,-0.6804490110159787,-1.8575935541649649,-3.845715167759779,0.6804490110159787,-0.004504894269672377,2.315532261707805,1.280876789393181,-0.0058330901755658734
2026-09-16,2026-09-15,7551.81,7587.233787739319,-0.004481581125117984,0.00019821938090425293,-0.004504894269672377,0.000701813174471049,-0.0008161617517665669,HOLD,1.0,-0.6421764068751793,0.03827260414079936,1.8958661583057643,0.6421764068751793,-0.004481581125117984,2.3051782345651146,1.2751492798856965,-0.004679800506022237
2026-09-17,2026-09-16,7637.76,7555.230722234099,0.01131709684306692,0.0004528646417858641,-0.004481581125117984,0.0007011554362829033,-0.0008154961201726349,HOLD,1.0,-0.638129770514284,0.004046636360895306,-0.034225967779904054,0.638129770514284,0.01131709684306692,2.331414338129807,1.289662235138302,0.010864232201281056
2026-09-18,2026-09-17,7650.5,7643.024907453517,0.0016666387082597822,0.0006890886422047708,0.01131709684306692,0.0007004976980947578,-0.0008148304885787029,HOLD,1.0,1.6402471976439157,2.2783769681581996,2.2743303317973043,-1.6402471976439157,0.0016666387082597822,2.335303203277149,1.2918134282728932,0.0009775500660550115
2026-09-21,2026-09-18,7764.7,7654.370808913888,0.014816815774379322,0.0005058270722764214,0.0016666387082597822,0.0006998332661010008,-0.000813220727097581,HOLD,1.0,0.24161994040801166,-1.398627257235904,-3.6770042253941035,-0.24161994040801166,0.014816815774379322,2.370162575320055,1.3110964938906653,0.0143109887021029
2026-09-22,2026-09-21,7764.64,7784.898121817999,-7.727308437566194e-06,0.0025978977745463924,0.014816815774379322,0.0006991520995932149,-0.0008092506408984802,HOLD,1.0,2.076624084332679,1.8350041439246672,3.2336314011605714,-2.076624084332679,-7.727308437566194e-06,2.370144260413551,1.3110863626828093,-0.0026056250829839585
2026-09-23,2026-09-22,7706.03,7761.632380724241,-0.007576954378949452,-0.00038742323200672863,-7.727308437566194e-06,0.0007004037354964513,-0.0008052805546993794,HOLD,1.0,-0.0010831979912055546,-2.0777072823238845,-3.912711426248552,0.0010831979912055546,-0.007576954378949452,2.352253649245124,1.3011898611429018,-0.0071895311469427235
2026-09-24,2026-09-23,7704.13,7702.073696986817,-0.0002465905622823783,-0.0005135353678730674,-0.007576954378949452,0.0006997359565998884,-0.0008027673213016524,HOLD,1.0,-1.0711407167136975,-1.0700575187224919,1.0076497636013926,1.0711407167136975,-0.0002465905622823783,2.35167367720588,1.3008690395608193,0.00026694480559068907
2026-09-25,2026-09-24,7743.41,7708.215584841772,0.005085610350851866,0.0005301704292809443,-0.0002465905622823783,0.0006990547900921026,-0.0008021965583057578,HOLD,1.0,-0.035181923329637606,1.03595879338406,2.1060163121065516,0.035181923329637606,0.005085610350851866,2.3636638359961193,1.3075016036367044,0.004555439921570922
2026-09-28,2026-09-25,7683.69,7748.415863910598,-0.007742258533863122,0.0006462587597869558,0.005085610350851866,0.000698373623584317,-0.0008016257953098633,HOLD,1.0,0.7238536608772885,0.7590355842069262,-0.27692320917713376,-0.7238536608772885,-0.007742258533863122,2.3454343990573943,1.2974176747514734,-0.008388517293650078
2026-09-29,2026-09-28,7670.84,7686.188387226792,-0.0016737735378367091,0.00032510175888866757,-0.007742258533863122,0.0006978270541712271,-0.0008007360280478423,HOLD,1.0,-1.0893828831481207,-1.8132365440254092,-2.5722721282323353,1.0893828831481207,-0.0016737735378367091,2.341511956581463,1.2952479077358132,-0.0019988752967253767
